"resourceId","tipo editorial","idioma","ruta","slug","canonical","alternates/hreflang","título SEO","H1","meta description","estado de indexación previsto","PDF asociado","existencia del archivo","idioma del PDF","estado HTTP esperado","autor","revisor","datePublished","dateModified","fuentes","DOI","estado de revisión editorial"
"resources","Technical guide","en","/resources","resources","https://aquaverify.com/resources","x-default=https://aquaverify.com/resources; en=https://aquaverify.com/resources; es=https://aquaverify.com/es/recursos; fr=https://aquaverify.com/fr/ressources; it=https://aquaverify.com/it/risorse; ca=https://aquaverify.com/ca/recursos","Water Microbiology Resources, Whitepapers and Checklists | AquaVerify","Whitepapers, guides and technical resources for water microbiology","Explore AquaVerify whitepapers, technical guides and checklists for water microbiology, coliphages, ISO/EPA workflows, LIMS evidence, products, industries, distributors and OEM programs.","index, follow","","not-applicable","","200","AquaVerify","","","","","","standard-resource-review"
"resources","Guía técnica","es","/es/recursos","recursos","https://aquaverify.com/es/recursos","x-default=https://aquaverify.com/resources; en=https://aquaverify.com/resources; es=https://aquaverify.com/es/recursos; fr=https://aquaverify.com/fr/ressources; it=https://aquaverify.com/it/risorse; ca=https://aquaverify.com/ca/recursos","Recursos de microbiología del agua, whitepapers y checklists | AquaVerify","Whitepapers, guías y recursos técnicos para microbiología del agua","Explora whitepapers, guías técnicas y checklists AquaVerify para microbiología del agua, colífagos, flujos ISO/EPA, evidencia LIMS, productos, sectores, distribuidores y programas OEM.","index, follow","","not-applicable","","200","AquaVerify","","","","","","standard-resource-review"
"resources","Guide technique","fr","/fr/ressources","ressources","https://aquaverify.com/fr/ressources","x-default=https://aquaverify.com/resources; en=https://aquaverify.com/resources; es=https://aquaverify.com/es/recursos; fr=https://aquaverify.com/fr/ressources; it=https://aquaverify.com/it/risorse; ca=https://aquaverify.com/ca/recursos","Ressources microbiologie de l’eau, whitepapers et checklists | AquaVerify","Whitepapers, guides et ressources techniques pour la microbiologie de l’eau","Explorez les whitepapers, guides techniques et checklists AquaVerify pour microbiologie de l’eau, coliphages, flux ISO/EPA, preuve LIMS, produits, secteurs, distributeurs et OEM.","index, follow","","not-applicable","","200","AquaVerify","","","","","","standard-resource-review"
"resources","Guida tecnica","it","/it/risorse","risorse","https://aquaverify.com/it/risorse","x-default=https://aquaverify.com/resources; en=https://aquaverify.com/resources; es=https://aquaverify.com/es/recursos; fr=https://aquaverify.com/fr/ressources; it=https://aquaverify.com/it/risorse; ca=https://aquaverify.com/ca/recursos","Risorse microbiologia dell’acqua, whitepaper e checklist | AquaVerify","Whitepaper, guide e risorse tecniche per la microbiologia dell’acqua","Esplora whitepaper, guide tecniche e checklist AquaVerify per microbiologia dell’acqua, colifagi, workflow ISO/EPA, evidenza LIMS, prodotti, settori, distributori e OEM.","index, follow","","not-applicable","","200","AquaVerify","","","","","","standard-resource-review"
"resources","Guia tècnica","ca","/ca/recursos","recursos","https://aquaverify.com/ca/recursos","x-default=https://aquaverify.com/resources; en=https://aquaverify.com/resources; es=https://aquaverify.com/es/recursos; fr=https://aquaverify.com/fr/ressources; it=https://aquaverify.com/it/risorse; ca=https://aquaverify.com/ca/recursos","Recursos de microbiologia de l’aigua, whitepapers i checklists | AquaVerify","Whitepapers, guies i recursos tècnics per a microbiologia de l’aigua","Explora whitepapers, guies tècniques i checklists AquaVerify per a microbiologia de l’aigua, colífags, fluxos ISO/EPA, evidència LIMS, productes, sectors, distribuïdors i OEM.","index, follow","","not-applicable","","200","AquaVerify","","","","","","standard-resource-review"
"iso-10705-2","Technical guide","en","/resources/iso-10705-2-somatic-coliphages","iso-10705-2-somatic-coliphages","https://aquaverify.com/resources/iso-10705-2-somatic-coliphages","x-default=https://aquaverify.com/resources/iso-10705-2-somatic-coliphages; en=https://aquaverify.com/resources/iso-10705-2-somatic-coliphages; es=https://aquaverify.com/es/recursos/iso-10705-2-colifagos-somaticos; fr=https://aquaverify.com/fr/ressources/iso-10705-2-coliphages-somatiques; it=https://aquaverify.com/it/risorse/iso-10705-2-colifagi-somatici; ca=https://aquaverify.com/ca/recursos/iso-10705-2-colifags-somatics","ISO 10705-2 and somatic coliphage testing","ISO 10705-2 and somatic coliphage testing","A practical resource for teams evaluating somatic coliphage workflows in water microbiology.","index, follow","","not-applicable","","200","AquaVerify","","","","","","standard-resource-review"
"iso-10705-2","Guía técnica","es","/es/recursos/iso-10705-2-colifagos-somaticos","iso-10705-2-colifagos-somaticos","https://aquaverify.com/es/recursos/iso-10705-2-colifagos-somaticos","x-default=https://aquaverify.com/resources/iso-10705-2-somatic-coliphages; en=https://aquaverify.com/resources/iso-10705-2-somatic-coliphages; es=https://aquaverify.com/es/recursos/iso-10705-2-colifagos-somaticos; fr=https://aquaverify.com/fr/ressources/iso-10705-2-coliphages-somatiques; it=https://aquaverify.com/it/risorse/iso-10705-2-colifagi-somatici; ca=https://aquaverify.com/ca/recursos/iso-10705-2-colifags-somatics","ISO 10705-2 y análisis de colífagos somáticos","ISO 10705-2 y análisis de colífagos somáticos","Recurso práctico para equipos que evalúan flujos de colífagos somáticos en microbiología del agua.","index, follow","","not-applicable","","200","AquaVerify","","","","","","standard-resource-review"
"iso-10705-2","Guide technique","fr","/fr/ressources/iso-10705-2-coliphages-somatiques","iso-10705-2-coliphages-somatiques","https://aquaverify.com/fr/ressources/iso-10705-2-coliphages-somatiques","x-default=https://aquaverify.com/resources/iso-10705-2-somatic-coliphages; en=https://aquaverify.com/resources/iso-10705-2-somatic-coliphages; es=https://aquaverify.com/es/recursos/iso-10705-2-colifagos-somaticos; fr=https://aquaverify.com/fr/ressources/iso-10705-2-coliphages-somatiques; it=https://aquaverify.com/it/risorse/iso-10705-2-colifagi-somatici; ca=https://aquaverify.com/ca/recursos/iso-10705-2-colifags-somatics","ISO 10705-2 et analyse des coliphages somatiques","ISO 10705-2 et analyse des coliphages somatiques","Ressource pratique pour les équipes évaluant les flux coliphages somatiques en microbiologie de l’eau.","index, follow","","not-applicable","","200","AquaVerify","","","","","","standard-resource-review"
"iso-10705-2","Guida tecnica","it","/it/risorse/iso-10705-2-colifagi-somatici","iso-10705-2-colifagi-somatici","https://aquaverify.com/it/risorse/iso-10705-2-colifagi-somatici","x-default=https://aquaverify.com/resources/iso-10705-2-somatic-coliphages; en=https://aquaverify.com/resources/iso-10705-2-somatic-coliphages; es=https://aquaverify.com/es/recursos/iso-10705-2-colifagos-somaticos; fr=https://aquaverify.com/fr/ressources/iso-10705-2-coliphages-somatiques; it=https://aquaverify.com/it/risorse/iso-10705-2-colifagi-somatici; ca=https://aquaverify.com/ca/recursos/iso-10705-2-colifags-somatics","ISO 10705-2 e analisi dei colifagi somatici","ISO 10705-2 e analisi dei colifagi somatici","Risorsa pratica per team che valutano flussi di colifagi somatici nella microbiologia dell’acqua.","index, follow","","not-applicable","","200","AquaVerify","","","","","","standard-resource-review"
"iso-10705-2","Guia tècnica","ca","/ca/recursos/iso-10705-2-colifags-somatics","iso-10705-2-colifags-somatics","https://aquaverify.com/ca/recursos/iso-10705-2-colifags-somatics","x-default=https://aquaverify.com/resources/iso-10705-2-somatic-coliphages; en=https://aquaverify.com/resources/iso-10705-2-somatic-coliphages; es=https://aquaverify.com/es/recursos/iso-10705-2-colifagos-somaticos; fr=https://aquaverify.com/fr/ressources/iso-10705-2-coliphages-somatiques; it=https://aquaverify.com/it/risorse/iso-10705-2-colifagi-somatici; ca=https://aquaverify.com/ca/recursos/iso-10705-2-colifags-somatics","ISO 10705-2 i anàlisi de colífags somàtics","ISO 10705-2 i anàlisi de colífags somàtics","Recurs pràctic per a equips que avaluen fluxos de colífags somàtics en microbiologia de l’aigua.","index, follow","","not-applicable","","200","AquaVerify","","","","","","standard-resource-review"
"epa-1602","Technical guide","en","/resources/epa-1602-coliphage-testing","epa-1602-coliphage-testing","https://aquaverify.com/resources/epa-1602-coliphage-testing","x-default=https://aquaverify.com/resources/epa-1602-coliphage-testing; en=https://aquaverify.com/resources/epa-1602-coliphage-testing; es=https://aquaverify.com/es/recursos/epa-1602-colifagos; fr=https://aquaverify.com/fr/ressources/epa-1602-coliphages; it=https://aquaverify.com/it/risorse/epa-1602-colifagi; ca=https://aquaverify.com/ca/recursos/epa-1602-colifags","EPA 1602 coliphage testing workflows","EPA 1602 coliphage testing workflows","Understand how EPA-oriented coliphage workflows can be supported with products, controls and traceability.","index, follow","","not-applicable","","200","AquaVerify","","","","","","standard-resource-review"
"epa-1602","Guía técnica","es","/es/recursos/epa-1602-colifagos","epa-1602-colifagos","https://aquaverify.com/es/recursos/epa-1602-colifagos","x-default=https://aquaverify.com/resources/epa-1602-coliphage-testing; en=https://aquaverify.com/resources/epa-1602-coliphage-testing; es=https://aquaverify.com/es/recursos/epa-1602-colifagos; fr=https://aquaverify.com/fr/ressources/epa-1602-coliphages; it=https://aquaverify.com/it/risorse/epa-1602-colifagi; ca=https://aquaverify.com/ca/recursos/epa-1602-colifags","Flujos EPA 1602 para análisis de colífagos","Flujos EPA 1602 para análisis de colífagos","Entiende cómo los flujos orientados a EPA pueden apoyarse con productos, controles y trazabilidad.","index, follow","","not-applicable","","200","AquaVerify","","","","","","standard-resource-review"
"epa-1602","Guide technique","fr","/fr/ressources/epa-1602-coliphages","epa-1602-coliphages","https://aquaverify.com/fr/ressources/epa-1602-coliphages","x-default=https://aquaverify.com/resources/epa-1602-coliphage-testing; en=https://aquaverify.com/resources/epa-1602-coliphage-testing; es=https://aquaverify.com/es/recursos/epa-1602-colifagos; fr=https://aquaverify.com/fr/ressources/epa-1602-coliphages; it=https://aquaverify.com/it/risorse/epa-1602-colifagi; ca=https://aquaverify.com/ca/recursos/epa-1602-colifags","Flux EPA 1602 pour l’analyse des coliphages","Flux EPA 1602 pour l’analyse des coliphages","Comprendre comment les flux orientés EPA peuvent être soutenus par produits, contrôles et traçabilité.","index, follow","","not-applicable","","200","AquaVerify","","","","","","standard-resource-review"
"epa-1602","Guida tecnica","it","/it/risorse/epa-1602-colifagi","epa-1602-colifagi","https://aquaverify.com/it/risorse/epa-1602-colifagi","x-default=https://aquaverify.com/resources/epa-1602-coliphage-testing; en=https://aquaverify.com/resources/epa-1602-coliphage-testing; es=https://aquaverify.com/es/recursos/epa-1602-colifagos; fr=https://aquaverify.com/fr/ressources/epa-1602-coliphages; it=https://aquaverify.com/it/risorse/epa-1602-colifagi; ca=https://aquaverify.com/ca/recursos/epa-1602-colifags","Flussi EPA 1602 per analisi dei colifagi","Flussi EPA 1602 per analisi dei colifagi","Comprendi come flussi orientati EPA possono essere supportati da prodotti, controlli e tracciabilità.","index, follow","","not-applicable","","200","AquaVerify","","","","","","standard-resource-review"
"epa-1602","Guia tècnica","ca","/ca/recursos/epa-1602-colifags","epa-1602-colifags","https://aquaverify.com/ca/recursos/epa-1602-colifags","x-default=https://aquaverify.com/resources/epa-1602-coliphage-testing; en=https://aquaverify.com/resources/epa-1602-coliphage-testing; es=https://aquaverify.com/es/recursos/epa-1602-colifagos; fr=https://aquaverify.com/fr/ressources/epa-1602-coliphages; it=https://aquaverify.com/it/risorse/epa-1602-colifagi; ca=https://aquaverify.com/ca/recursos/epa-1602-colifags","Fluxos EPA 1602 per a anàlisi de colífags","Fluxos EPA 1602 per a anàlisi de colífags","Entén com els fluxos orientats a EPA poden recolzar-se amb productes, controls i traçabilitat.","index, follow","","not-applicable","","200","AquaVerify","","","","","","standard-resource-review"
"coliphages-indicators","Technical guide","en","/resources/coliphages-water-quality-indicators","coliphages-water-quality-indicators","https://aquaverify.com/resources/coliphages-water-quality-indicators","x-default=https://aquaverify.com/resources/coliphages-water-quality-indicators; en=https://aquaverify.com/resources/coliphages-water-quality-indicators; es=https://aquaverify.com/es/recursos/colifagos-indicadores-calidad-agua; fr=https://aquaverify.com/fr/ressources/coliphages-indicateurs-qualite-eau; it=https://aquaverify.com/it/risorse/colifagi-indicatori-qualita-acqua; ca=https://aquaverify.com/ca/recursos/colifags-indicadors-qualitat-aigua","Coliphages as viral indicators in water quality | AquaVerify","Why coliphages are a key viral indicator for water quality","Technical guide to somatic and F-specific coliphages, bacterial indicators, comparison tables, checklists, AquaVerify products and ISO/EPA references.","index, follow","https://www.epa.gov/sites/default/files/2015-12/documents/method_1601_2001.pdf; https://www.epa.gov/sites/default/files/2015-12/documents/method_1602_2001.pdf","external-link; external-link","en","200","AquaVerify","","","","","","standard-resource-review"
"coliphages-indicators","Guía técnica","es","/es/recursos/colifagos-indicadores-calidad-agua","colifagos-indicadores-calidad-agua","https://aquaverify.com/es/recursos/colifagos-indicadores-calidad-agua","x-default=https://aquaverify.com/resources/coliphages-water-quality-indicators; en=https://aquaverify.com/resources/coliphages-water-quality-indicators; es=https://aquaverify.com/es/recursos/colifagos-indicadores-calidad-agua; fr=https://aquaverify.com/fr/ressources/coliphages-indicateurs-qualite-eau; it=https://aquaverify.com/it/risorse/colifagi-indicatori-qualita-acqua; ca=https://aquaverify.com/ca/recursos/colifags-indicadors-qualitat-aigua","Colífagos como indicador viral en calidad del agua | AquaVerify","Por qué los colífagos son el indicador viral clave para calidad del agua","Guía técnica sobre colífagos somáticos y F-específicos, diferencias con indicadores bacterianos, tablas, checklist, productos AquaVerify y referencias ISO/EPA.","index, follow","https://www.epa.gov/sites/default/files/2015-12/documents/method_1601_2001.pdf; https://www.epa.gov/sites/default/files/2015-12/documents/method_1602_2001.pdf","external-link; external-link","es","200","AquaVerify","","","","","","standard-resource-review"
"coliphages-indicators","Guide technique","fr","/fr/ressources/coliphages-indicateurs-qualite-eau","coliphages-indicateurs-qualite-eau","https://aquaverify.com/fr/ressources/coliphages-indicateurs-qualite-eau","x-default=https://aquaverify.com/resources/coliphages-water-quality-indicators; en=https://aquaverify.com/resources/coliphages-water-quality-indicators; es=https://aquaverify.com/es/recursos/colifagos-indicadores-calidad-agua; fr=https://aquaverify.com/fr/ressources/coliphages-indicateurs-qualite-eau; it=https://aquaverify.com/it/risorse/colifagi-indicatori-qualita-acqua; ca=https://aquaverify.com/ca/recursos/colifags-indicadors-qualitat-aigua","Coliphages comme indicateurs viraux de la qualité de l’eau | AquaVerify","Pourquoi les coliphages sont un indicateur viral clé pour la qualité de l’eau","Guide technique sur coliphages somatiques et F-spécifiques, indicateurs bactériens, tableaux comparatifs, checklists, produits AquaVerify et références ISO/EPA.","index, follow","https://www.epa.gov/sites/default/files/2015-12/documents/method_1601_2001.pdf; https://www.epa.gov/sites/default/files/2015-12/documents/method_1602_2001.pdf","external-link; external-link","fr","200","AquaVerify","","","","","","standard-resource-review"
"coliphages-indicators","Guida tecnica","it","/it/risorse/colifagi-indicatori-qualita-acqua","colifagi-indicatori-qualita-acqua","https://aquaverify.com/it/risorse/colifagi-indicatori-qualita-acqua","x-default=https://aquaverify.com/resources/coliphages-water-quality-indicators; en=https://aquaverify.com/resources/coliphages-water-quality-indicators; es=https://aquaverify.com/es/recursos/colifagos-indicadores-calidad-agua; fr=https://aquaverify.com/fr/ressources/coliphages-indicateurs-qualite-eau; it=https://aquaverify.com/it/risorse/colifagi-indicatori-qualita-acqua; ca=https://aquaverify.com/ca/recursos/colifags-indicadors-qualitat-aigua","Colifagi come indicatori virali della qualità dell’acqua | AquaVerify","Perché i colifagi sono un indicatore virale chiave per la qualità dell’acqua","Guida tecnica su colifagi somatici e F-specifici, indicatori batterici, tabelle comparative, checklist, prodotti AquaVerify e riferimenti ISO/EPA.","index, follow","https://www.epa.gov/sites/default/files/2015-12/documents/method_1601_2001.pdf; https://www.epa.gov/sites/default/files/2015-12/documents/method_1602_2001.pdf","external-link; external-link","it","200","AquaVerify","","","","","","standard-resource-review"
"coliphages-indicators","Guia tècnica","ca","/ca/recursos/colifags-indicadors-qualitat-aigua","colifags-indicadors-qualitat-aigua","https://aquaverify.com/ca/recursos/colifags-indicadors-qualitat-aigua","x-default=https://aquaverify.com/resources/coliphages-water-quality-indicators; en=https://aquaverify.com/resources/coliphages-water-quality-indicators; es=https://aquaverify.com/es/recursos/colifagos-indicadores-calidad-agua; fr=https://aquaverify.com/fr/ressources/coliphages-indicateurs-qualite-eau; it=https://aquaverify.com/it/risorse/colifagi-indicatori-qualita-acqua; ca=https://aquaverify.com/ca/recursos/colifags-indicadors-qualitat-aigua","Colífags com a indicadors virals en qualitat de l’aigua | AquaVerify","Per què els colífags són un indicador viral clau per a la qualitat de l’aigua","Guia tècnica sobre colífags somàtics i F-específics, indicadors bacterians, taules comparatives, checklists, productes AquaVerify i referències ISO/EPA.","index, follow","https://www.epa.gov/sites/default/files/2015-12/documents/method_1601_2001.pdf; https://www.epa.gov/sites/default/files/2015-12/documents/method_1602_2001.pdf","external-link; external-link","ca","200","AquaVerify","","","","","","standard-resource-review"
"presence-vs-enumeration","Technical guide","en","/resources/presence-absence-vs-enumeration","presence-absence-vs-enumeration","https://aquaverify.com/resources/presence-absence-vs-enumeration","x-default=https://aquaverify.com/resources/presence-absence-vs-enumeration; en=https://aquaverify.com/resources/presence-absence-vs-enumeration; es=https://aquaverify.com/es/recursos/presencia-ausencia-vs-enumeracion; fr=https://aquaverify.com/fr/ressources/presence-absence-vs-denombrement; it=https://aquaverify.com/it/risorse/presenza-assenza-vs-enumerazione; ca=https://aquaverify.com/ca/recursos/presencia-absencia-vs-enumeracio","Presence/Absence vs Enumeration | Water Microbiology Guide","Presence/absence vs enumeration in water microbiology","Understand when qualitative screening and quantitative enumeration workflows fit water microbiology decisions.","index, follow","","not-applicable","","200","AquaVerify","","","","","","standard-resource-review"
"presence-vs-enumeration","Guía técnica","es","/es/recursos/presencia-ausencia-vs-enumeracion","presencia-ausencia-vs-enumeracion","https://aquaverify.com/es/recursos/presencia-ausencia-vs-enumeracion","x-default=https://aquaverify.com/resources/presence-absence-vs-enumeration; en=https://aquaverify.com/resources/presence-absence-vs-enumeration; es=https://aquaverify.com/es/recursos/presencia-ausencia-vs-enumeracion; fr=https://aquaverify.com/fr/ressources/presence-absence-vs-denombrement; it=https://aquaverify.com/it/risorse/presenza-assenza-vs-enumerazione; ca=https://aquaverify.com/ca/recursos/presencia-absencia-vs-enumeracio","Presencia/Ausencia vs Enumeración | Guía microbiología del agua","Presencia/ausencia vs enumeración en microbiología del agua","Entiende cuándo encajan los flujos cualitativos y cuantitativos en decisiones de microbiología del agua.","index, follow","","not-applicable","","200","AquaVerify","","","","","","standard-resource-review"
"presence-vs-enumeration","Guide technique","fr","/fr/ressources/presence-absence-vs-denombrement","presence-absence-vs-denombrement","https://aquaverify.com/fr/ressources/presence-absence-vs-denombrement","x-default=https://aquaverify.com/resources/presence-absence-vs-enumeration; en=https://aquaverify.com/resources/presence-absence-vs-enumeration; es=https://aquaverify.com/es/recursos/presencia-ausencia-vs-enumeracion; fr=https://aquaverify.com/fr/ressources/presence-absence-vs-denombrement; it=https://aquaverify.com/it/risorse/presenza-assenza-vs-enumerazione; ca=https://aquaverify.com/ca/recursos/presencia-absencia-vs-enumeracio","Présence/absence vs dénombrement | Guide microbiologie eau","Présence/absence vs dénombrement en microbiologie de l’eau","Comprendre quand les flux qualitatifs et quantitatifs conviennent aux décisions de microbiologie de l’eau.","index, follow","","not-applicable","","200","AquaVerify","","","","","","standard-resource-review"
"presence-vs-enumeration","Guida tecnica","it","/it/risorse/presenza-assenza-vs-enumerazione","presenza-assenza-vs-enumerazione","https://aquaverify.com/it/risorse/presenza-assenza-vs-enumerazione","x-default=https://aquaverify.com/resources/presence-absence-vs-enumeration; en=https://aquaverify.com/resources/presence-absence-vs-enumeration; es=https://aquaverify.com/es/recursos/presencia-ausencia-vs-enumeracion; fr=https://aquaverify.com/fr/ressources/presence-absence-vs-denombrement; it=https://aquaverify.com/it/risorse/presenza-assenza-vs-enumerazione; ca=https://aquaverify.com/ca/recursos/presencia-absencia-vs-enumeracio","Presenza/assenza vs enumerazione | Guida microbiologia acqua","Presenza/assenza vs enumerazione nella microbiologia dell’acqua","Comprendi quando flussi qualitativi e quantitativi sono adatti alle decisioni di microbiologia dell’acqua.","index, follow","","not-applicable","","200","AquaVerify","","","","","","standard-resource-review"
"presence-vs-enumeration","Guia tècnica","ca","/ca/recursos/presencia-absencia-vs-enumeracio","presencia-absencia-vs-enumeracio","https://aquaverify.com/ca/recursos/presencia-absencia-vs-enumeracio","x-default=https://aquaverify.com/resources/presence-absence-vs-enumeration; en=https://aquaverify.com/resources/presence-absence-vs-enumeration; es=https://aquaverify.com/es/recursos/presencia-ausencia-vs-enumeracion; fr=https://aquaverify.com/fr/ressources/presence-absence-vs-denombrement; it=https://aquaverify.com/it/risorse/presenza-assenza-vs-enumerazione; ca=https://aquaverify.com/ca/recursos/presencia-absencia-vs-enumeracio","Presència/absència vs enumeració | Guia microbiologia aigua","Presència/absència vs enumeració en microbiologia de l’aigua","Entén quan encaixen els fluxos qualitatius i quantitatius en decisions de microbiologia de l’aigua.","index, follow","","not-applicable","","200","AquaVerify","","","","","","standard-resource-review"
"sample-traceability","Technical guide","en","/resources/water-sample-digital-traceability","water-sample-digital-traceability","https://aquaverify.com/resources/water-sample-digital-traceability","x-default=https://aquaverify.com/resources/water-sample-digital-traceability; en=https://aquaverify.com/resources/water-sample-digital-traceability; es=https://aquaverify.com/es/recursos/trazabilidad-digital-muestras-agua; fr=https://aquaverify.com/fr/ressources/tracabilite-numerique-echantillons-eau; it=https://aquaverify.com/it/risorse/tracciabilita-digitale-campioni-acqua; ca=https://aquaverify.com/ca/recursos/tracabilitat-digital-mostres-aigua","Water Sample Digital Traceability Guide | AquaVerify","How to digitalize water sample traceability","A practical guide to linking samples, operators, products, reports and customer context in water quality workflows.","index, follow","","not-applicable","","200","AquaVerify","","","","","","standard-resource-review"
"sample-traceability","Guía técnica","es","/es/recursos/trazabilidad-digital-muestras-agua","trazabilidad-digital-muestras-agua","https://aquaverify.com/es/recursos/trazabilidad-digital-muestras-agua","x-default=https://aquaverify.com/resources/water-sample-digital-traceability; en=https://aquaverify.com/resources/water-sample-digital-traceability; es=https://aquaverify.com/es/recursos/trazabilidad-digital-muestras-agua; fr=https://aquaverify.com/fr/ressources/tracabilite-numerique-echantillons-eau; it=https://aquaverify.com/it/risorse/tracciabilita-digitale-campioni-acqua; ca=https://aquaverify.com/ca/recursos/tracabilitat-digital-mostres-aigua","Guía de trazabilidad digital de muestras de agua | AquaVerify","Cómo digitalizar la trazabilidad de muestras de agua","Guía práctica para conectar muestras, operadores, productos, informes y contexto cliente en flujos de calidad del agua.","index, follow","","not-applicable","","200","AquaVerify","","","","","","standard-resource-review"
"sample-traceability","Guide technique","fr","/fr/ressources/tracabilite-numerique-echantillons-eau","tracabilite-numerique-echantillons-eau","https://aquaverify.com/fr/ressources/tracabilite-numerique-echantillons-eau","x-default=https://aquaverify.com/resources/water-sample-digital-traceability; en=https://aquaverify.com/resources/water-sample-digital-traceability; es=https://aquaverify.com/es/recursos/trazabilidad-digital-muestras-agua; fr=https://aquaverify.com/fr/ressources/tracabilite-numerique-echantillons-eau; it=https://aquaverify.com/it/risorse/tracciabilita-digitale-campioni-acqua; ca=https://aquaverify.com/ca/recursos/tracabilitat-digital-mostres-aigua","Guide traçabilité numérique échantillons eau | AquaVerify","Comment numériser la traçabilité des échantillons d’eau","Guide pratique pour relier échantillons, opérateurs, produits, rapports et contexte client dans les flux qualité eau.","index, follow","","not-applicable","","200","AquaVerify","","","","","","standard-resource-review"
"sample-traceability","Guida tecnica","it","/it/risorse/tracciabilita-digitale-campioni-acqua","tracciabilita-digitale-campioni-acqua","https://aquaverify.com/it/risorse/tracciabilita-digitale-campioni-acqua","x-default=https://aquaverify.com/resources/water-sample-digital-traceability; en=https://aquaverify.com/resources/water-sample-digital-traceability; es=https://aquaverify.com/es/recursos/trazabilidad-digital-muestras-agua; fr=https://aquaverify.com/fr/ressources/tracabilite-numerique-echantillons-eau; it=https://aquaverify.com/it/risorse/tracciabilita-digitale-campioni-acqua; ca=https://aquaverify.com/ca/recursos/tracabilitat-digital-mostres-aigua","Guida tracciabilità digitale campioni acqua | AquaVerify","Come digitalizzare la tracciabilità dei campioni d’acqua","Guida pratica per collegare campioni, operatori, prodotti, report e contesto cliente nei flussi qualità acqua.","index, follow","","not-applicable","","200","AquaVerify","","","","","","standard-resource-review"
"sample-traceability","Guia tècnica","ca","/ca/recursos/tracabilitat-digital-mostres-aigua","tracabilitat-digital-mostres-aigua","https://aquaverify.com/ca/recursos/tracabilitat-digital-mostres-aigua","x-default=https://aquaverify.com/resources/water-sample-digital-traceability; en=https://aquaverify.com/resources/water-sample-digital-traceability; es=https://aquaverify.com/es/recursos/trazabilidad-digital-muestras-agua; fr=https://aquaverify.com/fr/ressources/tracabilite-numerique-echantillons-eau; it=https://aquaverify.com/it/risorse/tracciabilita-digitale-campioni-acqua; ca=https://aquaverify.com/ca/recursos/tracabilitat-digital-mostres-aigua","Guia de traçabilitat digital de mostres d’aigua | AquaVerify","Com digitalitzar la traçabilitat de mostres d’aigua","Guia pràctica per connectar mostres, operadors, productes, informes i context client en fluxos de qualitat de l’aigua.","index, follow","","not-applicable","","200","AquaVerify","","","","","","standard-resource-review"
"distributor-checklist","Technical guide","en","/resources/water-testing-kit-distributor-checklist","water-testing-kit-distributor-checklist","https://aquaverify.com/resources/water-testing-kit-distributor-checklist","x-default=https://aquaverify.com/resources/water-testing-kit-distributor-checklist; en=https://aquaverify.com/resources/water-testing-kit-distributor-checklist; es=https://aquaverify.com/es/recursos/checklist-distribuidores-kits-analisis-agua; fr=https://aquaverify.com/fr/ressources/checklist-distributeurs-kits-analyse-eau; it=https://aquaverify.com/it/risorse/checklist-distributori-kit-analisi-acqua; ca=https://aquaverify.com/ca/recursos/checklist-distribuidors-kits-analisi-aigua","Water Testing Kit Distributor Checklist | AquaVerify OEM","Checklist for distributors of water testing kits","A practical checklist for scientific distributors evaluating water microbiology kits, OEM options and connected software workflows.","index, follow","","not-applicable","","200","AquaVerify","","","","","","standard-resource-review"
"distributor-checklist","Guía técnica","es","/es/recursos/checklist-distribuidores-kits-analisis-agua","checklist-distribuidores-kits-analisis-agua","https://aquaverify.com/es/recursos/checklist-distribuidores-kits-analisis-agua","x-default=https://aquaverify.com/resources/water-testing-kit-distributor-checklist; en=https://aquaverify.com/resources/water-testing-kit-distributor-checklist; es=https://aquaverify.com/es/recursos/checklist-distribuidores-kits-analisis-agua; fr=https://aquaverify.com/fr/ressources/checklist-distributeurs-kits-analyse-eau; it=https://aquaverify.com/it/risorse/checklist-distributori-kit-analisi-acqua; ca=https://aquaverify.com/ca/recursos/checklist-distribuidors-kits-analisi-aigua","Checklist distribuidores kits análisis de agua | AquaVerify OEM","Checklist para distribuidores de kits de análisis de agua","Checklist práctica para distribuidores científicos que evalúan kits de microbiología del agua, opciones OEM y flujos digitales conectados.","index, follow","","not-applicable","","200","AquaVerify","","","","","","standard-resource-review"
"distributor-checklist","Guide technique","fr","/fr/ressources/checklist-distributeurs-kits-analyse-eau","checklist-distributeurs-kits-analyse-eau","https://aquaverify.com/fr/ressources/checklist-distributeurs-kits-analyse-eau","x-default=https://aquaverify.com/resources/water-testing-kit-distributor-checklist; en=https://aquaverify.com/resources/water-testing-kit-distributor-checklist; es=https://aquaverify.com/es/recursos/checklist-distribuidores-kits-analisis-agua; fr=https://aquaverify.com/fr/ressources/checklist-distributeurs-kits-analyse-eau; it=https://aquaverify.com/it/risorse/checklist-distributori-kit-analisi-acqua; ca=https://aquaverify.com/ca/recursos/checklist-distribuidors-kits-analisi-aigua","Checklist distributeurs kits analyse eau | AquaVerify OEM","Checklist pour distributeurs de kits d’analyse de l’eau","Checklist pratique pour distributeurs scientifiques évaluant kits de microbiologie de l’eau, options OEM et flux logiciels connectés.","index, follow","","not-applicable","","200","AquaVerify","","","","","","standard-resource-review"
"distributor-checklist","Guida tecnica","it","/it/risorse/checklist-distributori-kit-analisi-acqua","checklist-distributori-kit-analisi-acqua","https://aquaverify.com/it/risorse/checklist-distributori-kit-analisi-acqua","x-default=https://aquaverify.com/resources/water-testing-kit-distributor-checklist; en=https://aquaverify.com/resources/water-testing-kit-distributor-checklist; es=https://aquaverify.com/es/recursos/checklist-distribuidores-kits-analisis-agua; fr=https://aquaverify.com/fr/ressources/checklist-distributeurs-kits-analyse-eau; it=https://aquaverify.com/it/risorse/checklist-distributori-kit-analisi-acqua; ca=https://aquaverify.com/ca/recursos/checklist-distribuidors-kits-analisi-aigua","Checklist distributori kit analisi acqua | AquaVerify OEM","Checklist per distributori di kit analisi acqua","Checklist pratica per distributori scientifici che valutano kit di microbiologia dell’acqua, opzioni OEM e flussi software collegati.","index, follow","","not-applicable","","200","AquaVerify","","","","","","standard-resource-review"
"distributor-checklist","Guia tècnica","ca","/ca/recursos/checklist-distribuidors-kits-analisi-aigua","checklist-distribuidors-kits-analisi-aigua","https://aquaverify.com/ca/recursos/checklist-distribuidors-kits-analisi-aigua","x-default=https://aquaverify.com/resources/water-testing-kit-distributor-checklist; en=https://aquaverify.com/resources/water-testing-kit-distributor-checklist; es=https://aquaverify.com/es/recursos/checklist-distribuidores-kits-analisis-agua; fr=https://aquaverify.com/fr/ressources/checklist-distributeurs-kits-analyse-eau; it=https://aquaverify.com/it/risorse/checklist-distributori-kit-analisi-acqua; ca=https://aquaverify.com/ca/recursos/checklist-distribuidors-kits-analisi-aigua","Checklist distribuïdors kits anàlisi aigua | AquaVerify OEM","Checklist per a distribuïdors de kits d’anàlisi d’aigua","Checklist pràctica per a distribuïdors científics que avaluen kits de microbiologia de l’aigua, opcions OEM i fluxos digitals connectats.","index, follow","","not-applicable","","200","AquaVerify","","","","","","standard-resource-review"
"eu-drinking-water-directive-coliphages","Technical guide","en","/resources/eu-drinking-water-directive-coliphages","eu-drinking-water-directive-coliphages","https://aquaverify.com/resources/eu-drinking-water-directive-coliphages","x-default=https://aquaverify.com/resources/eu-drinking-water-directive-coliphages; en=https://aquaverify.com/resources/eu-drinking-water-directive-coliphages; es=https://aquaverify.com/es/recursos/directiva-europea-agua-potable-colifagos; fr=https://aquaverify.com/fr/ressources/directive-europeenne-eau-potable-coliphages; it=https://aquaverify.com/it/risorse/direttiva-europea-acqua-potabile-colifagi; ca=https://aquaverify.com/ca/recursos/directiva-europea-aigua-potable-colifags","EU Directive 2020/2184, somatic coliphages and water risk | AquaVerify","European Drinking Water Directive and somatic coliphages: practical guide for laboratories and operators","Practical guide on the European Drinking Water Directive, somatic coliphages, sampling plans, treatment evidence, AquaVerify products and Cloud traceability.","index, follow","https://www.sanidad.gob.es/areas/sanidadAmbiental/calidadAguas/aguasConsumoHumano/publicaciones/docs/2023_GUIA_RD_3_2023.pdf","external-link","en","200","AquaVerify","","","","","","standard-resource-review"
"eu-drinking-water-directive-coliphages","Guía técnica","es","/es/recursos/directiva-europea-agua-potable-colifagos","directiva-europea-agua-potable-colifagos","https://aquaverify.com/es/recursos/directiva-europea-agua-potable-colifagos","x-default=https://aquaverify.com/resources/eu-drinking-water-directive-coliphages; en=https://aquaverify.com/resources/eu-drinking-water-directive-coliphages; es=https://aquaverify.com/es/recursos/directiva-europea-agua-potable-colifagos; fr=https://aquaverify.com/fr/ressources/directive-europeenne-eau-potable-coliphages; it=https://aquaverify.com/it/risorse/direttiva-europea-acqua-potabile-colifagi; ca=https://aquaverify.com/ca/recursos/directiva-europea-aigua-potable-colifags","Directiva UE 2020/2184, RD 3/2023 y colífagos somáticos | AquaVerify","Directiva europea de agua potable y colífagos somáticos: guía práctica para laboratorios y operadores","Guía práctica sobre Directiva Europea de Agua Potable, RD 3/2023, colífagos somáticos, planes de muestreo, evidencia y productos AquaVerify.","index, follow","https://www.sanidad.gob.es/areas/sanidadAmbiental/calidadAguas/aguasConsumoHumano/publicaciones/docs/2023_GUIA_RD_3_2023.pdf","external-link","es","200","AquaVerify","","","","","","standard-resource-review"
"eu-drinking-water-directive-coliphages","Guide technique","fr","/fr/ressources/directive-europeenne-eau-potable-coliphages","directive-europeenne-eau-potable-coliphages","https://aquaverify.com/fr/ressources/directive-europeenne-eau-potable-coliphages","x-default=https://aquaverify.com/resources/eu-drinking-water-directive-coliphages; en=https://aquaverify.com/resources/eu-drinking-water-directive-coliphages; es=https://aquaverify.com/es/recursos/directiva-europea-agua-potable-colifagos; fr=https://aquaverify.com/fr/ressources/directive-europeenne-eau-potable-coliphages; it=https://aquaverify.com/it/risorse/direttiva-europea-acqua-potabile-colifagi; ca=https://aquaverify.com/ca/recursos/directiva-europea-aigua-potable-colifags","Directive UE 2020/2184, coliphages somatiques et risque eau | AquaVerify","Directive européenne sur l’eau potable et coliphages somatiques : guide pratique","Guide pratique sur Directive européenne eau potable, coliphages somatiques, plans de prélèvement, preuves de traitement et AquaVerify Cloud.","index, follow","https://www.sanidad.gob.es/areas/sanidadAmbiental/calidadAguas/aguasConsumoHumano/publicaciones/docs/2023_GUIA_RD_3_2023.pdf","external-link","fr","200","AquaVerify","","","","","","standard-resource-review"
"eu-drinking-water-directive-coliphages","Guida tecnica","it","/it/risorse/direttiva-europea-acqua-potabile-colifagi","direttiva-europea-acqua-potabile-colifagi","https://aquaverify.com/it/risorse/direttiva-europea-acqua-potabile-colifagi","x-default=https://aquaverify.com/resources/eu-drinking-water-directive-coliphages; en=https://aquaverify.com/resources/eu-drinking-water-directive-coliphages; es=https://aquaverify.com/es/recursos/directiva-europea-agua-potable-colifagos; fr=https://aquaverify.com/fr/ressources/directive-europeenne-eau-potable-coliphages; it=https://aquaverify.com/it/risorse/direttiva-europea-acqua-potabile-colifagi; ca=https://aquaverify.com/ca/recursos/directiva-europea-aigua-potable-colifags","Direttiva UE 2020/2184, colifagi somatici e rischio acqua | AquaVerify","Direttiva europea sull’acqua potabile e colifagi somatici: guida pratica","Guida pratica su Direttiva europea acqua potabile, colifagi somatici, piani di campionamento, evidenze di trattamento e AquaVerify Cloud.","index, follow","https://www.sanidad.gob.es/areas/sanidadAmbiental/calidadAguas/aguasConsumoHumano/publicaciones/docs/2023_GUIA_RD_3_2023.pdf","external-link","it","200","AquaVerify","","","","","","standard-resource-review"
"eu-drinking-water-directive-coliphages","Guia tècnica","ca","/ca/recursos/directiva-europea-aigua-potable-colifags","directiva-europea-aigua-potable-colifags","https://aquaverify.com/ca/recursos/directiva-europea-aigua-potable-colifags","x-default=https://aquaverify.com/resources/eu-drinking-water-directive-coliphages; en=https://aquaverify.com/resources/eu-drinking-water-directive-coliphages; es=https://aquaverify.com/es/recursos/directiva-europea-agua-potable-colifagos; fr=https://aquaverify.com/fr/ressources/directive-europeenne-eau-potable-coliphages; it=https://aquaverify.com/it/risorse/direttiva-europea-acqua-potabile-colifagi; ca=https://aquaverify.com/ca/recursos/directiva-europea-aigua-potable-colifags","Directiva UE 2020/2184, colífags somàtics i risc de l’aigua | AquaVerify","Directiva europea d’aigua potable i colífags somàtics: guia pràctica","Guia pràctica sobre Directiva europea d’aigua potable, colífags somàtics, plans de mostreig, evidències de tractament i AquaVerify Cloud.","index, follow","https://www.sanidad.gob.es/areas/sanidadAmbiental/calidadAguas/aguasConsumoHumano/publicaciones/docs/2023_GUIA_RD_3_2023.pdf","external-link","ca","200","AquaVerify","","","","","","standard-resource-review"
"water-compliance-software-guide","Technical guide","en","/resources/water-compliance-software-guide","water-compliance-software-guide","https://aquaverify.com/resources/water-compliance-software-guide","x-default=https://aquaverify.com/resources/water-compliance-software-guide; en=https://aquaverify.com/resources/water-compliance-software-guide; es=https://aquaverify.com/es/recursos/software-cumplimiento-calidad-agua; fr=https://aquaverify.com/fr/ressources/logiciel-conformite-qualite-eau; it=https://aquaverify.com/it/risorse/software-conformita-qualita-acqua; ca=https://aquaverify.com/ca/recursos/software-compliment-qualitat-aigua","Water quality software evidence: LIMS, CoA and traceability | AquaVerify","Software evidence layer for water quality: LIMS, CoA and traceability","Guide on when to evaluate a software layer for water quality, audit trail, LIMS, CoA, customer portal, traceability and AquaVerify Cloud.","index, follow","","not-applicable","","200","AquaVerify","","","","","","standard-resource-review"
"water-compliance-software-guide","Guía técnica","es","/es/recursos/software-cumplimiento-calidad-agua","software-cumplimiento-calidad-agua","https://aquaverify.com/es/recursos/software-cumplimiento-calidad-agua","x-default=https://aquaverify.com/resources/water-compliance-software-guide; en=https://aquaverify.com/resources/water-compliance-software-guide; es=https://aquaverify.com/es/recursos/software-cumplimiento-calidad-agua; fr=https://aquaverify.com/fr/ressources/logiciel-conformite-qualite-eau; it=https://aquaverify.com/it/risorse/software-conformita-qualita-acqua; ca=https://aquaverify.com/ca/recursos/software-compliment-qualitat-aigua","Software para cumplimiento en calidad del agua: LIMS, CoA y trazabilidad | AquaVerify","Capa de evidencia software para calidad del agua: LIMS, CoA y trazabilidad","Guía sobre cuándo evaluar una capa software para calidad del agua, audit trail, LIMS, CoA, portal cliente, trazabilidad y AquaVerify Cloud.","index, follow","","not-applicable","","200","AquaVerify","","","","","","standard-resource-review"
"water-compliance-software-guide","Guide technique","fr","/fr/ressources/logiciel-conformite-qualite-eau","logiciel-conformite-qualite-eau","https://aquaverify.com/fr/ressources/logiciel-conformite-qualite-eau","x-default=https://aquaverify.com/resources/water-compliance-software-guide; en=https://aquaverify.com/resources/water-compliance-software-guide; es=https://aquaverify.com/es/recursos/software-cumplimiento-calidad-agua; fr=https://aquaverify.com/fr/ressources/logiciel-conformite-qualite-eau; it=https://aquaverify.com/it/risorse/software-conformita-qualita-acqua; ca=https://aquaverify.com/ca/recursos/software-compliment-qualitat-aigua","Software qualité de l’eau : LIMS, CoA et traçabilité | AquaVerify","Couche de preuve logicielle pour la qualité de l’eau : LIMS, CoA et traçabilité","Guide pour évaluer une couche logicielle qualité de l’eau: audit trail, LIMS, CoA, portail client, traçabilité et AquaVerify Cloud.","index, follow","","not-applicable","","200","AquaVerify","","","","","","standard-resource-review"
"water-compliance-software-guide","Guida tecnica","it","/it/risorse/software-conformita-qualita-acqua","software-conformita-qualita-acqua","https://aquaverify.com/it/risorse/software-conformita-qualita-acqua","x-default=https://aquaverify.com/resources/water-compliance-software-guide; en=https://aquaverify.com/resources/water-compliance-software-guide; es=https://aquaverify.com/es/recursos/software-cumplimiento-calidad-agua; fr=https://aquaverify.com/fr/ressources/logiciel-conformite-qualite-eau; it=https://aquaverify.com/it/risorse/software-conformita-qualita-acqua; ca=https://aquaverify.com/ca/recursos/software-compliment-qualitat-aigua","Software qualità dell’acqua: LIMS, CoA e tracciabilità | AquaVerify","Strato software di evidenza per la qualità dell’acqua: LIMS, CoA e tracciabilità","Guida per valutare uno strato software per qualità dell’acqua: audit trail, LIMS, CoA, portale cliente, tracciabilità e AquaVerify Cloud.","index, follow","","not-applicable","","200","AquaVerify","","","","","","standard-resource-review"
"water-compliance-software-guide","Guia tècnica","ca","/ca/recursos/software-compliment-qualitat-aigua","software-compliment-qualitat-aigua","https://aquaverify.com/ca/recursos/software-compliment-qualitat-aigua","x-default=https://aquaverify.com/resources/water-compliance-software-guide; en=https://aquaverify.com/resources/water-compliance-software-guide; es=https://aquaverify.com/es/recursos/software-cumplimiento-calidad-agua; fr=https://aquaverify.com/fr/ressources/logiciel-conformite-qualite-eau; it=https://aquaverify.com/it/risorse/software-conformita-qualita-acqua; ca=https://aquaverify.com/ca/recursos/software-compliment-qualitat-aigua","Software per a qualitat de l’aigua: LIMS, CoA i traçabilitat | AquaVerify","Capa d’evidència software per a qualitat de l’aigua: LIMS, CoA i traçabilitat","Guia per avaluar una capa software per a qualitat de l’aigua: audit trail, LIMS, CoA, portal client, traçabilitat i AquaVerify Cloud.","index, follow","","not-applicable","","200","AquaVerify","","","","","","standard-resource-review"
"us-drinking-water-compliance-coliform-rule","Technical guide","en","/resources/us-drinking-water-compliance-coliform-rule","us-drinking-water-compliance-coliform-rule","https://aquaverify.com/resources/us-drinking-water-compliance-coliform-rule","x-default=https://aquaverify.com/resources/us-drinking-water-compliance-coliform-rule; en=https://aquaverify.com/resources/us-drinking-water-compliance-coliform-rule; es=https://aquaverify.com/es/recursos/eeuu-cumplimiento-agua-potable-regla-coliformes; fr=https://aquaverify.com/fr/ressources/etats-unis-conformite-eau-potable-coliformes; it=https://aquaverify.com/it/risorse/stati-uniti-conformita-acqua-potabile-coliformi; ca=https://aquaverify.com/ca/recursos/estats-units-compliment-aigua-potable-coliformes","RTCR, coliforms and coliphages in US drinking water | AquaVerify","US drinking water compliance: coliforms, RTCR and coliphage context","Whitepaper on the Revised Total Coliform Rule, Ground Water Rule, EPA Method 1601/1602, total coliforms, E. coli and coliphage context.","index, follow","https://www.epa.gov/sites/default/files/2015-12/documents/method_1601_2001.pdf; https://www.epa.gov/sites/default/files/2015-12/documents/method_1602_2001.pdf","external-link; external-link","en","200","AquaVerify","","","","","","standard-resource-review"
"us-drinking-water-compliance-coliform-rule","Guía técnica","es","/es/recursos/eeuu-cumplimiento-agua-potable-regla-coliformes","eeuu-cumplimiento-agua-potable-regla-coliformes","https://aquaverify.com/es/recursos/eeuu-cumplimiento-agua-potable-regla-coliformes","x-default=https://aquaverify.com/resources/us-drinking-water-compliance-coliform-rule; en=https://aquaverify.com/resources/us-drinking-water-compliance-coliform-rule; es=https://aquaverify.com/es/recursos/eeuu-cumplimiento-agua-potable-regla-coliformes; fr=https://aquaverify.com/fr/ressources/etats-unis-conformite-eau-potable-coliformes; it=https://aquaverify.com/it/risorse/stati-uniti-conformita-acqua-potabile-coliformi; ca=https://aquaverify.com/ca/recursos/estats-units-compliment-aigua-potable-coliformes","RTCR, coliformes y colífagos en agua potable de EEUU | AquaVerify","Cumplimiento de agua potable en Estados Unidos: coliformes, RTCR y contexto colífagos","Whitepaper sobre Revised Total Coliform Rule, Ground Water Rule, EPA Method 1601/1602, coliformes, E. coli y contexto de colífagos.","index, follow","https://www.epa.gov/sites/default/files/2015-12/documents/method_1601_2001.pdf; https://www.epa.gov/sites/default/files/2015-12/documents/method_1602_2001.pdf","external-link; external-link","es","200","AquaVerify","","","","","","standard-resource-review"
"us-drinking-water-compliance-coliform-rule","Guide technique","fr","/fr/ressources/etats-unis-conformite-eau-potable-coliformes","etats-unis-conformite-eau-potable-coliformes","https://aquaverify.com/fr/ressources/etats-unis-conformite-eau-potable-coliformes","x-default=https://aquaverify.com/resources/us-drinking-water-compliance-coliform-rule; en=https://aquaverify.com/resources/us-drinking-water-compliance-coliform-rule; es=https://aquaverify.com/es/recursos/eeuu-cumplimiento-agua-potable-regla-coliformes; fr=https://aquaverify.com/fr/ressources/etats-unis-conformite-eau-potable-coliformes; it=https://aquaverify.com/it/risorse/stati-uniti-conformita-acqua-potabile-coliformi; ca=https://aquaverify.com/ca/recursos/estats-units-compliment-aigua-potable-coliformes","RTCR, coliformes et coliphages dans l’eau potable aux États-Unis | AquaVerify","Conformité eau potable aux États-Unis : coliformes, RTCR et contexte coliphages","Whitepaper sur Revised Total Coliform Rule, Ground Water Rule, EPA Method 1601/1602, coliformes totaux, E. coli et contexte coliphages.","index, follow","https://www.epa.gov/sites/default/files/2015-12/documents/method_1601_2001.pdf; https://www.epa.gov/sites/default/files/2015-12/documents/method_1602_2001.pdf","external-link; external-link","fr","200","AquaVerify","","","","","","standard-resource-review"
"us-drinking-water-compliance-coliform-rule","Guida tecnica","it","/it/risorse/stati-uniti-conformita-acqua-potabile-coliformi","stati-uniti-conformita-acqua-potabile-coliformi","https://aquaverify.com/it/risorse/stati-uniti-conformita-acqua-potabile-coliformi","x-default=https://aquaverify.com/resources/us-drinking-water-compliance-coliform-rule; en=https://aquaverify.com/resources/us-drinking-water-compliance-coliform-rule; es=https://aquaverify.com/es/recursos/eeuu-cumplimiento-agua-potable-regla-coliformes; fr=https://aquaverify.com/fr/ressources/etats-unis-conformite-eau-potable-coliformes; it=https://aquaverify.com/it/risorse/stati-uniti-conformita-acqua-potabile-coliformi; ca=https://aquaverify.com/ca/recursos/estats-units-compliment-aigua-potable-coliformes","RTCR, coliformi e colifagi nell’acqua potabile USA | AquaVerify","Conformità acqua potabile negli Stati Uniti: coliformi, RTCR e contesto colifagi","Whitepaper su Revised Total Coliform Rule, Ground Water Rule, EPA Method 1601/1602, coliformi totali, E. coli e contesto colifagi.","index, follow","https://www.epa.gov/sites/default/files/2015-12/documents/method_1601_2001.pdf; https://www.epa.gov/sites/default/files/2015-12/documents/method_1602_2001.pdf","external-link; external-link","it","200","AquaVerify","","","","","","standard-resource-review"
"us-drinking-water-compliance-coliform-rule","Guia tècnica","ca","/ca/recursos/estats-units-compliment-aigua-potable-coliformes","estats-units-compliment-aigua-potable-coliformes","https://aquaverify.com/ca/recursos/estats-units-compliment-aigua-potable-coliformes","x-default=https://aquaverify.com/resources/us-drinking-water-compliance-coliform-rule; en=https://aquaverify.com/resources/us-drinking-water-compliance-coliform-rule; es=https://aquaverify.com/es/recursos/eeuu-cumplimiento-agua-potable-regla-coliformes; fr=https://aquaverify.com/fr/ressources/etats-unis-conformite-eau-potable-coliformes; it=https://aquaverify.com/it/risorse/stati-uniti-conformita-acqua-potabile-coliformi; ca=https://aquaverify.com/ca/recursos/estats-units-compliment-aigua-potable-coliformes","RTCR, coliformes i colífags en aigua potable dels EUA | AquaVerify","Compliment d’aigua potable als Estats Units: coliformes, RTCR i context colífags","Whitepaper sobre Revised Total Coliform Rule, Ground Water Rule, EPA Method 1601/1602, coliformes totals, E. coli i context colífags.","index, follow","https://www.epa.gov/sites/default/files/2015-12/documents/method_1601_2001.pdf; https://www.epa.gov/sites/default/files/2015-12/documents/method_1602_2001.pdf","external-link; external-link","ca","200","AquaVerify","","","","","","standard-resource-review"
"resources-regulation-compliance","Technical guide","en","/resources/regulation-compliance","regulation-compliance","https://aquaverify.com/resources/regulation-compliance","x-default=https://aquaverify.com/resources/regulation-compliance; en=https://aquaverify.com/resources/regulation-compliance; es=https://aquaverify.com/es/recursos/regulacion-cumplimiento; fr=https://aquaverify.com/fr/ressources/reglementation-conformite; it=https://aquaverify.com/it/risorse/normativa-conformita; ca=https://aquaverify.com/ca/recursos/regulacio-compliment","Regulation and compliance resources for water microbiology | AquaVerify","Regulation and compliance resources for water microbiology","A curated route through AquaVerify resources for EU, US, ISO/IEC 17025 and audit-oriented water quality decisions.","index, follow","","not-applicable","","200","AquaVerify","","","","","","standard-resource-review"
"resources-regulation-compliance","Guía técnica","es","/es/recursos/regulacion-cumplimiento","regulacion-cumplimiento","https://aquaverify.com/es/recursos/regulacion-cumplimiento","x-default=https://aquaverify.com/resources/regulation-compliance; en=https://aquaverify.com/resources/regulation-compliance; es=https://aquaverify.com/es/recursos/regulacion-cumplimiento; fr=https://aquaverify.com/fr/ressources/reglementation-conformite; it=https://aquaverify.com/it/risorse/normativa-conformita; ca=https://aquaverify.com/ca/recursos/regulacio-compliment","Recursos de regulación y cumplimiento para microbiología del agua | AquaVerify","Recursos de regulación y cumplimiento para microbiología del agua","Ruta curada por recursos AquaVerify para decisiones de calidad del agua en UE, EEUU, ISO/IEC 17025 y auditorías.","index, follow","","not-applicable","","200","AquaVerify","","","","","","standard-resource-review"
"resources-regulation-compliance","Guide technique","fr","/fr/ressources/reglementation-conformite","reglementation-conformite","https://aquaverify.com/fr/ressources/reglementation-conformite","x-default=https://aquaverify.com/resources/regulation-compliance; en=https://aquaverify.com/resources/regulation-compliance; es=https://aquaverify.com/es/recursos/regulacion-cumplimiento; fr=https://aquaverify.com/fr/ressources/reglementation-conformite; it=https://aquaverify.com/it/risorse/normativa-conformita; ca=https://aquaverify.com/ca/recursos/regulacio-compliment","Ressources réglementation et conformité pour microbiologie de l’eau | AquaVerify","Ressources réglementation et conformité pour microbiologie de l’eau","Parcours AquaVerify pour décisions qualité eau liées à l’UE, aux États-Unis, à l’ISO/IEC 17025 et aux audits.","index, follow","","not-applicable","","200","AquaVerify","","","","","","standard-resource-review"
"resources-regulation-compliance","Guida tecnica","it","/it/risorse/normativa-conformita","normativa-conformita","https://aquaverify.com/it/risorse/normativa-conformita","x-default=https://aquaverify.com/resources/regulation-compliance; en=https://aquaverify.com/resources/regulation-compliance; es=https://aquaverify.com/es/recursos/regulacion-cumplimiento; fr=https://aquaverify.com/fr/ressources/reglementation-conformite; it=https://aquaverify.com/it/risorse/normativa-conformita; ca=https://aquaverify.com/ca/recursos/regulacio-compliment","Risorse su normativa e conformità per microbiologia dell’acqua | AquaVerify","Risorse su normativa e conformità per microbiologia dell’acqua","Percorso AquaVerify per decisioni qualità acqua legate a UE, Stati Uniti, ISO/IEC 17025 e audit.","index, follow","","not-applicable","","200","AquaVerify","","","","","","standard-resource-review"
"resources-regulation-compliance","Guia tècnica","ca","/ca/recursos/regulacio-compliment","regulacio-compliment","https://aquaverify.com/ca/recursos/regulacio-compliment","x-default=https://aquaverify.com/resources/regulation-compliance; en=https://aquaverify.com/resources/regulation-compliance; es=https://aquaverify.com/es/recursos/regulacion-cumplimiento; fr=https://aquaverify.com/fr/ressources/reglementation-conformite; it=https://aquaverify.com/it/risorse/normativa-conformita; ca=https://aquaverify.com/ca/recursos/regulacio-compliment","Recursos de regulació i compliment per a microbiologia de l’aigua | AquaVerify","Recursos de regulació i compliment per a microbiologia de l’aigua","Ruta AquaVerify per a decisions de qualitat de l’aigua vinculades a UE, EUA, ISO/IEC 17025 i auditories.","index, follow","","not-applicable","","200","AquaVerify","","","","","","standard-resource-review"
"resources-coliphages-viral-indicators","Technical guide","en","/resources/coliphages-viral-indicators","coliphages-viral-indicators","https://aquaverify.com/resources/coliphages-viral-indicators","x-default=https://aquaverify.com/resources/coliphages-viral-indicators; en=https://aquaverify.com/resources/coliphages-viral-indicators; es=https://aquaverify.com/es/recursos/colifagos-indicadores-virales; fr=https://aquaverify.com/fr/ressources/coliphages-indicateurs-viraux; it=https://aquaverify.com/it/risorse/colifagi-indicatori-virali; ca=https://aquaverify.com/ca/recursos/colifags-indicadors-virals","Coliphages and viral indicator resources | AquaVerify","Coliphages and viral indicator resources","Guides, research summaries and checklists for somatic coliphages, viral indicators, water treatment evidence and monitoring design.","index, follow","","not-applicable","","200","AquaVerify","","","","","","standard-resource-review"
"resources-coliphages-viral-indicators","Guía técnica","es","/es/recursos/colifagos-indicadores-virales","colifagos-indicadores-virales","https://aquaverify.com/es/recursos/colifagos-indicadores-virales","x-default=https://aquaverify.com/resources/coliphages-viral-indicators; en=https://aquaverify.com/resources/coliphages-viral-indicators; es=https://aquaverify.com/es/recursos/colifagos-indicadores-virales; fr=https://aquaverify.com/fr/ressources/coliphages-indicateurs-viraux; it=https://aquaverify.com/it/risorse/colifagi-indicatori-virali; ca=https://aquaverify.com/ca/recursos/colifags-indicadors-virals","Recursos sobre colífagos e indicadores virales | AquaVerify","Recursos sobre colífagos e indicadores virales","Guías, resúmenes científicos y checklists para colífagos somáticos, indicadores virales, evidencia de tratamiento y diseño de monitorización.","index, follow","","not-applicable","","200","AquaVerify","","","","","","standard-resource-review"
"resources-coliphages-viral-indicators","Guide technique","fr","/fr/ressources/coliphages-indicateurs-viraux","coliphages-indicateurs-viraux","https://aquaverify.com/fr/ressources/coliphages-indicateurs-viraux","x-default=https://aquaverify.com/resources/coliphages-viral-indicators; en=https://aquaverify.com/resources/coliphages-viral-indicators; es=https://aquaverify.com/es/recursos/colifagos-indicadores-virales; fr=https://aquaverify.com/fr/ressources/coliphages-indicateurs-viraux; it=https://aquaverify.com/it/risorse/colifagi-indicatori-virali; ca=https://aquaverify.com/ca/recursos/colifags-indicadors-virals","Ressources coliphages et indicateurs viraux | AquaVerify","Ressources coliphages et indicateurs viraux","Guides, résumés scientifiques et checklists pour coliphages somatiques, indicateurs viraux, preuve traitement et design de surveillance.","index, follow","","not-applicable","","200","AquaVerify","","","","","","standard-resource-review"
"resources-coliphages-viral-indicators","Guida tecnica","it","/it/risorse/colifagi-indicatori-virali","colifagi-indicatori-virali","https://aquaverify.com/it/risorse/colifagi-indicatori-virali","x-default=https://aquaverify.com/resources/coliphages-viral-indicators; en=https://aquaverify.com/resources/coliphages-viral-indicators; es=https://aquaverify.com/es/recursos/colifagos-indicadores-virales; fr=https://aquaverify.com/fr/ressources/coliphages-indicateurs-viraux; it=https://aquaverify.com/it/risorse/colifagi-indicatori-virali; ca=https://aquaverify.com/ca/recursos/colifags-indicadors-virals","Risorse su colifagi e indicatori virali | AquaVerify","Risorse su colifagi e indicatori virali","Guide, sintesi scientifiche e checklist per colifagi somatici, indicatori virali, evidenza di trattamento e disegno del monitoraggio.","index, follow","","not-applicable","","200","AquaVerify","","","","","","standard-resource-review"
"resources-coliphages-viral-indicators","Guia tècnica","ca","/ca/recursos/colifags-indicadors-virals","colifags-indicadors-virals","https://aquaverify.com/ca/recursos/colifags-indicadors-virals","x-default=https://aquaverify.com/resources/coliphages-viral-indicators; en=https://aquaverify.com/resources/coliphages-viral-indicators; es=https://aquaverify.com/es/recursos/colifagos-indicadores-virales; fr=https://aquaverify.com/fr/ressources/coliphages-indicateurs-viraux; it=https://aquaverify.com/it/risorse/colifagi-indicatori-virali; ca=https://aquaverify.com/ca/recursos/colifags-indicadors-virals","Recursos sobre colífags i indicadors virals | AquaVerify","Recursos sobre colífags i indicadors virals","Guies, resums científics i checklists per a colífags somàtics, indicadors virals, evidència de tractament i disseny de monitoratge.","index, follow","","not-applicable","","200","AquaVerify","","","","","","standard-resource-review"
"resources-laboratory-sampling-methods","Technical guide","en","/resources/laboratory-sampling-methods","laboratory-sampling-methods","https://aquaverify.com/resources/laboratory-sampling-methods","x-default=https://aquaverify.com/resources/laboratory-sampling-methods; en=https://aquaverify.com/resources/laboratory-sampling-methods; es=https://aquaverify.com/es/recursos/laboratorio-muestreo-metodos; fr=https://aquaverify.com/fr/ressources/laboratoire-echantillonnage-methodes; it=https://aquaverify.com/it/risorse/laboratorio-campionamento-metodi; ca=https://aquaverify.com/ca/recursos/laboratori-mostreig-metodes","Laboratory, sampling and method resources | AquaVerify","Laboratory, sampling and method resources","Practical resources for sampling design, ISO/IEC 17025 evidence, method selection and water microbiology laboratory workflows.","index, follow","","not-applicable","","200","AquaVerify","","","","","","standard-resource-review"
"resources-laboratory-sampling-methods","Guía técnica","es","/es/recursos/laboratorio-muestreo-metodos","laboratorio-muestreo-metodos","https://aquaverify.com/es/recursos/laboratorio-muestreo-metodos","x-default=https://aquaverify.com/resources/laboratory-sampling-methods; en=https://aquaverify.com/resources/laboratory-sampling-methods; es=https://aquaverify.com/es/recursos/laboratorio-muestreo-metodos; fr=https://aquaverify.com/fr/ressources/laboratoire-echantillonnage-methodes; it=https://aquaverify.com/it/risorse/laboratorio-campionamento-metodi; ca=https://aquaverify.com/ca/recursos/laboratori-mostreig-metodes","Recursos de laboratorio, muestreo y métodos | AquaVerify","Recursos de laboratorio, muestreo y métodos","Recursos prácticos para diseño de muestreo, evidencia ISO/IEC 17025, selección de método y flujos de laboratorio de microbiología del agua.","index, follow","","not-applicable","","200","AquaVerify","","","","","","standard-resource-review"
"resources-laboratory-sampling-methods","Guide technique","fr","/fr/ressources/laboratoire-echantillonnage-methodes","laboratoire-echantillonnage-methodes","https://aquaverify.com/fr/ressources/laboratoire-echantillonnage-methodes","x-default=https://aquaverify.com/resources/laboratory-sampling-methods; en=https://aquaverify.com/resources/laboratory-sampling-methods; es=https://aquaverify.com/es/recursos/laboratorio-muestreo-metodos; fr=https://aquaverify.com/fr/ressources/laboratoire-echantillonnage-methodes; it=https://aquaverify.com/it/risorse/laboratorio-campionamento-metodi; ca=https://aquaverify.com/ca/recursos/laboratori-mostreig-metodes","Ressources laboratoire, prélèvement et méthodes | AquaVerify","Ressources laboratoire, prélèvement et méthodes","Ressources pratiques pour plan de prélèvement, preuve ISO/IEC 17025, choix méthode et flux laboratoire microbiologie de l’eau.","index, follow","","not-applicable","","200","AquaVerify","","","","","","standard-resource-review"
"resources-laboratory-sampling-methods","Guida tecnica","it","/it/risorse/laboratorio-campionamento-metodi","laboratorio-campionamento-metodi","https://aquaverify.com/it/risorse/laboratorio-campionamento-metodi","x-default=https://aquaverify.com/resources/laboratory-sampling-methods; en=https://aquaverify.com/resources/laboratory-sampling-methods; es=https://aquaverify.com/es/recursos/laboratorio-muestreo-metodos; fr=https://aquaverify.com/fr/ressources/laboratoire-echantillonnage-methodes; it=https://aquaverify.com/it/risorse/laboratorio-campionamento-metodi; ca=https://aquaverify.com/ca/recursos/laboratori-mostreig-metodes","Risorse laboratorio, campionamento e metodi | AquaVerify","Risorse laboratorio, campionamento e metodi","Risorse pratiche per piano di campionamento, evidenza ISO/IEC 17025, scelta metodo e workflow di laboratorio acqua.","index, follow","","not-applicable","","200","AquaVerify","","","","","","standard-resource-review"
"resources-laboratory-sampling-methods","Guia tècnica","ca","/ca/recursos/laboratori-mostreig-metodes","laboratori-mostreig-metodes","https://aquaverify.com/ca/recursos/laboratori-mostreig-metodes","x-default=https://aquaverify.com/resources/laboratory-sampling-methods; en=https://aquaverify.com/resources/laboratory-sampling-methods; es=https://aquaverify.com/es/recursos/laboratorio-muestreo-metodos; fr=https://aquaverify.com/fr/ressources/laboratoire-echantillonnage-methodes; it=https://aquaverify.com/it/risorse/laboratorio-campionamento-metodi; ca=https://aquaverify.com/ca/recursos/laboratori-mostreig-metodes","Recursos de laboratori, mostreig i mètodes | AquaVerify","Recursos de laboratori, mostreig i mètodes","Recursos pràctics per a disseny de mostreig, evidència ISO/IEC 17025, selecció de mètode i fluxos de laboratori d’aigua.","index, follow","","not-applicable","","200","AquaVerify","","","","","","standard-resource-review"
"resources-lims-digital-traceability","Technical guide","en","/resources/lims-digital-traceability","lims-digital-traceability","https://aquaverify.com/resources/lims-digital-traceability","x-default=https://aquaverify.com/resources/lims-digital-traceability; en=https://aquaverify.com/resources/lims-digital-traceability; es=https://aquaverify.com/es/recursos/lims-trazabilidad-digital; fr=https://aquaverify.com/fr/ressources/lims-tracabilite-numerique; it=https://aquaverify.com/it/risorse/lims-tracciabilita-digitale; ca=https://aquaverify.com/ca/recursos/lims-tracabilitat-digital","LIMS and digital traceability resources | AquaVerify","LIMS and digital traceability resources","Resources for moving water analysis from spreadsheets to connected evidence, review, reporting and customer portal workflows.","index, follow","","not-applicable","","200","AquaVerify","","","","","","standard-resource-review"
"resources-lims-digital-traceability","Guía técnica","es","/es/recursos/lims-trazabilidad-digital","lims-trazabilidad-digital","https://aquaverify.com/es/recursos/lims-trazabilidad-digital","x-default=https://aquaverify.com/resources/lims-digital-traceability; en=https://aquaverify.com/resources/lims-digital-traceability; es=https://aquaverify.com/es/recursos/lims-trazabilidad-digital; fr=https://aquaverify.com/fr/ressources/lims-tracabilite-numerique; it=https://aquaverify.com/it/risorse/lims-tracciabilita-digitale; ca=https://aquaverify.com/ca/recursos/lims-tracabilitat-digital","Recursos LIMS y trazabilidad digital | AquaVerify","Recursos LIMS y trazabilidad digital","Recursos para pasar análisis de agua desde Excel a evidencia conectada, revisión, informes y portal cliente.","index, follow","","not-applicable","","200","AquaVerify","","","","","","standard-resource-review"
"resources-lims-digital-traceability","Guide technique","fr","/fr/ressources/lims-tracabilite-numerique","lims-tracabilite-numerique","https://aquaverify.com/fr/ressources/lims-tracabilite-numerique","x-default=https://aquaverify.com/resources/lims-digital-traceability; en=https://aquaverify.com/resources/lims-digital-traceability; es=https://aquaverify.com/es/recursos/lims-trazabilidad-digital; fr=https://aquaverify.com/fr/ressources/lims-tracabilite-numerique; it=https://aquaverify.com/it/risorse/lims-tracciabilita-digitale; ca=https://aquaverify.com/ca/recursos/lims-tracabilitat-digital","Ressources LIMS et traçabilité numérique | AquaVerify","Ressources LIMS et traçabilité numérique","Ressources pour passer des tableurs à une preuve connectée, revue, reporting et portail client en analyse de l’eau.","index, follow","","not-applicable","","200","AquaVerify","","","","","","standard-resource-review"
"resources-lims-digital-traceability","Guida tecnica","it","/it/risorse/lims-tracciabilita-digitale","lims-tracciabilita-digitale","https://aquaverify.com/it/risorse/lims-tracciabilita-digitale","x-default=https://aquaverify.com/resources/lims-digital-traceability; en=https://aquaverify.com/resources/lims-digital-traceability; es=https://aquaverify.com/es/recursos/lims-trazabilidad-digital; fr=https://aquaverify.com/fr/ressources/lims-tracabilite-numerique; it=https://aquaverify.com/it/risorse/lims-tracciabilita-digitale; ca=https://aquaverify.com/ca/recursos/lims-tracabilitat-digital","Risorse LIMS e tracciabilità digitale | AquaVerify","Risorse LIMS e tracciabilità digitale","Risorse per passare da fogli Excel a evidenza collegata, revisione, report e portale cliente nell’analisi acqua.","index, follow","","not-applicable","","200","AquaVerify","","","","","","standard-resource-review"
"resources-lims-digital-traceability","Guia tècnica","ca","/ca/recursos/lims-tracabilitat-digital","lims-tracabilitat-digital","https://aquaverify.com/ca/recursos/lims-tracabilitat-digital","x-default=https://aquaverify.com/resources/lims-digital-traceability; en=https://aquaverify.com/resources/lims-digital-traceability; es=https://aquaverify.com/es/recursos/lims-trazabilidad-digital; fr=https://aquaverify.com/fr/ressources/lims-tracabilite-numerique; it=https://aquaverify.com/it/risorse/lims-tracciabilita-digitale; ca=https://aquaverify.com/ca/recursos/lims-tracabilitat-digital","Recursos LIMS i traçabilitat digital | AquaVerify","Recursos LIMS i traçabilitat digital","Recursos per passar d’Excel a evidència connectada, revisió, informes i portal client en anàlisi d’aigua.","index, follow","","not-applicable","","200","AquaVerify","","","","","","standard-resource-review"
"resources-applications-industries","Technical guide","en","/resources/applications-industries","applications-industries","https://aquaverify.com/resources/applications-industries","x-default=https://aquaverify.com/resources/applications-industries; en=https://aquaverify.com/resources/applications-industries; es=https://aquaverify.com/es/recursos/aplicaciones-industrias; fr=https://aquaverify.com/fr/ressources/applications-industries; it=https://aquaverify.com/it/risorse/applicazioni-industrie; ca=https://aquaverify.com/ca/recursos/aplicacions-industries","Applications and industries resources | AquaVerify","Applications and industries resources","Resources for applying water microbiology workflows to utilities, food and beverage, facilities, Legionella risk and partner programs.","index, follow","","not-applicable","","200","AquaVerify","","","","","","standard-resource-review"
"resources-applications-industries","Guía técnica","es","/es/recursos/aplicaciones-industrias","aplicaciones-industrias","https://aquaverify.com/es/recursos/aplicaciones-industrias","x-default=https://aquaverify.com/resources/applications-industries; en=https://aquaverify.com/resources/applications-industries; es=https://aquaverify.com/es/recursos/aplicaciones-industrias; fr=https://aquaverify.com/fr/ressources/applications-industries; it=https://aquaverify.com/it/risorse/applicazioni-industrie; ca=https://aquaverify.com/ca/recursos/aplicacions-industries","Recursos de aplicaciones e industrias | AquaVerify","Recursos de aplicaciones e industrias","Recursos para aplicar microbiología del agua en utilities, alimentación y bebidas, instalaciones, riesgo Legionella y programas partner.","index, follow","","not-applicable","","200","AquaVerify","","","","","","standard-resource-review"
"resources-applications-industries","Guide technique","fr","/fr/ressources/applications-industries","applications-industries","https://aquaverify.com/fr/ressources/applications-industries","x-default=https://aquaverify.com/resources/applications-industries; en=https://aquaverify.com/resources/applications-industries; es=https://aquaverify.com/es/recursos/aplicaciones-industrias; fr=https://aquaverify.com/fr/ressources/applications-industries; it=https://aquaverify.com/it/risorse/applicazioni-industrie; ca=https://aquaverify.com/ca/recursos/aplicacions-industries","Ressources applications et industries | AquaVerify","Ressources applications et industries","Ressources pour appliquer la microbiologie de l’eau aux utilities, agroalimentaire, bâtiments, risque Legionella et programmes partenaires.","index, follow","","not-applicable","","200","AquaVerify","","","","","","standard-resource-review"
"resources-applications-industries","Guida tecnica","it","/it/risorse/applicazioni-industrie","applicazioni-industrie","https://aquaverify.com/it/risorse/applicazioni-industrie","x-default=https://aquaverify.com/resources/applications-industries; en=https://aquaverify.com/resources/applications-industries; es=https://aquaverify.com/es/recursos/aplicaciones-industrias; fr=https://aquaverify.com/fr/ressources/applications-industries; it=https://aquaverify.com/it/risorse/applicazioni-industrie; ca=https://aquaverify.com/ca/recursos/aplicacions-industries","Risorse per applicazioni e industrie | AquaVerify","Risorse per applicazioni e industrie","Risorse per applicare microbiologia dell’acqua a utility, alimenti e bevande, strutture, rischio Legionella e programmi partner.","index, follow","","not-applicable","","200","AquaVerify","","","","","","standard-resource-review"
"resources-applications-industries","Guia tècnica","ca","/ca/recursos/aplicacions-industries","aplicacions-industries","https://aquaverify.com/ca/recursos/aplicacions-industries","x-default=https://aquaverify.com/resources/applications-industries; en=https://aquaverify.com/resources/applications-industries; es=https://aquaverify.com/es/recursos/aplicaciones-industrias; fr=https://aquaverify.com/fr/ressources/applications-industries; it=https://aquaverify.com/it/risorse/applicazioni-industrie; ca=https://aquaverify.com/ca/recursos/aplicacions-industries","Recursos d’aplicacions i indústries | AquaVerify","Recursos d’aplicacions i indústries","Recursos per aplicar microbiologia de l’aigua a utilities, alimentació i begudes, instal·lacions, risc Legionella i programes partner.","index, follow","","not-applicable","","200","AquaVerify","","","","","","standard-resource-review"
"resources-scientific-research","Technical guide","en","/resources/scientific-research","scientific-research","https://aquaverify.com/resources/scientific-research","x-default=https://aquaverify.com/resources/scientific-research; en=https://aquaverify.com/resources/scientific-research; es=https://aquaverify.com/es/recursos/investigacion-cientifica; fr=https://aquaverify.com/fr/ressources/recherche-scientifique; it=https://aquaverify.com/it/risorse/ricerca-scientifica; ca=https://aquaverify.com/ca/recursos/recerca-cientifica","Scientific research and editorial source resources | AquaVerify","Scientific research and editorial source resources","AquaVerify validation material, external research summaries, DOI-linked papers and editorial methodology for water microbiology readers.","index, follow","","not-applicable","","200","AquaVerify","","","","","","standard-resource-review"
"resources-scientific-research","Guía técnica","es","/es/recursos/investigacion-cientifica","investigacion-cientifica","https://aquaverify.com/es/recursos/investigacion-cientifica","x-default=https://aquaverify.com/resources/scientific-research; en=https://aquaverify.com/resources/scientific-research; es=https://aquaverify.com/es/recursos/investigacion-cientifica; fr=https://aquaverify.com/fr/ressources/recherche-scientifique; it=https://aquaverify.com/it/risorse/ricerca-scientifica; ca=https://aquaverify.com/ca/recursos/recerca-cientifica","Recursos de investigación científica y fuentes editoriales | AquaVerify","Recursos de investigación científica y fuentes editoriales","Material de validación AquaVerify, resúmenes de investigación externa, papers con DOI y metodología editorial para microbiología del agua.","index, follow","","not-applicable","","200","AquaVerify","","","","","","standard-resource-review"
"resources-scientific-research","Guide technique","fr","/fr/ressources/recherche-scientifique","recherche-scientifique","https://aquaverify.com/fr/ressources/recherche-scientifique","x-default=https://aquaverify.com/resources/scientific-research; en=https://aquaverify.com/resources/scientific-research; es=https://aquaverify.com/es/recursos/investigacion-cientifica; fr=https://aquaverify.com/fr/ressources/recherche-scientifique; it=https://aquaverify.com/it/risorse/ricerca-scientifica; ca=https://aquaverify.com/ca/recursos/recerca-cientifica","Ressources recherche scientifique et sources éditoriales | AquaVerify","Ressources recherche scientifique et sources éditoriales","Validation AquaVerify, résumés de recherche externe, articles avec DOI et méthodologie éditoriale pour microbiologie de l’eau.","index, follow","","not-applicable","","200","AquaVerify","","","","","","standard-resource-review"
"resources-scientific-research","Guida tecnica","it","/it/risorse/ricerca-scientifica","ricerca-scientifica","https://aquaverify.com/it/risorse/ricerca-scientifica","x-default=https://aquaverify.com/resources/scientific-research; en=https://aquaverify.com/resources/scientific-research; es=https://aquaverify.com/es/recursos/investigacion-cientifica; fr=https://aquaverify.com/fr/ressources/recherche-scientifique; it=https://aquaverify.com/it/risorse/ricerca-scientifica; ca=https://aquaverify.com/ca/recursos/recerca-cientifica","Risorse di ricerca scientifica e fonti editoriali | AquaVerify","Risorse di ricerca scientifica e fonti editoriali","Validazione AquaVerify, sintesi di ricerca esterna, articoli con DOI e metodologia editoriale per microbiologia dell’acqua.","index, follow","","not-applicable","","200","AquaVerify","","","","","","standard-resource-review"
"resources-scientific-research","Guia tècnica","ca","/ca/recursos/recerca-cientifica","recerca-cientifica","https://aquaverify.com/ca/recursos/recerca-cientifica","x-default=https://aquaverify.com/resources/scientific-research; en=https://aquaverify.com/resources/scientific-research; es=https://aquaverify.com/es/recursos/investigacion-cientifica; fr=https://aquaverify.com/fr/ressources/recherche-scientifique; it=https://aquaverify.com/it/risorse/ricerca-scientifica; ca=https://aquaverify.com/ca/recursos/recerca-cientifica","Recursos de recerca científica i fonts editorials | AquaVerify","Recursos de recerca científica i fonts editorials","Material de validació AquaVerify, resums de recerca externa, articles amb DOI i metodologia editorial per a microbiologia de l’aigua.","index, follow","","not-applicable","","200","AquaVerify","","","","","","standard-resource-review"
"resources-guides-checklists","Technical guide","en","/resources/guides-checklists","guides-checklists","https://aquaverify.com/resources/guides-checklists","x-default=https://aquaverify.com/resources/guides-checklists; en=https://aquaverify.com/resources/guides-checklists; es=https://aquaverify.com/es/recursos/guias-checklists; fr=https://aquaverify.com/fr/ressources/guides-checklists; it=https://aquaverify.com/it/risorse/guide-checklist; ca=https://aquaverify.com/ca/recursos/guies-checklists","Guides and checklists for water microbiology decisions | AquaVerify","Guides and checklists for water microbiology decisions","Operational AquaVerify guides and PDF checklists for product selection, sampling, compliance, LIMS migration and partner conversations.","index, follow","","not-applicable","","200","AquaVerify","","","","","","standard-resource-review"
"resources-guides-checklists","Guía técnica","es","/es/recursos/guias-checklists","guias-checklists","https://aquaverify.com/es/recursos/guias-checklists","x-default=https://aquaverify.com/resources/guides-checklists; en=https://aquaverify.com/resources/guides-checklists; es=https://aquaverify.com/es/recursos/guias-checklists; fr=https://aquaverify.com/fr/ressources/guides-checklists; it=https://aquaverify.com/it/risorse/guide-checklist; ca=https://aquaverify.com/ca/recursos/guies-checklists","Guías y checklists para decisiones de microbiología del agua | AquaVerify","Guías y checklists para decisiones de microbiología del agua","Guías operativas AquaVerify y checklists PDF para selección de producto, muestreo, cumplimiento, migración LIMS y conversaciones partner.","index, follow","","not-applicable","","200","AquaVerify","","","","","","standard-resource-review"
"resources-guides-checklists","Guide technique","fr","/fr/ressources/guides-checklists","guides-checklists","https://aquaverify.com/fr/ressources/guides-checklists","x-default=https://aquaverify.com/resources/guides-checklists; en=https://aquaverify.com/resources/guides-checklists; es=https://aquaverify.com/es/recursos/guias-checklists; fr=https://aquaverify.com/fr/ressources/guides-checklists; it=https://aquaverify.com/it/risorse/guide-checklist; ca=https://aquaverify.com/ca/recursos/guies-checklists","Guides et checklists pour décisions microbiologie de l’eau | AquaVerify","Guides et checklists pour décisions microbiologie de l’eau","Guides opérationnels AquaVerify et checklists PDF pour choix produit, prélèvement, conformité, migration LIMS et échanges partenaires.","index, follow","","not-applicable","","200","AquaVerify","","","","","","standard-resource-review"
"resources-guides-checklists","Guida tecnica","it","/it/risorse/guide-checklist","guide-checklist","https://aquaverify.com/it/risorse/guide-checklist","x-default=https://aquaverify.com/resources/guides-checklists; en=https://aquaverify.com/resources/guides-checklists; es=https://aquaverify.com/es/recursos/guias-checklists; fr=https://aquaverify.com/fr/ressources/guides-checklists; it=https://aquaverify.com/it/risorse/guide-checklist; ca=https://aquaverify.com/ca/recursos/guies-checklists","Guide e checklist per decisioni di microbiologia dell’acqua | AquaVerify","Guide e checklist per decisioni di microbiologia dell’acqua","Guide operative AquaVerify e checklist PDF per scelta prodotto, campionamento, conformità, migrazione LIMS e conversazioni partner.","index, follow","","not-applicable","","200","AquaVerify","","","","","","standard-resource-review"
"resources-guides-checklists","Guia tècnica","ca","/ca/recursos/guies-checklists","guies-checklists","https://aquaverify.com/ca/recursos/guies-checklists","x-default=https://aquaverify.com/resources/guides-checklists; en=https://aquaverify.com/resources/guides-checklists; es=https://aquaverify.com/es/recursos/guias-checklists; fr=https://aquaverify.com/fr/ressources/guides-checklists; it=https://aquaverify.com/it/risorse/guide-checklist; ca=https://aquaverify.com/ca/recursos/guies-checklists","Guies i checklists per a decisions de microbiologia de l’aigua | AquaVerify","Guies i checklists per a decisions de microbiologia de l’aigua","Guies operatives AquaVerify i checklists PDF per a selecció de producte, mostreig, compliment, migració LIMS i converses partner.","index, follow","","not-applicable","","200","AquaVerify","","","","","","standard-resource-review"
"aquaverify-product-selection-guide","Technical guide","en","/resources/choose-aquaverify-product-water-microbiology","choose-aquaverify-product-water-microbiology","https://aquaverify.com/resources/choose-aquaverify-product-water-microbiology","x-default=https://aquaverify.com/resources/choose-aquaverify-product-water-microbiology; en=https://aquaverify.com/resources/choose-aquaverify-product-water-microbiology; es=https://aquaverify.com/es/recursos/guia-elegir-producto-aquaverify; fr=https://aquaverify.com/fr/ressources/choisir-produit-aquaverify-microbiologie-eau; it=https://aquaverify.com/it/risorse/scegliere-prodotto-aquaverify-microbiologia-acqua; ca=https://aquaverify.com/ca/recursos/triar-producte-aquaverify-microbiologia-aigua","How to choose the right AquaVerify product for microbiological water analysis | AquaVerify","How to choose the right AquaVerify product for microbiological water analysis","A practical guide to decide between ENUMERA, INDICA, ISO/EPA Kits, Lab Essentials and AquaVerify Cloud according to analytical objective, matrix, urgency, traceability level and operational context.","index, follow","/resources/checklists/checklist-choose-aquaverify-product-water-microbiology.pdf; https://www.epa.gov/sites/default/files/2015-12/documents/method_1602_2001.pdf","exists; external-link","en","200","AquaVerify","","","","","","standard-resource-review"
"aquaverify-product-selection-guide","Guía técnica","es","/es/recursos/guia-elegir-producto-aquaverify","guia-elegir-producto-aquaverify","https://aquaverify.com/es/recursos/guia-elegir-producto-aquaverify","x-default=https://aquaverify.com/resources/choose-aquaverify-product-water-microbiology; en=https://aquaverify.com/resources/choose-aquaverify-product-water-microbiology; es=https://aquaverify.com/es/recursos/guia-elegir-producto-aquaverify; fr=https://aquaverify.com/fr/ressources/choisir-produit-aquaverify-microbiologie-eau; it=https://aquaverify.com/it/risorse/scegliere-prodotto-aquaverify-microbiologia-acqua; ca=https://aquaverify.com/ca/recursos/triar-producte-aquaverify-microbiologia-aigua","Cómo elegir el producto AquaVerify adecuado para análisis microbiológico del agua | AquaVerify","Cómo elegir el producto AquaVerify adecuado para análisis microbiológico del agua","Guía práctica para decidir entre ENUMERA, INDICA, Kits ISO/EPA, Lab Essentials y AquaVerify Cloud según objetivo de análisis, matriz, urgencia, nivel de trazabilidad y contexto regulatorio.","index, follow","/es/recursos/checklists/checklist-seleccion-producto-aquaverify.pdf; https://www.epa.gov/sites/default/files/2015-12/documents/method_1602_2001.pdf","exists; external-link","es","200","AquaVerify","","","","","","standard-resource-review"
"aquaverify-product-selection-guide","Guide technique","fr","/fr/ressources/choisir-produit-aquaverify-microbiologie-eau","choisir-produit-aquaverify-microbiologie-eau","https://aquaverify.com/fr/ressources/choisir-produit-aquaverify-microbiologie-eau","x-default=https://aquaverify.com/resources/choose-aquaverify-product-water-microbiology; en=https://aquaverify.com/resources/choose-aquaverify-product-water-microbiology; es=https://aquaverify.com/es/recursos/guia-elegir-producto-aquaverify; fr=https://aquaverify.com/fr/ressources/choisir-produit-aquaverify-microbiologie-eau; it=https://aquaverify.com/it/risorse/scegliere-prodotto-aquaverify-microbiologia-acqua; ca=https://aquaverify.com/ca/recursos/triar-producte-aquaverify-microbiologia-aigua","Comment choisir le bon produit AquaVerify pour l’analyse microbiologique de l’eau | AquaVerify","Comment choisir le bon produit AquaVerify pour l’analyse microbiologique de l’eau","Guide pratique pour choisir entre ENUMERA, INDICA, Kits ISO/EPA, Lab Essentials et AquaVerify Cloud selon l’objectif analytique, la matrice, l’urgence, le niveau de traçabilité et le contexte opérationnel.","index, follow","/fr/ressources/checklists/checklist-choisir-produit-aquaverify-microbiologie-eau.pdf; https://www.epa.gov/sites/default/files/2015-12/documents/method_1602_2001.pdf","exists; external-link","fr","200","AquaVerify","","","","","","standard-resource-review"
"aquaverify-product-selection-guide","Guida tecnica","it","/it/risorse/scegliere-prodotto-aquaverify-microbiologia-acqua","scegliere-prodotto-aquaverify-microbiologia-acqua","https://aquaverify.com/it/risorse/scegliere-prodotto-aquaverify-microbiologia-acqua","x-default=https://aquaverify.com/resources/choose-aquaverify-product-water-microbiology; en=https://aquaverify.com/resources/choose-aquaverify-product-water-microbiology; es=https://aquaverify.com/es/recursos/guia-elegir-producto-aquaverify; fr=https://aquaverify.com/fr/ressources/choisir-produit-aquaverify-microbiologie-eau; it=https://aquaverify.com/it/risorse/scegliere-prodotto-aquaverify-microbiologia-acqua; ca=https://aquaverify.com/ca/recursos/triar-producte-aquaverify-microbiologia-aigua","Come scegliere il prodotto AquaVerify adatto per l’analisi microbiologica dell’acqua | AquaVerify","Come scegliere il prodotto AquaVerify adatto per l’analisi microbiologica dell’acqua","Guida pratica per scegliere tra ENUMERA, INDICA, Kit ISO/EPA, Lab Essentials e AquaVerify Cloud in base a obiettivo analitico, matrice, urgenza, livello di tracciabilità e contesto operativo.","index, follow","/it/risorse/checklists/checklist-scegliere-prodotto-aquaverify-microbiologia-acqua.pdf; https://www.epa.gov/sites/default/files/2015-12/documents/method_1602_2001.pdf","exists; external-link","it","200","AquaVerify","","","","","","standard-resource-review"
"aquaverify-product-selection-guide","Guia tècnica","ca","/ca/recursos/triar-producte-aquaverify-microbiologia-aigua","triar-producte-aquaverify-microbiologia-aigua","https://aquaverify.com/ca/recursos/triar-producte-aquaverify-microbiologia-aigua","x-default=https://aquaverify.com/resources/choose-aquaverify-product-water-microbiology; en=https://aquaverify.com/resources/choose-aquaverify-product-water-microbiology; es=https://aquaverify.com/es/recursos/guia-elegir-producto-aquaverify; fr=https://aquaverify.com/fr/ressources/choisir-produit-aquaverify-microbiologie-eau; it=https://aquaverify.com/it/risorse/scegliere-prodotto-aquaverify-microbiologia-acqua; ca=https://aquaverify.com/ca/recursos/triar-producte-aquaverify-microbiologia-aigua","Com triar el producte AquaVerify adequat per a l’anàlisi microbiològica de l’aigua | AquaVerify","Com triar el producte AquaVerify adequat per a l’anàlisi microbiològica de l’aigua","Guia pràctica per decidir entre ENUMERA, INDICA, Kits ISO/EPA, Lab Essentials i AquaVerify Cloud segons objectiu analític, matriu, urgència, nivell de traçabilitat i context operatiu.","index, follow","/ca/recursos/checklists/checklist-triar-producte-aquaverify-microbiologia-aigua.pdf; https://www.epa.gov/sites/default/files/2015-12/documents/method_1602_2001.pdf","exists; external-link","ca","200","AquaVerify","","","","","","standard-resource-review"
"rd-3-2023-somatic-coliphages-guide","Technical guide","en","/resources/rd-3-2023-somatic-coliphages-water-operators","rd-3-2023-somatic-coliphages-water-operators","https://aquaverify.com/resources/rd-3-2023-somatic-coliphages-water-operators","x-default=https://aquaverify.com/resources/rd-3-2023-somatic-coliphages-water-operators; en=https://aquaverify.com/resources/rd-3-2023-somatic-coliphages-water-operators; es=https://aquaverify.com/es/recursos/rd-3-2023-colifagos-somaticos; fr=https://aquaverify.com/fr/ressources/rd-3-2023-coliphages-somatiques-operateurs-eau; it=https://aquaverify.com/it/risorse/rd-3-2023-colifagi-somatici-operatori-acqua; ca=https://aquaverify.com/ca/recursos/rd-3-2023-colifags-somatics-operadors-aigua","RD 3/2023 and somatic coliphages: practical guide for water laboratories and operators | AquaVerify","RD 3/2023 and somatic coliphages: practical guide for water laboratories and operators","A practical resource to translate the Spanish drinking water framework and the European risk-based approach into sampling plans, somatic coliphage monitoring, treatment evidence and traceable reporting.","index, follow","/resources/checklists/checklist-rd-3-2023-somatic-coliphages-water-operators.pdf","exists","en","200","AquaVerify","","","","","","standard-resource-review"
"rd-3-2023-somatic-coliphages-guide","Guía técnica","es","/es/recursos/rd-3-2023-colifagos-somaticos","rd-3-2023-colifagos-somaticos","https://aquaverify.com/es/recursos/rd-3-2023-colifagos-somaticos","x-default=https://aquaverify.com/resources/rd-3-2023-somatic-coliphages-water-operators; en=https://aquaverify.com/resources/rd-3-2023-somatic-coliphages-water-operators; es=https://aquaverify.com/es/recursos/rd-3-2023-colifagos-somaticos; fr=https://aquaverify.com/fr/ressources/rd-3-2023-coliphages-somatiques-operateurs-eau; it=https://aquaverify.com/it/risorse/rd-3-2023-colifagi-somatici-operatori-acqua; ca=https://aquaverify.com/ca/recursos/rd-3-2023-colifags-somatics-operadors-aigua","RD 3/2023 y colífagos somáticos: guía práctica para laboratorios y operadores de agua | AquaVerify","RD 3/2023 y colífagos somáticos: guía práctica para laboratorios y operadores de agua","Guía para entender cómo el RD 3/2023, la Directiva (UE) 2020/2184 y los colífagos somáticos se conectan con evaluación de riesgo, agua bruta, tratamiento, muestreo, evidencia técnica y trazabilidad digital.","index, follow","/es/recursos/checklists/checklist-rd-3-2023-colifagos-somaticos.pdf; https://www.sanidad.gob.es/areas/sanidadAmbiental/calidadAguas/aguasConsumoHumano/publicaciones/docs/2023_GUIA_RD_3_2023.pdf","exists; external-link","es","200","AquaVerify","","","","","","standard-resource-review"
"rd-3-2023-somatic-coliphages-guide","Guide technique","fr","/fr/ressources/rd-3-2023-coliphages-somatiques-operateurs-eau","rd-3-2023-coliphages-somatiques-operateurs-eau","https://aquaverify.com/fr/ressources/rd-3-2023-coliphages-somatiques-operateurs-eau","x-default=https://aquaverify.com/resources/rd-3-2023-somatic-coliphages-water-operators; en=https://aquaverify.com/resources/rd-3-2023-somatic-coliphages-water-operators; es=https://aquaverify.com/es/recursos/rd-3-2023-colifagos-somaticos; fr=https://aquaverify.com/fr/ressources/rd-3-2023-coliphages-somatiques-operateurs-eau; it=https://aquaverify.com/it/risorse/rd-3-2023-colifagi-somatici-operatori-acqua; ca=https://aquaverify.com/ca/recursos/rd-3-2023-colifags-somatics-operadors-aigua","RD 3/2023 et coliphages somatiques : guide pratique pour laboratoires et opérateurs de l’eau | AquaVerify","RD 3/2023 et coliphages somatiques : guide pratique pour laboratoires et opérateurs de l’eau","Ressource pratique pour traduire le cadre espagnol de l’eau potable et l’approche européenne basée sur le risque en plans de prélèvement, suivi des coliphages somatiques, preuve de traitement et reporting traçable.","index, follow","/fr/ressources/checklists/checklist-rd-3-2023-coliphages-somatiques-operateurs-eau.pdf","exists","fr","200","AquaVerify","","","","","","standard-resource-review"
"rd-3-2023-somatic-coliphages-guide","Guida tecnica","it","/it/risorse/rd-3-2023-colifagi-somatici-operatori-acqua","rd-3-2023-colifagi-somatici-operatori-acqua","https://aquaverify.com/it/risorse/rd-3-2023-colifagi-somatici-operatori-acqua","x-default=https://aquaverify.com/resources/rd-3-2023-somatic-coliphages-water-operators; en=https://aquaverify.com/resources/rd-3-2023-somatic-coliphages-water-operators; es=https://aquaverify.com/es/recursos/rd-3-2023-colifagos-somaticos; fr=https://aquaverify.com/fr/ressources/rd-3-2023-coliphages-somatiques-operateurs-eau; it=https://aquaverify.com/it/risorse/rd-3-2023-colifagi-somatici-operatori-acqua; ca=https://aquaverify.com/ca/recursos/rd-3-2023-colifags-somatics-operadors-aigua","RD 3/2023 e colifagi somatici: guida pratica per laboratori e operatori dell’acqua | AquaVerify","RD 3/2023 e colifagi somatici: guida pratica per laboratori e operatori dell’acqua","Risorsa pratica per tradurre il quadro spagnolo dell’acqua potabile e l’approccio europeo basato sul rischio in piani di campionamento, monitoraggio dei colifagi somatici, evidenza di trattamento e reporting tracciabile.","index, follow","/it/risorse/checklists/checklist-rd-3-2023-colifagi-somatici-operatori-acqua.pdf","exists","it","200","AquaVerify","","","","","","standard-resource-review"
"rd-3-2023-somatic-coliphages-guide","Guia tècnica","ca","/ca/recursos/rd-3-2023-colifags-somatics-operadors-aigua","rd-3-2023-colifags-somatics-operadors-aigua","https://aquaverify.com/ca/recursos/rd-3-2023-colifags-somatics-operadors-aigua","x-default=https://aquaverify.com/resources/rd-3-2023-somatic-coliphages-water-operators; en=https://aquaverify.com/resources/rd-3-2023-somatic-coliphages-water-operators; es=https://aquaverify.com/es/recursos/rd-3-2023-colifagos-somaticos; fr=https://aquaverify.com/fr/ressources/rd-3-2023-coliphages-somatiques-operateurs-eau; it=https://aquaverify.com/it/risorse/rd-3-2023-colifagi-somatici-operatori-acqua; ca=https://aquaverify.com/ca/recursos/rd-3-2023-colifags-somatics-operadors-aigua","RD 3/2023 i colífags somàtics: guia pràctica per a laboratoris i operadors d’aigua | AquaVerify","RD 3/2023 i colífags somàtics: guia pràctica per a laboratoris i operadors d’aigua","Recurs pràctic per traduir el marc espanyol d’aigua de consum i l’enfocament europeu basat en risc en plans de mostreig, seguiment de colífags somàtics, evidència de tractament i reporting traçable.","index, follow","/ca/recursos/checklists/checklist-rd-3-2023-colifags-somatics-operadors-aigua.pdf","exists","ca","200","AquaVerify","","","","","","standard-resource-review"
"iso-17025-water-laboratories-guide","Technical guide","en","/resources/iso-17025-water-laboratories-chain-of-custody-coa","iso-17025-water-laboratories-chain-of-custody-coa","https://aquaverify.com/resources/iso-17025-water-laboratories-chain-of-custody-coa","x-default=https://aquaverify.com/resources/iso-17025-water-laboratories-chain-of-custody-coa; en=https://aquaverify.com/resources/iso-17025-water-laboratories-chain-of-custody-coa; es=https://aquaverify.com/es/recursos/iso-17025-laboratorios-analisis-agua; fr=https://aquaverify.com/fr/ressources/iso-17025-laboratoires-eau-chaine-custodie-coa; it=https://aquaverify.com/it/risorse/iso-17025-laboratori-acqua-catena-custodia-coa; ca=https://aquaverify.com/ca/recursos/iso-17025-laboratoris-aigua-cadena-custodia-coa","ISO/IEC 17025 for water laboratories: chain of custody, CoA and digital traceability | AquaVerify","ISO/IEC 17025 for water laboratories: chain of custody, CoA and digital traceability","A practical whitepaper for laboratories that need to strengthen sample control, method execution, review, reporting and customer communication without claiming automatic accreditation.","index, follow","/resources/checklists/checklist-iso-17025-water-laboratories-chain-of-custody-coa.pdf; https://www.epa.gov/sites/default/files/2015-12/documents/method_1602_2001.pdf","exists; external-link","en","200","AquaVerify","","","","","","standard-resource-review"
"iso-17025-water-laboratories-guide","Guía técnica","es","/es/recursos/iso-17025-laboratorios-analisis-agua","iso-17025-laboratorios-analisis-agua","https://aquaverify.com/es/recursos/iso-17025-laboratorios-analisis-agua","x-default=https://aquaverify.com/resources/iso-17025-water-laboratories-chain-of-custody-coa; en=https://aquaverify.com/resources/iso-17025-water-laboratories-chain-of-custody-coa; es=https://aquaverify.com/es/recursos/iso-17025-laboratorios-analisis-agua; fr=https://aquaverify.com/fr/ressources/iso-17025-laboratoires-eau-chaine-custodie-coa; it=https://aquaverify.com/it/risorse/iso-17025-laboratori-acqua-catena-custodia-coa; ca=https://aquaverify.com/ca/recursos/iso-17025-laboratoris-aigua-cadena-custodia-coa","ISO/IEC 17025 en laboratorios de agua: cadena de custodia, CoA y trazabilidad digital | AquaVerify","ISO/IEC 17025 en laboratorios de agua: cadena de custodia, CoA y trazabilidad digital","Guía práctica para laboratorios de análisis de agua que quieren reforzar competencia técnica, trazabilidad, revisión de resultados, informes CoA y evidencia digital alineable con ISO/IEC 17025.","index, follow","/es/recursos/checklists/checklist-iso-17025-laboratorios-agua.pdf","exists","es","200","AquaVerify","","","","","","standard-resource-review"
"iso-17025-water-laboratories-guide","Guide technique","fr","/fr/ressources/iso-17025-laboratoires-eau-chaine-custodie-coa","iso-17025-laboratoires-eau-chaine-custodie-coa","https://aquaverify.com/fr/ressources/iso-17025-laboratoires-eau-chaine-custodie-coa","x-default=https://aquaverify.com/resources/iso-17025-water-laboratories-chain-of-custody-coa; en=https://aquaverify.com/resources/iso-17025-water-laboratories-chain-of-custody-coa; es=https://aquaverify.com/es/recursos/iso-17025-laboratorios-analisis-agua; fr=https://aquaverify.com/fr/ressources/iso-17025-laboratoires-eau-chaine-custodie-coa; it=https://aquaverify.com/it/risorse/iso-17025-laboratori-acqua-catena-custodia-coa; ca=https://aquaverify.com/ca/recursos/iso-17025-laboratoris-aigua-cadena-custodia-coa","ISO/IEC 17025 pour laboratoires d’eau : chaîne de custodie, CoA et traçabilité digitale | AquaVerify","ISO/IEC 17025 pour laboratoires d’eau : chaîne de custodie, CoA et traçabilité digitale","Whitepaper pratique pour laboratoires qui doivent renforcer contrôle échantillon, exécution méthode, revue, reporting et communication client sans promettre une accréditation automatique.","index, follow","/fr/ressources/checklists/checklist-iso-17025-laboratoires-eau-chaine-custodie-coa.pdf; https://www.epa.gov/sites/default/files/2015-12/documents/method_1602_2001.pdf","exists; external-link","fr","200","AquaVerify","","","","","","standard-resource-review"
"iso-17025-water-laboratories-guide","Guida tecnica","it","/it/risorse/iso-17025-laboratori-acqua-catena-custodia-coa","iso-17025-laboratori-acqua-catena-custodia-coa","https://aquaverify.com/it/risorse/iso-17025-laboratori-acqua-catena-custodia-coa","x-default=https://aquaverify.com/resources/iso-17025-water-laboratories-chain-of-custody-coa; en=https://aquaverify.com/resources/iso-17025-water-laboratories-chain-of-custody-coa; es=https://aquaverify.com/es/recursos/iso-17025-laboratorios-analisis-agua; fr=https://aquaverify.com/fr/ressources/iso-17025-laboratoires-eau-chaine-custodie-coa; it=https://aquaverify.com/it/risorse/iso-17025-laboratori-acqua-catena-custodia-coa; ca=https://aquaverify.com/ca/recursos/iso-17025-laboratoris-aigua-cadena-custodia-coa","ISO/IEC 17025 per laboratori d’acqua: catena di custodia, CoA e tracciabilità digitale | AquaVerify","ISO/IEC 17025 per laboratori d’acqua: catena di custodia, CoA e tracciabilità digitale","Whitepaper pratico per laboratori che devono rafforzare controllo campione, esecuzione metodo, revisione, reporting e comunicazione cliente senza promettere accreditamento automatico.","index, follow","/it/risorse/checklists/checklist-iso-17025-laboratori-acqua-catena-custodia-coa.pdf; https://www.epa.gov/sites/default/files/2015-12/documents/method_1602_2001.pdf","exists; external-link","it","200","AquaVerify","","","","","","standard-resource-review"
"iso-17025-water-laboratories-guide","Guia tècnica","ca","/ca/recursos/iso-17025-laboratoris-aigua-cadena-custodia-coa","iso-17025-laboratoris-aigua-cadena-custodia-coa","https://aquaverify.com/ca/recursos/iso-17025-laboratoris-aigua-cadena-custodia-coa","x-default=https://aquaverify.com/resources/iso-17025-water-laboratories-chain-of-custody-coa; en=https://aquaverify.com/resources/iso-17025-water-laboratories-chain-of-custody-coa; es=https://aquaverify.com/es/recursos/iso-17025-laboratorios-analisis-agua; fr=https://aquaverify.com/fr/ressources/iso-17025-laboratoires-eau-chaine-custodie-coa; it=https://aquaverify.com/it/risorse/iso-17025-laboratori-acqua-catena-custodia-coa; ca=https://aquaverify.com/ca/recursos/iso-17025-laboratoris-aigua-cadena-custodia-coa","ISO/IEC 17025 per a laboratoris d’aigua: cadena de custòdia, CoA i traçabilitat digital | AquaVerify","ISO/IEC 17025 per a laboratoris d’aigua: cadena de custòdia, CoA i traçabilitat digital","Whitepaper pràctic per a laboratoris que han de reforçar control de mostra, execució de mètode, revisió, reporting i comunicació client sense prometre acreditació automàtica.","index, follow","/ca/recursos/checklists/checklist-iso-17025-laboratoris-aigua-cadena-custodia-coa.pdf; https://www.epa.gov/sites/default/files/2015-12/documents/method_1602_2001.pdf","exists; external-link","ca","200","AquaVerify","","","","","","standard-resource-review"
"water-safety-plans-traceable-control","Technical guide","en","/resources/water-safety-plans-traceable-control-program","water-safety-plans-traceable-control-program","https://aquaverify.com/resources/water-safety-plans-traceable-control-program","x-default=https://aquaverify.com/resources/water-safety-plans-traceable-control-program; en=https://aquaverify.com/resources/water-safety-plans-traceable-control-program; es=https://aquaverify.com/es/recursos/water-safety-plans-calidad-agua; fr=https://aquaverify.com/fr/ressources/water-safety-plans-programme-controle-tracable; it=https://aquaverify.com/it/risorse/water-safety-plans-programma-controllo-tracciabile; ca=https://aquaverify.com/ca/recursos/water-safety-plans-programa-control-tracable","Water Safety Plans: turning water risk into a traceable control program | AquaVerify","Water Safety Plans: turning water risk into a traceable control program","A guide to structure risk-based water control from catchment to point of use, connecting hazards, control points, microbiological indicators, corrective actions and digital evidence.","index, follow","/resources/checklists/checklist-water-safety-plans-traceable-control-program.pdf","exists","en","200","AquaVerify","","","","","","standard-resource-review"
"water-safety-plans-traceable-control","Guía técnica","es","/es/recursos/water-safety-plans-calidad-agua","water-safety-plans-calidad-agua","https://aquaverify.com/es/recursos/water-safety-plans-calidad-agua","x-default=https://aquaverify.com/resources/water-safety-plans-traceable-control-program; en=https://aquaverify.com/resources/water-safety-plans-traceable-control-program; es=https://aquaverify.com/es/recursos/water-safety-plans-calidad-agua; fr=https://aquaverify.com/fr/ressources/water-safety-plans-programme-controle-tracable; it=https://aquaverify.com/it/risorse/water-safety-plans-programma-controllo-tracciabile; ca=https://aquaverify.com/ca/recursos/water-safety-plans-programa-control-tracable","Water Safety Plans: cómo convertir el riesgo del agua en un programa de control trazable | AquaVerify","Water Safety Plans: cómo convertir el riesgo del agua en un programa de control trazable","Guía para operadores, utilities, municipios y laboratorios que quieren transformar la gestión preventiva del riesgo del agua en puntos de control, indicadores, evidencias, acciones y reporting.","index, follow","/es/recursos/checklists/checklist-water-safety-plan-trazable.pdf","exists","es","200","AquaVerify","","","","","","standard-resource-review"
"water-safety-plans-traceable-control","Guide technique","fr","/fr/ressources/water-safety-plans-programme-controle-tracable","water-safety-plans-programme-controle-tracable","https://aquaverify.com/fr/ressources/water-safety-plans-programme-controle-tracable","x-default=https://aquaverify.com/resources/water-safety-plans-traceable-control-program; en=https://aquaverify.com/resources/water-safety-plans-traceable-control-program; es=https://aquaverify.com/es/recursos/water-safety-plans-calidad-agua; fr=https://aquaverify.com/fr/ressources/water-safety-plans-programme-controle-tracable; it=https://aquaverify.com/it/risorse/water-safety-plans-programma-controllo-tracciabile; ca=https://aquaverify.com/ca/recursos/water-safety-plans-programa-control-tracable","Water Safety Plans : transformer le risque de l’eau en programme de contrôle traçable | AquaVerify","Water Safety Plans : transformer le risque de l’eau en programme de contrôle traçable","Guide pour structurer un contrôle de l’eau basé sur le risque, du captage au point d’usage, en connectant dangers, points de contrôle, indicateurs microbiologiques, actions correctives et preuve digitale.","index, follow","/fr/ressources/checklists/checklist-water-safety-plans-programme-controle-tracable.pdf","exists","fr","200","AquaVerify","","","","","","standard-resource-review"
"water-safety-plans-traceable-control","Guida tecnica","it","/it/risorse/water-safety-plans-programma-controllo-tracciabile","water-safety-plans-programma-controllo-tracciabile","https://aquaverify.com/it/risorse/water-safety-plans-programma-controllo-tracciabile","x-default=https://aquaverify.com/resources/water-safety-plans-traceable-control-program; en=https://aquaverify.com/resources/water-safety-plans-traceable-control-program; es=https://aquaverify.com/es/recursos/water-safety-plans-calidad-agua; fr=https://aquaverify.com/fr/ressources/water-safety-plans-programme-controle-tracable; it=https://aquaverify.com/it/risorse/water-safety-plans-programma-controllo-tracciabile; ca=https://aquaverify.com/ca/recursos/water-safety-plans-programa-control-tracable","Water Safety Plans: trasformare il rischio dell’acqua in un programma di controllo tracciabile | AquaVerify","Water Safety Plans: trasformare il rischio dell’acqua in un programma di controllo tracciabile","Guida per strutturare il controllo dell’acqua basato sul rischio, dalla captazione al punto d’uso, collegando pericoli, punti di controllo, indicatori microbiologici, azioni correttive ed evidenza digitale.","index, follow","/it/risorse/checklists/checklist-water-safety-plans-programma-controllo-tracciabile.pdf","exists","it","200","AquaVerify","","","","","","standard-resource-review"
"water-safety-plans-traceable-control","Guia tècnica","ca","/ca/recursos/water-safety-plans-programa-control-tracable","water-safety-plans-programa-control-tracable","https://aquaverify.com/ca/recursos/water-safety-plans-programa-control-tracable","x-default=https://aquaverify.com/resources/water-safety-plans-traceable-control-program; en=https://aquaverify.com/resources/water-safety-plans-traceable-control-program; es=https://aquaverify.com/es/recursos/water-safety-plans-calidad-agua; fr=https://aquaverify.com/fr/ressources/water-safety-plans-programme-controle-tracable; it=https://aquaverify.com/it/risorse/water-safety-plans-programma-controllo-tracciabile; ca=https://aquaverify.com/ca/recursos/water-safety-plans-programa-control-tracable","Water Safety Plans: convertir el risc de l’aigua en un programa de control traçable | AquaVerify","Water Safety Plans: convertir el risc de l’aigua en un programa de control traçable","Guia per estructurar el control de l’aigua basat en risc, des de captació fins a punt d’ús, connectant perills, punts de control, indicadors microbiològics, accions correctives i evidència digital.","index, follow","/ca/recursos/checklists/checklist-water-safety-plans-programa-control-tracable.pdf","exists","ca","200","AquaVerify","","","","","","standard-resource-review"
"food-beverage-water-microbiology-guide","Technical guide","en","/resources/food-beverage-water-microbiological-control-cip-audit","food-beverage-water-microbiological-control-cip-audit","https://aquaverify.com/resources/food-beverage-water-microbiological-control-cip-audit","x-default=https://aquaverify.com/resources/food-beverage-water-microbiological-control-cip-audit; en=https://aquaverify.com/resources/food-beverage-water-microbiological-control-cip-audit; es=https://aquaverify.com/es/recursos/agua-industria-alimentaria-rd-3-2023; fr=https://aquaverify.com/fr/ressources/eau-alimentation-boissons-controle-microbiologique-cip-audit; it=https://aquaverify.com/it/risorse/acqua-alimenti-bevande-controllo-microbiologico-cip-audit; ca=https://aquaverify.com/ca/recursos/aigua-alimentacio-begudes-control-microbiologic-cip-auditoria","Water in food and beverage: microbiological control, batch evidence, CIP and audit readiness | AquaVerify","Water in food and beverage: microbiological control, batch evidence, CIP and audit readiness","A practical guide for QA/QC teams that manage ingredient water, process water, rinse/CIP water, batch release evidence and audit documentation.","index, follow","/resources/checklists/checklist-food-beverage-water-microbiological-control-cip-audit.pdf; https://www.aesan.gob.es/AECOSAN/docs/documentos/seguridad_alimentaria/gestion_riesgos/Guia_aplicacion_armonizada_RD_3_2023_industria_alimentaria.pdf","exists; external-link","en","200","AquaVerify","","","","","","standard-resource-review"
"food-beverage-water-microbiology-guide","Guía técnica","es","/es/recursos/agua-industria-alimentaria-rd-3-2023","agua-industria-alimentaria-rd-3-2023","https://aquaverify.com/es/recursos/agua-industria-alimentaria-rd-3-2023","x-default=https://aquaverify.com/resources/food-beverage-water-microbiological-control-cip-audit; en=https://aquaverify.com/resources/food-beverage-water-microbiological-control-cip-audit; es=https://aquaverify.com/es/recursos/agua-industria-alimentaria-rd-3-2023; fr=https://aquaverify.com/fr/ressources/eau-alimentation-boissons-controle-microbiologique-cip-audit; it=https://aquaverify.com/it/risorse/acqua-alimenti-bevande-controllo-microbiologico-cip-audit; ca=https://aquaverify.com/ca/recursos/aigua-alimentacio-begudes-control-microbiologic-cip-auditoria","Agua en industria alimentaria: control microbiológico, lote, CIP y evidencia para auditoría | AquaVerify","Agua en industria alimentaria: control microbiológico, lote, CIP y evidencia para auditoría","Guía para QA/QC en alimentación y bebidas sobre agua como ingrediente, agua de proceso, CIP/enjuague, lote, desviaciones, registros y evidencias de auditoría conectables con productos AquaVerify y AquaVerify Cloud.","index, follow","/es/recursos/checklists/checklist-agua-industria-alimentaria.pdf; https://www.aesan.gob.es/AECOSAN/docs/documentos/seguridad_alimentaria/gestion_riesgos/Guia_aplicacion_armonizada_RD_3_2023_industria_alimentaria.pdf","exists; external-link","es","200","AquaVerify","","","","","","standard-resource-review"
"food-beverage-water-microbiology-guide","Guide technique","fr","/fr/ressources/eau-alimentation-boissons-controle-microbiologique-cip-audit","eau-alimentation-boissons-controle-microbiologique-cip-audit","https://aquaverify.com/fr/ressources/eau-alimentation-boissons-controle-microbiologique-cip-audit","x-default=https://aquaverify.com/resources/food-beverage-water-microbiological-control-cip-audit; en=https://aquaverify.com/resources/food-beverage-water-microbiological-control-cip-audit; es=https://aquaverify.com/es/recursos/agua-industria-alimentaria-rd-3-2023; fr=https://aquaverify.com/fr/ressources/eau-alimentation-boissons-controle-microbiologique-cip-audit; it=https://aquaverify.com/it/risorse/acqua-alimenti-bevande-controllo-microbiologico-cip-audit; ca=https://aquaverify.com/ca/recursos/aigua-alimentacio-begudes-control-microbiologic-cip-auditoria","Eau en alimentation et boissons : contrôle microbiologique, preuve lot, CIP et préparation audit | AquaVerify","Eau en alimentation et boissons : contrôle microbiologique, preuve lot, CIP et préparation audit","Guide pratique pour équipes QA/QC qui gèrent eau ingrédient, eau de process, rinçage/CIP, preuve par lot et documentation d’audit.","index, follow","/fr/ressources/checklists/checklist-eau-alimentation-boissons-controle-microbiologique-cip-audit.pdf; https://www.aesan.gob.es/AECOSAN/docs/documentos/seguridad_alimentaria/gestion_riesgos/Guia_aplicacion_armonizada_RD_3_2023_industria_alimentaria.pdf","exists; external-link","fr","200","AquaVerify","","","","","","standard-resource-review"
"food-beverage-water-microbiology-guide","Guida tecnica","it","/it/risorse/acqua-alimenti-bevande-controllo-microbiologico-cip-audit","acqua-alimenti-bevande-controllo-microbiologico-cip-audit","https://aquaverify.com/it/risorse/acqua-alimenti-bevande-controllo-microbiologico-cip-audit","x-default=https://aquaverify.com/resources/food-beverage-water-microbiological-control-cip-audit; en=https://aquaverify.com/resources/food-beverage-water-microbiological-control-cip-audit; es=https://aquaverify.com/es/recursos/agua-industria-alimentaria-rd-3-2023; fr=https://aquaverify.com/fr/ressources/eau-alimentation-boissons-controle-microbiologique-cip-audit; it=https://aquaverify.com/it/risorse/acqua-alimenti-bevande-controllo-microbiologico-cip-audit; ca=https://aquaverify.com/ca/recursos/aigua-alimentacio-begudes-control-microbiologic-cip-auditoria","Acqua in alimenti e bevande: controllo microbiologico, evidenza lotto, CIP e audit readiness | AquaVerify","Acqua in alimenti e bevande: controllo microbiologico, evidenza lotto, CIP e audit readiness","Guida pratica per team QA/QC che gestiscono acqua ingrediente, acqua di processo, risciacquo/CIP, evidenza di lotto e documentazione audit.","index, follow","/it/risorse/checklists/checklist-acqua-alimenti-bevande-controllo-microbiologico-cip-audit.pdf; https://www.aesan.gob.es/AECOSAN/docs/documentos/seguridad_alimentaria/gestion_riesgos/Guia_aplicacion_armonizada_RD_3_2023_industria_alimentaria.pdf","exists; external-link","it","200","AquaVerify","","","","","","standard-resource-review"
"food-beverage-water-microbiology-guide","Guia tècnica","ca","/ca/recursos/aigua-alimentacio-begudes-control-microbiologic-cip-auditoria","aigua-alimentacio-begudes-control-microbiologic-cip-auditoria","https://aquaverify.com/ca/recursos/aigua-alimentacio-begudes-control-microbiologic-cip-auditoria","x-default=https://aquaverify.com/resources/food-beverage-water-microbiological-control-cip-audit; en=https://aquaverify.com/resources/food-beverage-water-microbiological-control-cip-audit; es=https://aquaverify.com/es/recursos/agua-industria-alimentaria-rd-3-2023; fr=https://aquaverify.com/fr/ressources/eau-alimentation-boissons-controle-microbiologique-cip-audit; it=https://aquaverify.com/it/risorse/acqua-alimenti-bevande-controllo-microbiologico-cip-audit; ca=https://aquaverify.com/ca/recursos/aigua-alimentacio-begudes-control-microbiologic-cip-auditoria","Aigua en alimentació i begudes: control microbiològic, evidència de lot, CIP i preparació d’auditoria | AquaVerify","Aigua en alimentació i begudes: control microbiològic, evidència de lot, CIP i preparació d’auditoria","Guia pràctica per a equips QA/QC que gestionen aigua ingredient, aigua de procés, esbandida/CIP, evidència de lot i documentació d’auditoria.","index, follow","/ca/recursos/checklists/checklist-aigua-alimentacio-begudes-control-microbiologic-cip-auditoria.pdf; https://www.aesan.gob.es/AECOSAN/docs/documentos/seguridad_alimentaria/gestion_riesgos/Guia_aplicacion_armonizada_RD_3_2023_industria_alimentaria.pdf","exists; external-link","ca","200","AquaVerify","","","","","","standard-resource-review"
"legionella-facility-water-risk-guide","Technical guide","en","/resources/legionella-water-risk-management-facilities","legionella-water-risk-management-facilities","https://aquaverify.com/resources/legionella-water-risk-management-facilities","x-default=https://aquaverify.com/resources/legionella-water-risk-management-facilities; en=https://aquaverify.com/resources/legionella-water-risk-management-facilities; es=https://aquaverify.com/es/recursos/legionella-gestion-riesgo-instalaciones; fr=https://aquaverify.com/fr/ressources/legionella-gestion-risque-eau-installations; it=https://aquaverify.com/it/risorse/legionella-gestione-rischio-acqua-strutture; ca=https://aquaverify.com/ca/recursos/legionella-gestio-risc-aigua-instalacions","Water risk management in facilities: Legionella, terminal points and traceability | AquaVerify","Water risk management in facilities: Legionella, terminal points and traceability","A practical guide for facilities, hotels, spas, healthcare buildings and multi-site operators that need to coordinate water risk plans, sampling, corrective actions, supplier evidence and inspections.","index, follow","/resources/checklists/checklist-legionella-water-risk-management-facilities.pdf","exists","en","200","AquaVerify","","","","","","standard-resource-review"
"legionella-facility-water-risk-guide","Guía técnica","es","/es/recursos/legionella-gestion-riesgo-instalaciones","legionella-gestion-riesgo-instalaciones","https://aquaverify.com/es/recursos/legionella-gestion-riesgo-instalaciones","x-default=https://aquaverify.com/resources/legionella-water-risk-management-facilities; en=https://aquaverify.com/resources/legionella-water-risk-management-facilities; es=https://aquaverify.com/es/recursos/legionella-gestion-riesgo-instalaciones; fr=https://aquaverify.com/fr/ressources/legionella-gestion-risque-eau-installations; it=https://aquaverify.com/it/risorse/legionella-gestione-rischio-acqua-strutture; ca=https://aquaverify.com/ca/recursos/legionella-gestio-risc-aigua-instalacions","Gestión del riesgo del agua en instalaciones: Legionella, puntos terminales y trazabilidad | AquaVerify","Gestión del riesgo del agua en instalaciones: Legionella, puntos terminales y trazabilidad","Guía para facilities, hoteles, hospitales, centros deportivos, spas y gestores multi-sede que necesitan ordenar riesgo de Legionella, puntos terminales, proveedores, laboratorio, acciones correctivas e inspecciones.","index, follow","/es/recursos/checklists/checklist-legionella-instalaciones.pdf; https://www.sanidad.gob.es/ciudadanos/saludAmbLaboral/docs/Respuestas_a_las_custiones_mas_frecuentes_RD_487_2022.pdf","exists; external-link","es","200","AquaVerify","","","","","","standard-resource-review"
"legionella-facility-water-risk-guide","Guide technique","fr","/fr/ressources/legionella-gestion-risque-eau-installations","legionella-gestion-risque-eau-installations","https://aquaverify.com/fr/ressources/legionella-gestion-risque-eau-installations","x-default=https://aquaverify.com/resources/legionella-water-risk-management-facilities; en=https://aquaverify.com/resources/legionella-water-risk-management-facilities; es=https://aquaverify.com/es/recursos/legionella-gestion-riesgo-instalaciones; fr=https://aquaverify.com/fr/ressources/legionella-gestion-risque-eau-installations; it=https://aquaverify.com/it/risorse/legionella-gestione-rischio-acqua-strutture; ca=https://aquaverify.com/ca/recursos/legionella-gestio-risc-aigua-instalacions","Gestion du risque eau dans les installations : Legionella, points terminaux et traçabilité | AquaVerify","Gestion du risque eau dans les installations : Legionella, points terminaux et traçabilité","Guide pratique pour installations, hôtels, spas, bâtiments de santé et opérateurs multi-sites qui coordonnent plans de risque eau, prélèvements, actions correctives, preuves fournisseurs et inspections.","index, follow","/fr/ressources/checklists/checklist-legionella-gestion-risque-eau-installations.pdf","exists","fr","200","AquaVerify","","","","","","standard-resource-review"
"legionella-facility-water-risk-guide","Guida tecnica","it","/it/risorse/legionella-gestione-rischio-acqua-strutture","legionella-gestione-rischio-acqua-strutture","https://aquaverify.com/it/risorse/legionella-gestione-rischio-acqua-strutture","x-default=https://aquaverify.com/resources/legionella-water-risk-management-facilities; en=https://aquaverify.com/resources/legionella-water-risk-management-facilities; es=https://aquaverify.com/es/recursos/legionella-gestion-riesgo-instalaciones; fr=https://aquaverify.com/fr/ressources/legionella-gestion-risque-eau-installations; it=https://aquaverify.com/it/risorse/legionella-gestione-rischio-acqua-strutture; ca=https://aquaverify.com/ca/recursos/legionella-gestio-risc-aigua-instalacions","Gestione del rischio acqua nelle strutture: Legionella, punti terminali e tracciabilità | AquaVerify","Gestione del rischio acqua nelle strutture: Legionella, punti terminali e tracciabilità","Guida pratica per strutture, hotel, spa, edifici sanitari e operatori multi-sito che coordinano piani di rischio acqua, campionamenti, azioni correttive, evidenze fornitori e ispezioni.","index, follow","/it/risorse/checklists/checklist-legionella-gestione-rischio-acqua-strutture.pdf","exists","it","200","AquaVerify","","","","","","standard-resource-review"
"legionella-facility-water-risk-guide","Guia tècnica","ca","/ca/recursos/legionella-gestio-risc-aigua-instalacions","legionella-gestio-risc-aigua-instalacions","https://aquaverify.com/ca/recursos/legionella-gestio-risc-aigua-instalacions","x-default=https://aquaverify.com/resources/legionella-water-risk-management-facilities; en=https://aquaverify.com/resources/legionella-water-risk-management-facilities; es=https://aquaverify.com/es/recursos/legionella-gestion-riesgo-instalaciones; fr=https://aquaverify.com/fr/ressources/legionella-gestion-risque-eau-installations; it=https://aquaverify.com/it/risorse/legionella-gestione-rischio-acqua-strutture; ca=https://aquaverify.com/ca/recursos/legionella-gestio-risc-aigua-instalacions","Gestió del risc de l’aigua en instal·lacions: Legionella, punts terminals i traçabilitat | AquaVerify","Gestió del risc de l’aigua en instal·lacions: Legionella, punts terminals i traçabilitat","Guia pràctica per a instal·lacions, hotels, spas, edificis sanitaris i operadors multi-seu que coordinen plans de risc d’aigua, mostreigs, accions correctives, evidències de proveïdors i inspeccions.","index, follow","/ca/recursos/checklists/checklist-legionella-gestio-risc-aigua-instalacions.pdf","exists","ca","200","AquaVerify","","","","","","standard-resource-review"
"iso-19458-water-microbiological-sampling","Technical guide","en","/resources/iso-19458-water-microbiological-sampling","iso-19458-water-microbiological-sampling","https://aquaverify.com/resources/iso-19458-water-microbiological-sampling","x-default=https://aquaverify.com/resources/iso-19458-water-microbiological-sampling; en=https://aquaverify.com/resources/iso-19458-water-microbiological-sampling; es=https://aquaverify.com/es/recursos/iso-19458-muestreo-microbiologico-agua; fr=https://aquaverify.com/fr/ressources/iso-19458-echantillonnage-microbiologique-eau; it=https://aquaverify.com/it/risorse/iso-19458-campionamento-microbiologico-acqua; ca=https://aquaverify.com/ca/recursos/iso-19458-mostreig-microbiologic-aigua","ISO 19458 and microbiological water sampling: planning, collection and transport with traceability | AquaVerify","ISO 19458 and microbiological water sampling: planning, collection and transport with traceability","A practical guide for laboratories, utilities, facilities, food plants, industry and agriculture teams that need to control sampling points, containers, preservation, transport, chain of custody and digital evidence.","index, follow","/resources/checklists/checklist-iso-19458-water-microbiological-sampling.pdf; https://www.epa.gov/sites/default/files/2015-12/documents/method_1602_2001.pdf","exists; external-link","en","200","AquaVerify","","","","","","standard-resource-review"
"iso-19458-water-microbiological-sampling","Guía técnica","es","/es/recursos/iso-19458-muestreo-microbiologico-agua","iso-19458-muestreo-microbiologico-agua","https://aquaverify.com/es/recursos/iso-19458-muestreo-microbiologico-agua","x-default=https://aquaverify.com/resources/iso-19458-water-microbiological-sampling; en=https://aquaverify.com/resources/iso-19458-water-microbiological-sampling; es=https://aquaverify.com/es/recursos/iso-19458-muestreo-microbiologico-agua; fr=https://aquaverify.com/fr/ressources/iso-19458-echantillonnage-microbiologique-eau; it=https://aquaverify.com/it/risorse/iso-19458-campionamento-microbiologico-acqua; ca=https://aquaverify.com/ca/recursos/iso-19458-mostreig-microbiologic-aigua","ISO 19458 y muestreo microbiológico del agua: cómo planificar, tomar y transportar muestras con trazabilidad | AquaVerify","ISO 19458 y muestreo microbiológico del agua: cómo planificar, tomar y transportar muestras con trazabilidad","Guía práctica para laboratorios, utilities, instalaciones, alimentación, industria y agricultura que necesitan controlar puntos de muestreo, recipientes, conservación, transporte, cadena de custodia y evidencia digital.","index, follow","/es/recursos/checklists/checklist-iso-19458-muestreo-microbiologico-agua.pdf; https://www.epa.gov/sites/default/files/2015-12/documents/method_1602_2001.pdf","exists; external-link","es","200","AquaVerify","","","","","","standard-resource-review"
"iso-19458-water-microbiological-sampling","Guide technique","fr","/fr/ressources/iso-19458-echantillonnage-microbiologique-eau","iso-19458-echantillonnage-microbiologique-eau","https://aquaverify.com/fr/ressources/iso-19458-echantillonnage-microbiologique-eau","x-default=https://aquaverify.com/resources/iso-19458-water-microbiological-sampling; en=https://aquaverify.com/resources/iso-19458-water-microbiological-sampling; es=https://aquaverify.com/es/recursos/iso-19458-muestreo-microbiologico-agua; fr=https://aquaverify.com/fr/ressources/iso-19458-echantillonnage-microbiologique-eau; it=https://aquaverify.com/it/risorse/iso-19458-campionamento-microbiologico-acqua; ca=https://aquaverify.com/ca/recursos/iso-19458-mostreig-microbiologic-aigua","ISO 19458 et échantillonnage microbiologique de l’eau : planifier, prélever et transporter avec traçabilité | AquaVerify","ISO 19458 et échantillonnage microbiologique de l’eau : planifier, prélever et transporter avec traçabilité","Guide pratique pour laboratoires, utilities, installations, agroalimentaire, industrie et agriculture qui doivent contrôler points de prélèvement, récipients, conservation, transport, chaîne de custodie et preuve digitale.","index, follow","/fr/ressources/checklists/checklist-iso-19458-echantillonnage-microbiologique-eau.pdf; https://www.epa.gov/sites/default/files/2015-12/documents/method_1602_2001.pdf","exists; external-link","fr","200","AquaVerify","","","","","","standard-resource-review"
"iso-19458-water-microbiological-sampling","Guida tecnica","it","/it/risorse/iso-19458-campionamento-microbiologico-acqua","iso-19458-campionamento-microbiologico-acqua","https://aquaverify.com/it/risorse/iso-19458-campionamento-microbiologico-acqua","x-default=https://aquaverify.com/resources/iso-19458-water-microbiological-sampling; en=https://aquaverify.com/resources/iso-19458-water-microbiological-sampling; es=https://aquaverify.com/es/recursos/iso-19458-muestreo-microbiologico-agua; fr=https://aquaverify.com/fr/ressources/iso-19458-echantillonnage-microbiologique-eau; it=https://aquaverify.com/it/risorse/iso-19458-campionamento-microbiologico-acqua; ca=https://aquaverify.com/ca/recursos/iso-19458-mostreig-microbiologic-aigua","ISO 19458 e campionamento microbiologico dell’acqua: pianificazione, prelievo e trasporto con tracciabilità | AquaVerify","ISO 19458 e campionamento microbiologico dell’acqua: pianificazione, prelievo e trasporto con tracciabilità","Guida pratica per laboratori, utility, strutture, food, industria e agricoltura che devono controllare punti di campionamento, contenitori, conservazione, trasporto, catena di custodia ed evidenza digitale.","index, follow","/it/risorse/checklists/checklist-iso-19458-campionamento-microbiologico-acqua.pdf; https://www.epa.gov/sites/default/files/2015-12/documents/method_1602_2001.pdf","exists; external-link","it","200","AquaVerify","","","","","","standard-resource-review"
"iso-19458-water-microbiological-sampling","Guia tècnica","ca","/ca/recursos/iso-19458-mostreig-microbiologic-aigua","iso-19458-mostreig-microbiologic-aigua","https://aquaverify.com/ca/recursos/iso-19458-mostreig-microbiologic-aigua","x-default=https://aquaverify.com/resources/iso-19458-water-microbiological-sampling; en=https://aquaverify.com/resources/iso-19458-water-microbiological-sampling; es=https://aquaverify.com/es/recursos/iso-19458-muestreo-microbiologico-agua; fr=https://aquaverify.com/fr/ressources/iso-19458-echantillonnage-microbiologique-eau; it=https://aquaverify.com/it/risorse/iso-19458-campionamento-microbiologico-acqua; ca=https://aquaverify.com/ca/recursos/iso-19458-mostreig-microbiologic-aigua","ISO 19458 i mostreig microbiològic de l’aigua: planificar, prendre i transportar mostres amb traçabilitat | AquaVerify","ISO 19458 i mostreig microbiològic de l’aigua: planificar, prendre i transportar mostres amb traçabilitat","Guia pràctica per a laboratoris, utilities, instal·lacions, alimentació, indústria i agricultura que han de controlar punts de mostreig, recipients, conservació, transport, cadena de custòdia i evidència digital.","index, follow","/ca/recursos/checklists/checklist-iso-19458-mostreig-microbiologic-aigua.pdf; https://www.epa.gov/sites/default/files/2015-12/documents/method_1602_2001.pdf","exists; external-link","ca","200","AquaVerify","","","","","","standard-resource-review"
"excel-to-lims-water-analysis","Technical guide","en","/resources/excel-to-lims-water-analysis","excel-to-lims-water-analysis","https://aquaverify.com/resources/excel-to-lims-water-analysis","x-default=https://aquaverify.com/resources/excel-to-lims-water-analysis; en=https://aquaverify.com/resources/excel-to-lims-water-analysis; es=https://aquaverify.com/es/recursos/excel-a-lims-analisis-agua; fr=https://aquaverify.com/fr/ressources/excel-vers-lims-analyse-eau; it=https://aquaverify.com/it/risorse/da-excel-a-lims-analisi-acqua; ca=https://aquaverify.com/ca/recursos/excel-a-lims-analisi-aigua","From Excel to LIMS: digitizing water samples, results and reports | AquaVerify","From Excel to LIMS: digitizing water samples, results and reports","A guide for laboratories, distributors and quality teams moving from spreadsheets and email to a traceable flow with LIMS, CoA, customer portal, inventory and operational follow-up.","index, follow","/resources/checklists/checklist-excel-to-lims-water-analysis.pdf","exists","en","200","AquaVerify","","","","","","standard-resource-review"
"excel-to-lims-water-analysis","Guía técnica","es","/es/recursos/excel-a-lims-analisis-agua","excel-a-lims-analisis-agua","https://aquaverify.com/es/recursos/excel-a-lims-analisis-agua","x-default=https://aquaverify.com/resources/excel-to-lims-water-analysis; en=https://aquaverify.com/resources/excel-to-lims-water-analysis; es=https://aquaverify.com/es/recursos/excel-a-lims-analisis-agua; fr=https://aquaverify.com/fr/ressources/excel-vers-lims-analyse-eau; it=https://aquaverify.com/it/risorse/da-excel-a-lims-analisi-acqua; ca=https://aquaverify.com/ca/recursos/excel-a-lims-analisi-aigua","De Excel a LIMS: cómo digitalizar muestras, resultados e informes de agua | AquaVerify","De Excel a LIMS: cómo digitalizar muestras, resultados e informes de agua","Guía para laboratorios, distribuidores y equipos de calidad que quieren pasar de hojas de cálculo y correo a un flujo trazable con LIMS, CoA, portal cliente, inventario y seguimiento operativo.","index, follow","/es/recursos/checklists/checklist-excel-a-lims-analisis-agua.pdf","exists","es","200","AquaVerify","","","","","","standard-resource-review"
"excel-to-lims-water-analysis","Guide technique","fr","/fr/ressources/excel-vers-lims-analyse-eau","excel-vers-lims-analyse-eau","https://aquaverify.com/fr/ressources/excel-vers-lims-analyse-eau","x-default=https://aquaverify.com/resources/excel-to-lims-water-analysis; en=https://aquaverify.com/resources/excel-to-lims-water-analysis; es=https://aquaverify.com/es/recursos/excel-a-lims-analisis-agua; fr=https://aquaverify.com/fr/ressources/excel-vers-lims-analyse-eau; it=https://aquaverify.com/it/risorse/da-excel-a-lims-analisi-acqua; ca=https://aquaverify.com/ca/recursos/excel-a-lims-analisi-aigua","D’Excel au LIMS : digitaliser les échantillons, résultats et rapports d’eau | AquaVerify","D’Excel au LIMS : digitaliser les échantillons, résultats et rapports d’eau","Guide pour laboratoires, distributeurs et équipes qualité qui passent des tableurs et emails à un flux traçable avec LIMS, CoA, portail client, inventaire et suivi opérationnel.","index, follow","/fr/ressources/checklists/checklist-excel-vers-lims-analyse-eau.pdf","exists","fr","200","AquaVerify","","","","","","standard-resource-review"
"excel-to-lims-water-analysis","Guida tecnica","it","/it/risorse/da-excel-a-lims-analisi-acqua","da-excel-a-lims-analisi-acqua","https://aquaverify.com/it/risorse/da-excel-a-lims-analisi-acqua","x-default=https://aquaverify.com/resources/excel-to-lims-water-analysis; en=https://aquaverify.com/resources/excel-to-lims-water-analysis; es=https://aquaverify.com/es/recursos/excel-a-lims-analisis-agua; fr=https://aquaverify.com/fr/ressources/excel-vers-lims-analyse-eau; it=https://aquaverify.com/it/risorse/da-excel-a-lims-analisi-acqua; ca=https://aquaverify.com/ca/recursos/excel-a-lims-analisi-aigua","Da Excel a LIMS: digitalizzare campioni, risultati e report dell’acqua | AquaVerify","Da Excel a LIMS: digitalizzare campioni, risultati e report dell’acqua","Guida per laboratori, distributori e team qualità che passano da fogli di calcolo ed email a un flusso tracciabile con LIMS, CoA, portale cliente, inventario e follow-up operativo.","index, follow","/it/risorse/checklists/checklist-da-excel-a-lims-analisi-acqua.pdf","exists","it","200","AquaVerify","","","","","","standard-resource-review"
"excel-to-lims-water-analysis","Guia tècnica","ca","/ca/recursos/excel-a-lims-analisi-aigua","excel-a-lims-analisi-aigua","https://aquaverify.com/ca/recursos/excel-a-lims-analisi-aigua","x-default=https://aquaverify.com/resources/excel-to-lims-water-analysis; en=https://aquaverify.com/resources/excel-to-lims-water-analysis; es=https://aquaverify.com/es/recursos/excel-a-lims-analisis-agua; fr=https://aquaverify.com/fr/ressources/excel-vers-lims-analyse-eau; it=https://aquaverify.com/it/risorse/da-excel-a-lims-analisi-acqua; ca=https://aquaverify.com/ca/recursos/excel-a-lims-analisi-aigua","D’Excel a LIMS: digitalitzar mostres, resultats i informes d’aigua | AquaVerify","D’Excel a LIMS: digitalitzar mostres, resultats i informes d’aigua","Guia per a laboratoris, distribuïdors i equips de qualitat que passen de fulls de càlcul i correus a un flux traçable amb LIMS, CoA, portal client, inventari i seguiment operatiu.","index, follow","/ca/recursos/checklists/checklist-excel-a-lims-analisi-aigua.pdf","exists","ca","200","AquaVerify","","","","","","standard-resource-review"
"oem-white-label-water-testing-kits","Technical guide","en","/resources/oem-white-label-water-testing-kits","oem-white-label-water-testing-kits","https://aquaverify.com/resources/oem-white-label-water-testing-kits","x-default=https://aquaverify.com/resources/oem-white-label-water-testing-kits; en=https://aquaverify.com/resources/oem-white-label-water-testing-kits; es=https://aquaverify.com/es/recursos/oem-kits-analisis-agua-marca-blanca; fr=https://aquaverify.com/fr/ressources/oem-marque-blanche-kits-analyse-eau; it=https://aquaverify.com/it/risorse/oem-white-label-kit-analisi-acqua; ca=https://aquaverify.com/ca/recursos/oem-marca-blanca-kits-analisi-aigua","OEM and white label water testing kits: guide for distributors and partners | AquaVerify","OEM and white label water testing kits: guide for distributors and partners","A commercial and technical guide to evaluate AquaVerify distribution, co-branding, white label, packaging, documentation, training, software and territorial scaling.","index, follow","/resources/checklists/checklist-oem-white-label-water-testing-kits.pdf; https://www.epa.gov/sites/default/files/2015-12/documents/method_1602_2001.pdf","exists; external-link","en","200","AquaVerify","","","","","","standard-resource-review"
"oem-white-label-water-testing-kits","Guía técnica","es","/es/recursos/oem-kits-analisis-agua-marca-blanca","oem-kits-analisis-agua-marca-blanca","https://aquaverify.com/es/recursos/oem-kits-analisis-agua-marca-blanca","x-default=https://aquaverify.com/resources/oem-white-label-water-testing-kits; en=https://aquaverify.com/resources/oem-white-label-water-testing-kits; es=https://aquaverify.com/es/recursos/oem-kits-analisis-agua-marca-blanca; fr=https://aquaverify.com/fr/ressources/oem-marque-blanche-kits-analyse-eau; it=https://aquaverify.com/it/risorse/oem-white-label-kit-analisi-acqua; ca=https://aquaverify.com/ca/recursos/oem-marca-blanca-kits-analisi-aigua","OEM y marca blanca en kits de análisis de agua: guía para distribuidores y partners | AquaVerify","OEM y marca blanca en kits de análisis de agua: guía para distribuidores y partners","Guía comercial y técnica para evaluar distribución AquaVerify, co-branding, marca blanca, packaging, documentación, formación, software y escalado por territorio.","index, follow","/es/recursos/checklists/checklist-oem-marca-blanca-kits-analisis-agua.pdf; https://www.epa.gov/sites/default/files/2015-12/documents/method_1602_2001.pdf","exists; external-link","es","200","AquaVerify","","","","","","standard-resource-review"
"oem-white-label-water-testing-kits","Guide technique","fr","/fr/ressources/oem-marque-blanche-kits-analyse-eau","oem-marque-blanche-kits-analyse-eau","https://aquaverify.com/fr/ressources/oem-marque-blanche-kits-analyse-eau","x-default=https://aquaverify.com/resources/oem-white-label-water-testing-kits; en=https://aquaverify.com/resources/oem-white-label-water-testing-kits; es=https://aquaverify.com/es/recursos/oem-kits-analisis-agua-marca-blanca; fr=https://aquaverify.com/fr/ressources/oem-marque-blanche-kits-analyse-eau; it=https://aquaverify.com/it/risorse/oem-white-label-kit-analisi-acqua; ca=https://aquaverify.com/ca/recursos/oem-marca-blanca-kits-analisi-aigua","OEM et marque blanche pour kits d’analyse de l’eau : guide pour distributeurs et partenaires | AquaVerify","OEM et marque blanche pour kits d’analyse de l’eau : guide pour distributeurs et partenaires","Guide commercial et technique pour évaluer distribution AquaVerify, co-branding, marque blanche, packaging, documentation, formation, logiciel et déploiement territorial.","index, follow","/fr/ressources/checklists/checklist-oem-marque-blanche-kits-analyse-eau.pdf; https://www.epa.gov/sites/default/files/2015-12/documents/method_1602_2001.pdf","exists; external-link","fr","200","AquaVerify","","","","","","standard-resource-review"
"oem-white-label-water-testing-kits","Guida tecnica","it","/it/risorse/oem-white-label-kit-analisi-acqua","oem-white-label-kit-analisi-acqua","https://aquaverify.com/it/risorse/oem-white-label-kit-analisi-acqua","x-default=https://aquaverify.com/resources/oem-white-label-water-testing-kits; en=https://aquaverify.com/resources/oem-white-label-water-testing-kits; es=https://aquaverify.com/es/recursos/oem-kits-analisis-agua-marca-blanca; fr=https://aquaverify.com/fr/ressources/oem-marque-blanche-kits-analyse-eau; it=https://aquaverify.com/it/risorse/oem-white-label-kit-analisi-acqua; ca=https://aquaverify.com/ca/recursos/oem-marca-blanca-kits-analisi-aigua","OEM e white label nei kit di analisi dell’acqua: guida per distributori e partner | AquaVerify","OEM e white label nei kit di analisi dell’acqua: guida per distributori e partner","Guida commerciale e tecnica per valutare distribuzione AquaVerify, co-branding, white label, packaging, documentazione, formazione, software e scalabilità territoriale.","index, follow","/it/risorse/checklists/checklist-oem-white-label-kit-analisi-acqua.pdf; https://www.epa.gov/sites/default/files/2015-12/documents/method_1602_2001.pdf","exists; external-link","it","200","AquaVerify","","","","","","standard-resource-review"
"oem-white-label-water-testing-kits","Guia tècnica","ca","/ca/recursos/oem-marca-blanca-kits-analisi-aigua","oem-marca-blanca-kits-analisi-aigua","https://aquaverify.com/ca/recursos/oem-marca-blanca-kits-analisi-aigua","x-default=https://aquaverify.com/resources/oem-white-label-water-testing-kits; en=https://aquaverify.com/resources/oem-white-label-water-testing-kits; es=https://aquaverify.com/es/recursos/oem-kits-analisis-agua-marca-blanca; fr=https://aquaverify.com/fr/ressources/oem-marque-blanche-kits-analyse-eau; it=https://aquaverify.com/it/risorse/oem-white-label-kit-analisi-acqua; ca=https://aquaverify.com/ca/recursos/oem-marca-blanca-kits-analisi-aigua","OEM i marca blanca en kits d’anàlisi d’aigua: guia per a distribuïdors i partners | AquaVerify","OEM i marca blanca en kits d’anàlisi d’aigua: guia per a distribuïdors i partners","Guia comercial i tècnica per avaluar distribució AquaVerify, co-branding, marca blanca, packaging, documentació, formació, software i escalat territorial.","index, follow","/ca/recursos/checklists/checklist-oem-marca-blanca-kits-analisi-aigua.pdf; https://www.epa.gov/sites/default/files/2015-12/documents/method_1602_2001.pdf","exists; external-link","ca","200","AquaVerify","","","","","","standard-resource-review"
"aquacoli-enumera-coli100-validation","AquaVerify validation report","en","/resources/aquacoli-enumera-coli100-iso-9308-2-validation","aquacoli-enumera-coli100-iso-9308-2-validation","https://aquaverify.com/resources/aquacoli-enumera-coli100-iso-9308-2-validation","x-default=https://aquaverify.com/resources/aquacoli-enumera-coli100-iso-9308-2-validation; en=https://aquaverify.com/resources/aquacoli-enumera-coli100-iso-9308-2-validation; es=https://aquaverify.com/es/recursos/validacion-aquacoli-enumera-coli100-iso-9308-2; fr=https://aquaverify.com/fr/ressources/validation-aquacoli-enumera-coli100-iso-9308-2; it=https://aquaverify.com/it/risorse/validazione-aquacoli-enumera-coli100-iso-9308-2; ca=https://aquaverify.com/ca/recursos/validacio-aquacoli-enumera-coli100-iso-9308-2","AquaColi / ENUMERA Coli100 validation against ISO 9308-2 | AquaVerify","AquaColi / ENUMERA Coli100 validation against ISO 9308-2","Technical paper on a chromogenic MPN method for E. coli and total coliforms in 100 mL water samples, with validation evidence against ISO 9308-2 across five water matrices.","index, follow","/resources/aquacoli-enumera-coli100/enumera-mpn-table-supplementary-material.pdf","exists","en","200","AquaVerify","","","2026-06-18","","","source-documented"
"aquacoli-enumera-coli100-validation","Informe de validación AquaVerify","es","/es/recursos/validacion-aquacoli-enumera-coli100-iso-9308-2","validacion-aquacoli-enumera-coli100-iso-9308-2","https://aquaverify.com/es/recursos/validacion-aquacoli-enumera-coli100-iso-9308-2","x-default=https://aquaverify.com/resources/aquacoli-enumera-coli100-iso-9308-2-validation; en=https://aquaverify.com/resources/aquacoli-enumera-coli100-iso-9308-2-validation; es=https://aquaverify.com/es/recursos/validacion-aquacoli-enumera-coli100-iso-9308-2; fr=https://aquaverify.com/fr/ressources/validation-aquacoli-enumera-coli100-iso-9308-2; it=https://aquaverify.com/it/risorse/validazione-aquacoli-enumera-coli100-iso-9308-2; ca=https://aquaverify.com/ca/recursos/validacio-aquacoli-enumera-coli100-iso-9308-2","Validación AquaColi / ENUMERA Coli100 frente a ISO 9308-2 | AquaVerify","Validación AquaColi / ENUMERA Coli100 frente a ISO 9308-2","Paper técnico sobre un método cromogénico MPN para E. coli y coliformes totales en 100 mL de agua, con evidencia de validación frente a ISO 9308-2 en cinco matrices.","index, follow","/resources/aquacoli-enumera-coli100/enumera-mpn-table-supplementary-material.pdf","exists","es","200","AquaVerify","","","2026-06-18","","","source-documented"
"aquacoli-enumera-coli100-validation","Rapport de validation AquaVerify","fr","/fr/ressources/validation-aquacoli-enumera-coli100-iso-9308-2","validation-aquacoli-enumera-coli100-iso-9308-2","https://aquaverify.com/fr/ressources/validation-aquacoli-enumera-coli100-iso-9308-2","x-default=https://aquaverify.com/resources/aquacoli-enumera-coli100-iso-9308-2-validation; en=https://aquaverify.com/resources/aquacoli-enumera-coli100-iso-9308-2-validation; es=https://aquaverify.com/es/recursos/validacion-aquacoli-enumera-coli100-iso-9308-2; fr=https://aquaverify.com/fr/ressources/validation-aquacoli-enumera-coli100-iso-9308-2; it=https://aquaverify.com/it/risorse/validazione-aquacoli-enumera-coli100-iso-9308-2; ca=https://aquaverify.com/ca/recursos/validacio-aquacoli-enumera-coli100-iso-9308-2","Validation AquaColi / ENUMERA Coli100 face à ISO 9308-2 | AquaVerify","Validation AquaColi / ENUMERA Coli100 face à ISO 9308-2","Paper technique sur une méthode MPN chromogénique pour E. coli et coliformes totaux dans 100 mL d’eau, avec validation face à ISO 9308-2 sur cinq matrices.","index, follow","/resources/aquacoli-enumera-coli100/enumera-mpn-table-supplementary-material.pdf","exists","fr","200","AquaVerify","","","2026-06-18","","","source-documented"
"aquacoli-enumera-coli100-validation","Report di validazione AquaVerify","it","/it/risorse/validazione-aquacoli-enumera-coli100-iso-9308-2","validazione-aquacoli-enumera-coli100-iso-9308-2","https://aquaverify.com/it/risorse/validazione-aquacoli-enumera-coli100-iso-9308-2","x-default=https://aquaverify.com/resources/aquacoli-enumera-coli100-iso-9308-2-validation; en=https://aquaverify.com/resources/aquacoli-enumera-coli100-iso-9308-2-validation; es=https://aquaverify.com/es/recursos/validacion-aquacoli-enumera-coli100-iso-9308-2; fr=https://aquaverify.com/fr/ressources/validation-aquacoli-enumera-coli100-iso-9308-2; it=https://aquaverify.com/it/risorse/validazione-aquacoli-enumera-coli100-iso-9308-2; ca=https://aquaverify.com/ca/recursos/validacio-aquacoli-enumera-coli100-iso-9308-2","Validazione AquaColi / ENUMERA Coli100 rispetto a ISO 9308-2 | AquaVerify","Validazione AquaColi / ENUMERA Coli100 rispetto a ISO 9308-2","Paper tecnico su un metodo MPN cromogenico per E. coli e coliformi totali in 100 mL di acqua, con validazione rispetto a ISO 9308-2 su cinque matrici.","index, follow","/resources/aquacoli-enumera-coli100/enumera-mpn-table-supplementary-material.pdf","exists","it","200","AquaVerify","","","2026-06-18","","","source-documented"
"aquacoli-enumera-coli100-validation","Informe de validació AquaVerify","ca","/ca/recursos/validacio-aquacoli-enumera-coli100-iso-9308-2","validacio-aquacoli-enumera-coli100-iso-9308-2","https://aquaverify.com/ca/recursos/validacio-aquacoli-enumera-coli100-iso-9308-2","x-default=https://aquaverify.com/resources/aquacoli-enumera-coli100-iso-9308-2-validation; en=https://aquaverify.com/resources/aquacoli-enumera-coli100-iso-9308-2-validation; es=https://aquaverify.com/es/recursos/validacion-aquacoli-enumera-coli100-iso-9308-2; fr=https://aquaverify.com/fr/ressources/validation-aquacoli-enumera-coli100-iso-9308-2; it=https://aquaverify.com/it/risorse/validazione-aquacoli-enumera-coli100-iso-9308-2; ca=https://aquaverify.com/ca/recursos/validacio-aquacoli-enumera-coli100-iso-9308-2","Validació AquaColi / ENUMERA Coli100 davant ISO 9308-2 | AquaVerify","Validació AquaColi / ENUMERA Coli100 davant ISO 9308-2","Paper tècnic sobre un mètode MPN cromogènic per a E. coli i coliformes totals en 100 mL d’aigua, amb validació davant ISO 9308-2 en cinc matrius.","index, follow","/resources/aquacoli-enumera-coli100/enumera-mpn-table-supplementary-material.pdf","exists","ca","200","AquaVerify","","","2026-06-18","","","source-documented"
"urban-wastewater-wbe-multiviral-valencian-region","External research summary","en","/resources/urban-wastewater-wbe-multiviral-valencian-region","urban-wastewater-wbe-multiviral-valencian-region","https://aquaverify.com/resources/urban-wastewater-wbe-multiviral-valencian-region","x-default=https://aquaverify.com/resources/urban-wastewater-wbe-multiviral-valencian-region; en=https://aquaverify.com/resources/urban-wastewater-wbe-multiviral-valencian-region; es=https://aquaverify.com/es/recursos/epidemiologia-aguas-residuales-vigilancia-multiviral-valencia; fr=https://aquaverify.com/fr/ressources/epidemiologie-eaux-usees-surveillance-multivirale-valence; it=https://aquaverify.com/it/risorse/epidemiologia-acque-reflue-sorveglianza-multivirale-valencia; ca=https://aquaverify.com/ca/recursos/epidemiologia-aigues-residuals-vigilancia-multiviral-valencia","Urban wastewater-based epidemiology for multi-viral pathogen surveillance in the Valencian region | AquaVerify","Urban wastewater-based epidemiology for multi-viral pathogen surveillance in the Valencian region","Scientific paper on wastewater-based epidemiology in Valencia, tracking SARS-CoV-2, RSV, influenza A, enteric viruses and viral faecal indicators.","index, follow","","not-applicable","","200","AquaVerify","","","2026-06-18","https://doi.org/10.1016/j.watres.2024.121463","10.1016/j.watres.2024.121463","source-documented"
"urban-wastewater-wbe-multiviral-valencian-region","Resumen de investigación externa","es","/es/recursos/epidemiologia-aguas-residuales-vigilancia-multiviral-valencia","epidemiologia-aguas-residuales-vigilancia-multiviral-valencia","https://aquaverify.com/es/recursos/epidemiologia-aguas-residuales-vigilancia-multiviral-valencia","x-default=https://aquaverify.com/resources/urban-wastewater-wbe-multiviral-valencian-region; en=https://aquaverify.com/resources/urban-wastewater-wbe-multiviral-valencian-region; es=https://aquaverify.com/es/recursos/epidemiologia-aguas-residuales-vigilancia-multiviral-valencia; fr=https://aquaverify.com/fr/ressources/epidemiologie-eaux-usees-surveillance-multivirale-valence; it=https://aquaverify.com/it/risorse/epidemiologia-acque-reflue-sorveglianza-multivirale-valencia; ca=https://aquaverify.com/ca/recursos/epidemiologia-aigues-residuals-vigilancia-multiviral-valencia","Epidemiología basada en aguas residuales urbanas para vigilancia multiviral en la región valenciana | AquaVerify","Epidemiología basada en aguas residuales urbanas para vigilancia multiviral en la región valenciana","Paper científico sobre epidemiología basada en aguas residuales en Valencia, con SARS-CoV-2, RSV, gripe A, virus entéricos e indicadores virales fecales.","index, follow","","not-applicable","","200","AquaVerify","","","2026-06-18","https://doi.org/10.1016/j.watres.2024.121463","10.1016/j.watres.2024.121463","source-documented"
"urban-wastewater-wbe-multiviral-valencian-region","Résumé de recherche externe","fr","/fr/ressources/epidemiologie-eaux-usees-surveillance-multivirale-valence","epidemiologie-eaux-usees-surveillance-multivirale-valence","https://aquaverify.com/fr/ressources/epidemiologie-eaux-usees-surveillance-multivirale-valence","x-default=https://aquaverify.com/resources/urban-wastewater-wbe-multiviral-valencian-region; en=https://aquaverify.com/resources/urban-wastewater-wbe-multiviral-valencian-region; es=https://aquaverify.com/es/recursos/epidemiologia-aguas-residuales-vigilancia-multiviral-valencia; fr=https://aquaverify.com/fr/ressources/epidemiologie-eaux-usees-surveillance-multivirale-valence; it=https://aquaverify.com/it/risorse/epidemiologia-acque-reflue-sorveglianza-multivirale-valencia; ca=https://aquaverify.com/ca/recursos/epidemiologia-aigues-residuals-vigilancia-multiviral-valencia","Épidémiologie des eaux usées urbaines pour la surveillance multivirale dans la région de Valence | AquaVerify","Épidémiologie des eaux usées urbaines pour la surveillance multivirale dans la région de Valence","Article scientifique sur l’épidémiologie basée sur les eaux usées à Valence: SARS-CoV-2, RSV, grippe A, virus entériques et indicateurs viraux fécaux.","index, follow","","not-applicable","","200","AquaVerify","","","2026-06-18","https://doi.org/10.1016/j.watres.2024.121463","10.1016/j.watres.2024.121463","source-documented"
"urban-wastewater-wbe-multiviral-valencian-region","Sintesi di ricerca esterna","it","/it/risorse/epidemiologia-acque-reflue-sorveglianza-multivirale-valencia","epidemiologia-acque-reflue-sorveglianza-multivirale-valencia","https://aquaverify.com/it/risorse/epidemiologia-acque-reflue-sorveglianza-multivirale-valencia","x-default=https://aquaverify.com/resources/urban-wastewater-wbe-multiviral-valencian-region; en=https://aquaverify.com/resources/urban-wastewater-wbe-multiviral-valencian-region; es=https://aquaverify.com/es/recursos/epidemiologia-aguas-residuales-vigilancia-multiviral-valencia; fr=https://aquaverify.com/fr/ressources/epidemiologie-eaux-usees-surveillance-multivirale-valence; it=https://aquaverify.com/it/risorse/epidemiologia-acque-reflue-sorveglianza-multivirale-valencia; ca=https://aquaverify.com/ca/recursos/epidemiologia-aigues-residuals-vigilancia-multiviral-valencia","Epidemiologia basata sulle acque reflue urbane per la sorveglianza multivirale nella regione valenciana | AquaVerify","Epidemiologia basata sulle acque reflue urbane per la sorveglianza multivirale nella regione valenciana","Paper scientifico su epidemiologia basata sulle acque reflue a Valencia: SARS-CoV-2, RSV, influenza A, virus enterici e indicatori virali fecali.","index, follow","","not-applicable","","200","AquaVerify","","","2026-06-18","https://doi.org/10.1016/j.watres.2024.121463","10.1016/j.watres.2024.121463","source-documented"
"urban-wastewater-wbe-multiviral-valencian-region","Resum de recerca externa","ca","/ca/recursos/epidemiologia-aigues-residuals-vigilancia-multiviral-valencia","epidemiologia-aigues-residuals-vigilancia-multiviral-valencia","https://aquaverify.com/ca/recursos/epidemiologia-aigues-residuals-vigilancia-multiviral-valencia","x-default=https://aquaverify.com/resources/urban-wastewater-wbe-multiviral-valencian-region; en=https://aquaverify.com/resources/urban-wastewater-wbe-multiviral-valencian-region; es=https://aquaverify.com/es/recursos/epidemiologia-aguas-residuales-vigilancia-multiviral-valencia; fr=https://aquaverify.com/fr/ressources/epidemiologie-eaux-usees-surveillance-multivirale-valence; it=https://aquaverify.com/it/risorse/epidemiologia-acque-reflue-sorveglianza-multivirale-valencia; ca=https://aquaverify.com/ca/recursos/epidemiologia-aigues-residuals-vigilancia-multiviral-valencia","Epidemiologia basada en aigües residuals urbanes per a vigilància multiviral a la regió valenciana | AquaVerify","Epidemiologia basada en aigües residuals urbanes per a vigilància multiviral a la regió valenciana","Paper científic sobre epidemiologia basada en aigües residuals a València: SARS-CoV-2, RSV, grip A, virus entèrics i indicadors virals fecals.","index, follow","","not-applicable","","200","AquaVerify","","","2026-06-18","https://doi.org/10.1016/j.watres.2024.121463","10.1016/j.watres.2024.121463","source-documented"
"viral-pollution-wastewater-mediterranean-ecosystems","External research summary","en","/resources/viral-pollution-wastewater-mediterranean-ecosystems","viral-pollution-wastewater-mediterranean-ecosystems","https://aquaverify.com/resources/viral-pollution-wastewater-mediterranean-ecosystems","x-default=https://aquaverify.com/resources/viral-pollution-wastewater-mediterranean-ecosystems; en=https://aquaverify.com/resources/viral-pollution-wastewater-mediterranean-ecosystems; es=https://aquaverify.com/es/recursos/contaminacion-viral-aguas-residuales-ecosistemas-mediterraneos; fr=https://aquaverify.com/fr/ressources/pollution-virale-eaux-usees-ecosystemes-mediterraneens; it=https://aquaverify.com/it/risorse/inquinamento-virale-acque-reflue-ecosistemi-mediterranei; ca=https://aquaverify.com/ca/recursos/contaminacio-viral-aigues-residuals-ecosistemes-mediterranis","Evaluating viral pollution in wastewater and Mediterranean ecosystems | AquaVerify","Evaluating viral pollution in wastewater and Mediterranean ecosystems","Scientific paper assessing human enteric and respiratory viruses, faecal indicators, reclaimed wastewater, biosolids, surface water and sediment in Mediterranean protected areas.","index, follow","","not-applicable","","200","AquaVerify","","","2026-06-18","https://doi.org/10.1007/s12560-026-09693-3","10.1007/s12560-026-09693-3","source-documented"
"viral-pollution-wastewater-mediterranean-ecosystems","Resumen de investigación externa","es","/es/recursos/contaminacion-viral-aguas-residuales-ecosistemas-mediterraneos","contaminacion-viral-aguas-residuales-ecosistemas-mediterraneos","https://aquaverify.com/es/recursos/contaminacion-viral-aguas-residuales-ecosistemas-mediterraneos","x-default=https://aquaverify.com/resources/viral-pollution-wastewater-mediterranean-ecosystems; en=https://aquaverify.com/resources/viral-pollution-wastewater-mediterranean-ecosystems; es=https://aquaverify.com/es/recursos/contaminacion-viral-aguas-residuales-ecosistemas-mediterraneos; fr=https://aquaverify.com/fr/ressources/pollution-virale-eaux-usees-ecosystemes-mediterraneens; it=https://aquaverify.com/it/risorse/inquinamento-virale-acque-reflue-ecosistemi-mediterranei; ca=https://aquaverify.com/ca/recursos/contaminacio-viral-aigues-residuals-ecosistemes-mediterranis","Evaluación de contaminación viral en aguas residuales y ecosistemas mediterráneos | AquaVerify","Evaluación de contaminación viral en aguas residuales y ecosistemas mediterráneos","Paper científico sobre virus entéricos y respiratorios, indicadores fecales, agua regenerada, biosólidos, agua superficial y sedimentos en áreas mediterráneas protegidas.","index, follow","","not-applicable","","200","AquaVerify","","","2026-06-18","https://doi.org/10.1007/s12560-026-09693-3","10.1007/s12560-026-09693-3","source-documented"
"viral-pollution-wastewater-mediterranean-ecosystems","Résumé de recherche externe","fr","/fr/ressources/pollution-virale-eaux-usees-ecosystemes-mediterraneens","pollution-virale-eaux-usees-ecosystemes-mediterraneens","https://aquaverify.com/fr/ressources/pollution-virale-eaux-usees-ecosystemes-mediterraneens","x-default=https://aquaverify.com/resources/viral-pollution-wastewater-mediterranean-ecosystems; en=https://aquaverify.com/resources/viral-pollution-wastewater-mediterranean-ecosystems; es=https://aquaverify.com/es/recursos/contaminacion-viral-aguas-residuales-ecosistemas-mediterraneos; fr=https://aquaverify.com/fr/ressources/pollution-virale-eaux-usees-ecosystemes-mediterraneens; it=https://aquaverify.com/it/risorse/inquinamento-virale-acque-reflue-ecosistemi-mediterranei; ca=https://aquaverify.com/ca/recursos/contaminacio-viral-aigues-residuals-ecosistemes-mediterranis","Évaluation de la pollution virale dans les eaux usées et les écosystèmes méditerranéens | AquaVerify","Évaluation de la pollution virale dans les eaux usées et les écosystèmes méditerranéens","Article scientifique sur virus entériques et respiratoires, indicateurs fécaux, eau réutilisée, biosolides, eaux de surface et sédiments en zones méditerranéennes protégées.","index, follow","","not-applicable","","200","AquaVerify","","","2026-06-18","https://doi.org/10.1007/s12560-026-09693-3","10.1007/s12560-026-09693-3","source-documented"
"viral-pollution-wastewater-mediterranean-ecosystems","Sintesi di ricerca esterna","it","/it/risorse/inquinamento-virale-acque-reflue-ecosistemi-mediterranei","inquinamento-virale-acque-reflue-ecosistemi-mediterranei","https://aquaverify.com/it/risorse/inquinamento-virale-acque-reflue-ecosistemi-mediterranei","x-default=https://aquaverify.com/resources/viral-pollution-wastewater-mediterranean-ecosystems; en=https://aquaverify.com/resources/viral-pollution-wastewater-mediterranean-ecosystems; es=https://aquaverify.com/es/recursos/contaminacion-viral-aguas-residuales-ecosistemas-mediterraneos; fr=https://aquaverify.com/fr/ressources/pollution-virale-eaux-usees-ecosystemes-mediterraneens; it=https://aquaverify.com/it/risorse/inquinamento-virale-acque-reflue-ecosistemi-mediterranei; ca=https://aquaverify.com/ca/recursos/contaminacio-viral-aigues-residuals-ecosistemes-mediterranis","Valutazione dell’inquinamento virale nelle acque reflue e negli ecosistemi mediterranei | AquaVerify","Valutazione dell’inquinamento virale nelle acque reflue e negli ecosistemi mediterranei","Paper scientifico su virus enterici e respiratori, indicatori fecali, acqua rigenerata, biosolidi, acqua superficiale e sedimenti in aree mediterranee protette.","index, follow","","not-applicable","","200","AquaVerify","","","2026-06-18","https://doi.org/10.1007/s12560-026-09693-3","10.1007/s12560-026-09693-3","source-documented"
"viral-pollution-wastewater-mediterranean-ecosystems","Resum de recerca externa","ca","/ca/recursos/contaminacio-viral-aigues-residuals-ecosistemes-mediterranis","contaminacio-viral-aigues-residuals-ecosistemes-mediterranis","https://aquaverify.com/ca/recursos/contaminacio-viral-aigues-residuals-ecosistemes-mediterranis","x-default=https://aquaverify.com/resources/viral-pollution-wastewater-mediterranean-ecosystems; en=https://aquaverify.com/resources/viral-pollution-wastewater-mediterranean-ecosystems; es=https://aquaverify.com/es/recursos/contaminacion-viral-aguas-residuales-ecosistemas-mediterraneos; fr=https://aquaverify.com/fr/ressources/pollution-virale-eaux-usees-ecosystemes-mediterraneens; it=https://aquaverify.com/it/risorse/inquinamento-virale-acque-reflue-ecosistemi-mediterranei; ca=https://aquaverify.com/ca/recursos/contaminacio-viral-aigues-residuals-ecosistemes-mediterranis","Avaluació de contaminació viral en aigües residuals i ecosistemes mediterranis | AquaVerify","Avaluació de contaminació viral en aigües residuals i ecosistemes mediterranis","Paper científic sobre virus entèrics i respiratoris, indicadors fecals, aigua regenerada, biosòlids, aigua superficial i sediments en àrees mediterrànies protegides.","index, follow","","not-applicable","","200","AquaVerify","","","2026-06-18","https://doi.org/10.1007/s12560-026-09693-3","10.1007/s12560-026-09693-3","source-documented"
"sars-cov-2-surrogates-decay-aquatic-environments","External research summary","en","/resources/sars-cov-2-surrogates-decay-aquatic-environments","sars-cov-2-surrogates-decay-aquatic-environments","https://aquaverify.com/resources/sars-cov-2-surrogates-decay-aquatic-environments","x-default=https://aquaverify.com/resources/sars-cov-2-surrogates-decay-aquatic-environments; en=https://aquaverify.com/resources/sars-cov-2-surrogates-decay-aquatic-environments; es=https://aquaverify.com/es/recursos/decaimiento-sars-cov-2-sustitutos-ambientes-acuaticos; fr=https://aquaverify.com/fr/ressources/decroissance-sars-cov-2-substituts-milieux-aquatiques; it=https://aquaverify.com/it/risorse/decadimento-sars-cov-2-surrogati-ambienti-acquatici; ca=https://aquaverify.com/ca/recursos/decaiment-sars-cov-2-substituts-ambients-aquatics","Decay of infectious SARS-CoV-2 and surrogates in aquatic environments | AquaVerify","Decay of infectious SARS-CoV-2 and surrogates in aquatic environments","Water Research paper comparing infectious SARS-CoV-2 decay, viral RNA persistence and MS2 or PMMoV surrogate behaviour in river water and seawater.","index, follow","","not-applicable","","200","AquaVerify","","","2026-06-18","https://doi.org/10.1016/j.watres.2021.117090","10.1016/j.watres.2021.117090","source-documented"
"sars-cov-2-surrogates-decay-aquatic-environments","Resumen de investigación externa","es","/es/recursos/decaimiento-sars-cov-2-sustitutos-ambientes-acuaticos","decaimiento-sars-cov-2-sustitutos-ambientes-acuaticos","https://aquaverify.com/es/recursos/decaimiento-sars-cov-2-sustitutos-ambientes-acuaticos","x-default=https://aquaverify.com/resources/sars-cov-2-surrogates-decay-aquatic-environments; en=https://aquaverify.com/resources/sars-cov-2-surrogates-decay-aquatic-environments; es=https://aquaverify.com/es/recursos/decaimiento-sars-cov-2-sustitutos-ambientes-acuaticos; fr=https://aquaverify.com/fr/ressources/decroissance-sars-cov-2-substituts-milieux-aquatiques; it=https://aquaverify.com/it/risorse/decadimento-sars-cov-2-surrogati-ambienti-acquatici; ca=https://aquaverify.com/ca/recursos/decaiment-sars-cov-2-substituts-ambients-aquatics","Decaimiento de SARS-CoV-2 infeccioso y sustitutos en ambientes acuáticos | AquaVerify","Decaimiento de SARS-CoV-2 infeccioso y sustitutos en ambientes acuáticos","Paper de Water Research que compara decaimiento de SARS-CoV-2 infeccioso, persistencia de ARN viral y comportamiento de sustitutos MS2 o PMMoV en agua de río y marina.","index, follow","","not-applicable","","200","AquaVerify","","","2026-06-18","https://doi.org/10.1016/j.watres.2021.117090","10.1016/j.watres.2021.117090","source-documented"
"sars-cov-2-surrogates-decay-aquatic-environments","Résumé de recherche externe","fr","/fr/ressources/decroissance-sars-cov-2-substituts-milieux-aquatiques","decroissance-sars-cov-2-substituts-milieux-aquatiques","https://aquaverify.com/fr/ressources/decroissance-sars-cov-2-substituts-milieux-aquatiques","x-default=https://aquaverify.com/resources/sars-cov-2-surrogates-decay-aquatic-environments; en=https://aquaverify.com/resources/sars-cov-2-surrogates-decay-aquatic-environments; es=https://aquaverify.com/es/recursos/decaimiento-sars-cov-2-sustitutos-ambientes-acuaticos; fr=https://aquaverify.com/fr/ressources/decroissance-sars-cov-2-substituts-milieux-aquatiques; it=https://aquaverify.com/it/risorse/decadimento-sars-cov-2-surrogati-ambienti-acquatici; ca=https://aquaverify.com/ca/recursos/decaiment-sars-cov-2-substituts-ambients-aquatics","Décroissance du SARS-CoV-2 infectieux et de substituts en milieux aquatiques | AquaVerify","Décroissance du SARS-CoV-2 infectieux et de substituts en milieux aquatiques","Article Water Research comparant décroissance du SARS-CoV-2 infectieux, persistance ARN viral et comportement de substituts MS2 ou PMMoV en eau de rivière et eau de mer.","index, follow","","not-applicable","","200","AquaVerify","","","2026-06-18","https://doi.org/10.1016/j.watres.2021.117090","10.1016/j.watres.2021.117090","source-documented"
"sars-cov-2-surrogates-decay-aquatic-environments","Sintesi di ricerca esterna","it","/it/risorse/decadimento-sars-cov-2-surrogati-ambienti-acquatici","decadimento-sars-cov-2-surrogati-ambienti-acquatici","https://aquaverify.com/it/risorse/decadimento-sars-cov-2-surrogati-ambienti-acquatici","x-default=https://aquaverify.com/resources/sars-cov-2-surrogates-decay-aquatic-environments; en=https://aquaverify.com/resources/sars-cov-2-surrogates-decay-aquatic-environments; es=https://aquaverify.com/es/recursos/decaimiento-sars-cov-2-sustitutos-ambientes-acuaticos; fr=https://aquaverify.com/fr/ressources/decroissance-sars-cov-2-substituts-milieux-aquatiques; it=https://aquaverify.com/it/risorse/decadimento-sars-cov-2-surrogati-ambienti-acquatici; ca=https://aquaverify.com/ca/recursos/decaiment-sars-cov-2-substituts-ambients-aquatics","Decadimento di SARS-CoV-2 infettivo e surrogati in ambienti acquatici | AquaVerify","Decadimento di SARS-CoV-2 infettivo e surrogati in ambienti acquatici","Paper Water Research che confronta decadimento di SARS-CoV-2 infettivo, persistenza dell’RNA virale e comportamento dei surrogati MS2 o PMMoV in acqua di fiume e mare.","index, follow","","not-applicable","","200","AquaVerify","","","2026-06-18","https://doi.org/10.1016/j.watres.2021.117090","10.1016/j.watres.2021.117090","source-documented"
"sars-cov-2-surrogates-decay-aquatic-environments","Resum de recerca externa","ca","/ca/recursos/decaiment-sars-cov-2-substituts-ambients-aquatics","decaiment-sars-cov-2-substituts-ambients-aquatics","https://aquaverify.com/ca/recursos/decaiment-sars-cov-2-substituts-ambients-aquatics","x-default=https://aquaverify.com/resources/sars-cov-2-surrogates-decay-aquatic-environments; en=https://aquaverify.com/resources/sars-cov-2-surrogates-decay-aquatic-environments; es=https://aquaverify.com/es/recursos/decaimiento-sars-cov-2-sustitutos-ambientes-acuaticos; fr=https://aquaverify.com/fr/ressources/decroissance-sars-cov-2-substituts-milieux-aquatiques; it=https://aquaverify.com/it/risorse/decadimento-sars-cov-2-surrogati-ambienti-acquatici; ca=https://aquaverify.com/ca/recursos/decaiment-sars-cov-2-substituts-ambients-aquatics","Decaïment de SARS-CoV-2 infecciós i substituts en ambients aquàtics | AquaVerify","Decaïment de SARS-CoV-2 infecciós i substituts en ambients aquàtics","Paper de Water Research que compara decaïment de SARS-CoV-2 infecciós, persistència d’ARN viral i comportament de substituts MS2 o PMMoV en aigua de riu i marina.","index, follow","","not-applicable","","200","AquaVerify","","","2026-06-18","https://doi.org/10.1016/j.watres.2021.117090","10.1016/j.watres.2021.117090","source-documented"
"somatic-coliphage-method-comparison-water","Conference communication","en","/resources/somatic-coliphage-method-comparison-water","somatic-coliphage-method-comparison-water","https://aquaverify.com/resources/somatic-coliphage-method-comparison-water","x-default=https://aquaverify.com/resources/somatic-coliphage-method-comparison-water; en=https://aquaverify.com/resources/somatic-coliphage-method-comparison-water; es=https://aquaverify.com/es/recursos/comparativa-metodos-colifagos-somaticos-agua; fr=https://aquaverify.com/fr/ressources/comparaison-methodes-coliphages-somatiques-eau; it=https://aquaverify.com/it/risorse/confronto-metodi-colifagi-somatici-acqua; ca=https://aquaverify.com/ca/recursos/comparativa-metodes-colifags-somatics-aigua","Comparative study of two methods for detecting and quantifying somatic coliphages in water | AquaVerify","Comparative study of two methods for detecting and quantifying somatic coliphages in water","Conference paper comparing a standardized somatic coliphage method with the Bluephage Easy Kit, including recovery, precision, uncertainty and practical tradeoffs.","index, follow","","not-applicable","","200","AquaVerify","","","2026-06-18","VI Congreso Nacional del Agua","","needs-editorial-review"
"somatic-coliphage-method-comparison-water","Comunicación a congreso","es","/es/recursos/comparativa-metodos-colifagos-somaticos-agua","comparativa-metodos-colifagos-somaticos-agua","https://aquaverify.com/es/recursos/comparativa-metodos-colifagos-somaticos-agua","x-default=https://aquaverify.com/resources/somatic-coliphage-method-comparison-water; en=https://aquaverify.com/resources/somatic-coliphage-method-comparison-water; es=https://aquaverify.com/es/recursos/comparativa-metodos-colifagos-somaticos-agua; fr=https://aquaverify.com/fr/ressources/comparaison-methodes-coliphages-somatiques-eau; it=https://aquaverify.com/it/risorse/confronto-metodi-colifagi-somatici-acqua; ca=https://aquaverify.com/ca/recursos/comparativa-metodes-colifags-somatics-aigua","Estudio comparativo de dos métodos de detección y cuantificación de colífagos somáticos en agua | AquaVerify","Estudio comparativo de dos métodos de detección y cuantificación de colífagos somáticos en agua","Comunicación científica que compara un método estandarizado de colífagos somáticos con Bluephage Easy Kit, incluyendo recuperación, precisión, incertidumbre y aspectos prácticos.","index, follow","","not-applicable","","200","AquaVerify","","","2026-06-18","VI Congreso Nacional del Agua","","needs-editorial-review"
"somatic-coliphage-method-comparison-water","Communication de congrès","fr","/fr/ressources/comparaison-methodes-coliphages-somatiques-eau","comparaison-methodes-coliphages-somatiques-eau","https://aquaverify.com/fr/ressources/comparaison-methodes-coliphages-somatiques-eau","x-default=https://aquaverify.com/resources/somatic-coliphage-method-comparison-water; en=https://aquaverify.com/resources/somatic-coliphage-method-comparison-water; es=https://aquaverify.com/es/recursos/comparativa-metodos-colifagos-somaticos-agua; fr=https://aquaverify.com/fr/ressources/comparaison-methodes-coliphages-somatiques-eau; it=https://aquaverify.com/it/risorse/confronto-metodi-colifagi-somatici-acqua; ca=https://aquaverify.com/ca/recursos/comparativa-metodes-colifags-somatics-aigua","Étude comparative de deux méthodes de détection et quantification des coliphages somatiques dans l’eau | AquaVerify","Étude comparative de deux méthodes de détection et quantification des coliphages somatiques dans l’eau","Communication scientifique comparant une méthode standardisée de coliphages somatiques avec Bluephage Easy Kit: récupération, précision, incertitude et aspects pratiques.","index, follow","","not-applicable","","200","AquaVerify","","","2026-06-18","VI Congreso Nacional del Agua","","needs-editorial-review"
"somatic-coliphage-method-comparison-water","Comunicazione a congresso","it","/it/risorse/confronto-metodi-colifagi-somatici-acqua","confronto-metodi-colifagi-somatici-acqua","https://aquaverify.com/it/risorse/confronto-metodi-colifagi-somatici-acqua","x-default=https://aquaverify.com/resources/somatic-coliphage-method-comparison-water; en=https://aquaverify.com/resources/somatic-coliphage-method-comparison-water; es=https://aquaverify.com/es/recursos/comparativa-metodos-colifagos-somaticos-agua; fr=https://aquaverify.com/fr/ressources/comparaison-methodes-coliphages-somatiques-eau; it=https://aquaverify.com/it/risorse/confronto-metodi-colifagi-somatici-acqua; ca=https://aquaverify.com/ca/recursos/comparativa-metodes-colifags-somatics-aigua","Studio comparativo di due metodi per rilevare e quantificare colifagi somatici nell’acqua | AquaVerify","Studio comparativo di due metodi per rilevare e quantificare colifagi somatici nell’acqua","Comunicazione scientifica che confronta un metodo standardizzato per colifagi somatici con Bluephage Easy Kit: recupero, precisione, incertezza e aspetti pratici.","index, follow","","not-applicable","","200","AquaVerify","","","2026-06-18","VI Congreso Nacional del Agua","","needs-editorial-review"
"somatic-coliphage-method-comparison-water","Comunicació a congrés","ca","/ca/recursos/comparativa-metodes-colifags-somatics-aigua","comparativa-metodes-colifags-somatics-aigua","https://aquaverify.com/ca/recursos/comparativa-metodes-colifags-somatics-aigua","x-default=https://aquaverify.com/resources/somatic-coliphage-method-comparison-water; en=https://aquaverify.com/resources/somatic-coliphage-method-comparison-water; es=https://aquaverify.com/es/recursos/comparativa-metodos-colifagos-somaticos-agua; fr=https://aquaverify.com/fr/ressources/comparaison-methodes-coliphages-somatiques-eau; it=https://aquaverify.com/it/risorse/confronto-metodi-colifagi-somatici-acqua; ca=https://aquaverify.com/ca/recursos/comparativa-metodes-colifags-somatics-aigua","Estudi comparatiu de dos mètodes de detecció i quantificació de colífags somàtics en aigua | AquaVerify","Estudi comparatiu de dos mètodes de detecció i quantificació de colífags somàtics en aigua","Comunicació científica que compara un mètode estandarditzat de colífags somàtics amb Bluephage Easy Kit: recuperació, precisió, incertesa i aspectes pràctics.","index, follow","","not-applicable","","200","AquaVerify","","","2026-06-18","VI Congreso Nacional del Agua","","needs-editorial-review"
"enteric-viruses-antibiotic-resistance-genes-mussels","External research summary","en","/resources/enteric-viruses-antibiotic-resistance-genes-mussels","enteric-viruses-antibiotic-resistance-genes-mussels","https://aquaverify.com/resources/enteric-viruses-antibiotic-resistance-genes-mussels","x-default=https://aquaverify.com/resources/enteric-viruses-antibiotic-resistance-genes-mussels; en=https://aquaverify.com/resources/enteric-viruses-antibiotic-resistance-genes-mussels; es=https://aquaverify.com/es/recursos/virus-entericos-genes-resistencia-antibioticos-mejillones; fr=https://aquaverify.com/fr/ressources/virus-enteriques-genes-resistance-antibiotiques-moules; it=https://aquaverify.com/it/risorse/virus-enterici-geni-resistenza-antibiotici-cozze; ca=https://aquaverify.com/ca/recursos/virus-enterics-gens-resistencia-antibiotics-musclos","Potentially infectious human enteric viruses and antibiotic resistance genes in mussels | AquaVerify","Potentially infectious human enteric viruses and antibiotic resistance genes in mussels","Food and Environmental Virology paper on enteric viruses, viral indicators and antibiotic resistance genes in mussels from the Campania region, Italy.","index, follow","","not-applicable","","200","AquaVerify","","","2026-06-18","https://doi.org/10.1007/s12560-025-09635-5","10.1007/s12560-025-09635-5","source-documented"
"enteric-viruses-antibiotic-resistance-genes-mussels","Resumen de investigación externa","es","/es/recursos/virus-entericos-genes-resistencia-antibioticos-mejillones","virus-entericos-genes-resistencia-antibioticos-mejillones","https://aquaverify.com/es/recursos/virus-entericos-genes-resistencia-antibioticos-mejillones","x-default=https://aquaverify.com/resources/enteric-viruses-antibiotic-resistance-genes-mussels; en=https://aquaverify.com/resources/enteric-viruses-antibiotic-resistance-genes-mussels; es=https://aquaverify.com/es/recursos/virus-entericos-genes-resistencia-antibioticos-mejillones; fr=https://aquaverify.com/fr/ressources/virus-enteriques-genes-resistance-antibiotiques-moules; it=https://aquaverify.com/it/risorse/virus-enterici-geni-resistenza-antibiotici-cozze; ca=https://aquaverify.com/ca/recursos/virus-enterics-gens-resistencia-antibiotics-musclos","Virus entéricos humanos potencialmente infecciosos y genes de resistencia a antibióticos en mejillones | AquaVerify","Virus entéricos humanos potencialmente infecciosos y genes de resistencia a antibióticos en mejillones","Paper de Food and Environmental Virology sobre virus entéricos, indicadores virales y genes de resistencia a antibióticos en mejillones de Campania, Italia.","index, follow","","not-applicable","","200","AquaVerify","","","2026-06-18","https://doi.org/10.1007/s12560-025-09635-5","10.1007/s12560-025-09635-5","source-documented"
"enteric-viruses-antibiotic-resistance-genes-mussels","Résumé de recherche externe","fr","/fr/ressources/virus-enteriques-genes-resistance-antibiotiques-moules","virus-enteriques-genes-resistance-antibiotiques-moules","https://aquaverify.com/fr/ressources/virus-enteriques-genes-resistance-antibiotiques-moules","x-default=https://aquaverify.com/resources/enteric-viruses-antibiotic-resistance-genes-mussels; en=https://aquaverify.com/resources/enteric-viruses-antibiotic-resistance-genes-mussels; es=https://aquaverify.com/es/recursos/virus-entericos-genes-resistencia-antibioticos-mejillones; fr=https://aquaverify.com/fr/ressources/virus-enteriques-genes-resistance-antibiotiques-moules; it=https://aquaverify.com/it/risorse/virus-enterici-geni-resistenza-antibiotici-cozze; ca=https://aquaverify.com/ca/recursos/virus-enterics-gens-resistencia-antibiotics-musclos","Virus entériques humains potentiellement infectieux et gènes de résistance aux antibiotiques dans les moules | AquaVerify","Virus entériques humains potentiellement infectieux et gènes de résistance aux antibiotiques dans les moules","Article Food and Environmental Virology sur virus entériques, indicateurs viraux et gènes de résistance aux antibiotiques dans des moules de Campanie, Italie.","index, follow","","not-applicable","","200","AquaVerify","","","2026-06-18","https://doi.org/10.1007/s12560-025-09635-5","10.1007/s12560-025-09635-5","source-documented"
"enteric-viruses-antibiotic-resistance-genes-mussels","Sintesi di ricerca esterna","it","/it/risorse/virus-enterici-geni-resistenza-antibiotici-cozze","virus-enterici-geni-resistenza-antibiotici-cozze","https://aquaverify.com/it/risorse/virus-enterici-geni-resistenza-antibiotici-cozze","x-default=https://aquaverify.com/resources/enteric-viruses-antibiotic-resistance-genes-mussels; en=https://aquaverify.com/resources/enteric-viruses-antibiotic-resistance-genes-mussels; es=https://aquaverify.com/es/recursos/virus-entericos-genes-resistencia-antibioticos-mejillones; fr=https://aquaverify.com/fr/ressources/virus-enteriques-genes-resistance-antibiotiques-moules; it=https://aquaverify.com/it/risorse/virus-enterici-geni-resistenza-antibiotici-cozze; ca=https://aquaverify.com/ca/recursos/virus-enterics-gens-resistencia-antibiotics-musclos","Virus enterici umani potenzialmente infettivi e geni di resistenza agli antibiotici nelle cozze | AquaVerify","Virus enterici umani potenzialmente infettivi e geni di resistenza agli antibiotici nelle cozze","Paper Food and Environmental Virology su virus enterici, indicatori virali e geni di resistenza agli antibiotici in cozze della Campania, Italia.","index, follow","","not-applicable","","200","AquaVerify","","","2026-06-18","https://doi.org/10.1007/s12560-025-09635-5","10.1007/s12560-025-09635-5","source-documented"
"enteric-viruses-antibiotic-resistance-genes-mussels","Resum de recerca externa","ca","/ca/recursos/virus-enterics-gens-resistencia-antibiotics-musclos","virus-enterics-gens-resistencia-antibiotics-musclos","https://aquaverify.com/ca/recursos/virus-enterics-gens-resistencia-antibiotics-musclos","x-default=https://aquaverify.com/resources/enteric-viruses-antibiotic-resistance-genes-mussels; en=https://aquaverify.com/resources/enteric-viruses-antibiotic-resistance-genes-mussels; es=https://aquaverify.com/es/recursos/virus-entericos-genes-resistencia-antibioticos-mejillones; fr=https://aquaverify.com/fr/ressources/virus-enteriques-genes-resistance-antibiotiques-moules; it=https://aquaverify.com/it/risorse/virus-enterici-geni-resistenza-antibiotici-cozze; ca=https://aquaverify.com/ca/recursos/virus-enterics-gens-resistencia-antibiotics-musclos","Virus entèrics humans potencialment infecciosos i gens de resistència a antibiòtics en musclos | AquaVerify","Virus entèrics humans potencialment infecciosos i gens de resistència a antibiòtics en musclos","Paper de Food and Environmental Virology sobre virus entèrics, indicadors virals i gens de resistència a antibiòtics en musclos de Campània, Itàlia.","index, follow","","not-applicable","","200","AquaVerify","","","2026-06-18","https://doi.org/10.1007/s12560-025-09635-5","10.1007/s12560-025-09635-5","source-documented"
"editorial-methodology","Technical guide","en","/resources/editorial-methodology","editorial-methodology","https://aquaverify.com/resources/editorial-methodology","x-default=https://aquaverify.com/resources/editorial-methodology; en=https://aquaverify.com/resources/editorial-methodology; es=https://aquaverify.com/es/recursos/metodologia-editorial; fr=https://aquaverify.com/fr/ressources/methodologie-editoriale; it=https://aquaverify.com/it/risorse/metodologia-editoriale; ca=https://aquaverify.com/ca/recursos/metodologia-editorial","AquaVerify editorial methodology | AquaVerify","AquaVerify editorial methodology","How AquaVerify prepares technical resources, verifies sources, separates scientific, regulatory and commercial claims, and manages review or correction needs.","index, follow","","not-applicable","","200","AquaVerify","","","2026-06-18","","","standard-resource-review"
"editorial-methodology","Guía técnica","es","/es/recursos/metodologia-editorial","metodologia-editorial","https://aquaverify.com/es/recursos/metodologia-editorial","x-default=https://aquaverify.com/resources/editorial-methodology; en=https://aquaverify.com/resources/editorial-methodology; es=https://aquaverify.com/es/recursos/metodologia-editorial; fr=https://aquaverify.com/fr/ressources/methodologie-editoriale; it=https://aquaverify.com/it/risorse/metodologia-editoriale; ca=https://aquaverify.com/ca/recursos/metodologia-editorial","Metodología editorial de AquaVerify | AquaVerify","Metodología editorial de AquaVerify","Cómo AquaVerify prepara recursos técnicos, verifica fuentes, separa claims científicos, regulatorios y comerciales, y gestiona revisión o corrección.","index, follow","","not-applicable","","200","AquaVerify","","","2026-06-18","","","standard-resource-review"
"editorial-methodology","Guide technique","fr","/fr/ressources/methodologie-editoriale","methodologie-editoriale","https://aquaverify.com/fr/ressources/methodologie-editoriale","x-default=https://aquaverify.com/resources/editorial-methodology; en=https://aquaverify.com/resources/editorial-methodology; es=https://aquaverify.com/es/recursos/metodologia-editorial; fr=https://aquaverify.com/fr/ressources/methodologie-editoriale; it=https://aquaverify.com/it/risorse/metodologia-editoriale; ca=https://aquaverify.com/ca/recursos/metodologia-editorial","Méthodologie éditoriale AquaVerify | AquaVerify","Méthodologie éditoriale AquaVerify","Comment AquaVerify prépare ses ressources techniques, vérifie les sources, distingue les claims scientifiques, réglementaires et commerciaux, et gère les corrections.","index, follow","","not-applicable","","200","AquaVerify","","","2026-06-18","","","standard-resource-review"
"editorial-methodology","Guida tecnica","it","/it/risorse/metodologia-editoriale","metodologia-editoriale","https://aquaverify.com/it/risorse/metodologia-editoriale","x-default=https://aquaverify.com/resources/editorial-methodology; en=https://aquaverify.com/resources/editorial-methodology; es=https://aquaverify.com/es/recursos/metodologia-editorial; fr=https://aquaverify.com/fr/ressources/methodologie-editoriale; it=https://aquaverify.com/it/risorse/metodologia-editoriale; ca=https://aquaverify.com/ca/recursos/metodologia-editorial","Metodologia editoriale AquaVerify | AquaVerify","Metodologia editoriale AquaVerify","Come AquaVerify prepara risorse tecniche, verifica fonti, distingue claim scientifici, regolatori e commerciali, e gestisce revisioni o correzioni.","index, follow","","not-applicable","","200","AquaVerify","","","2026-06-18","","","standard-resource-review"
"editorial-methodology","Guia tècnica","ca","/ca/recursos/metodologia-editorial","metodologia-editorial","https://aquaverify.com/ca/recursos/metodologia-editorial","x-default=https://aquaverify.com/resources/editorial-methodology; en=https://aquaverify.com/resources/editorial-methodology; es=https://aquaverify.com/es/recursos/metodologia-editorial; fr=https://aquaverify.com/fr/ressources/methodologie-editoriale; it=https://aquaverify.com/it/risorse/metodologia-editoriale; ca=https://aquaverify.com/ca/recursos/metodologia-editorial","Metodologia editorial d’AquaVerify | AquaVerify","Metodologia editorial d’AquaVerify","Com AquaVerify prepara recursos tècnics, verifica fonts, separa claims científics, regulatoris i comercials, i gestiona revisions o correccions.","index, follow","","not-applicable","","200","AquaVerify","","","2026-06-18","","","standard-resource-review"
"glossary","Technical guide","en","/en/glossary","glossary","https://aquaverify.com/en/glossary","x-default=https://aquaverify.com/en/glossary; en=https://aquaverify.com/en/glossary; es=https://aquaverify.com/es/glosario; fr=https://aquaverify.com/fr/glossaire; it=https://aquaverify.com/it/glossario; ca=https://aquaverify.com/ca/glossari","Water microbiology, LIMS and traceability glossary | AquaVerify","Water microbiology, LIMS and traceability glossary","Technical glossary for water microbiology, viral and bacterial indicators, ISO/EPA methods, LIMS, traceability, OEM programs and AquaVerify products.","index, follow","","not-applicable","","200","AquaVerify","","","","","","standard-resource-review"
"glossary","Guía técnica","es","/es/glosario","glosario","https://aquaverify.com/es/glosario","x-default=https://aquaverify.com/en/glossary; en=https://aquaverify.com/en/glossary; es=https://aquaverify.com/es/glosario; fr=https://aquaverify.com/fr/glossaire; it=https://aquaverify.com/it/glossario; ca=https://aquaverify.com/ca/glossari","Glosario de microbiología del agua, LIMS y trazabilidad | AquaVerify","Glosario de microbiología del agua, LIMS y trazabilidad","Glosario técnico sobre microbiología del agua, indicadores virales y bacterianos, métodos ISO/EPA, LIMS, trazabilidad, programas OEM y productos AquaVerify.","index, follow","","not-applicable","","200","AquaVerify","","","","","","standard-resource-review"
"glossary","Guide technique","fr","/fr/glossaire","glossaire","https://aquaverify.com/fr/glossaire","x-default=https://aquaverify.com/en/glossary; en=https://aquaverify.com/en/glossary; es=https://aquaverify.com/es/glosario; fr=https://aquaverify.com/fr/glossaire; it=https://aquaverify.com/it/glossario; ca=https://aquaverify.com/ca/glossari","Glossaire microbiologie de l’eau, LIMS et traçabilité | AquaVerify","Glossaire microbiologie de l’eau, LIMS et traçabilité","Glossaire technique sur microbiologie de l’eau, indicateurs viraux et bactériens, méthodes ISO/EPA, LIMS, traçabilité, OEM et produits AquaVerify.","index, follow","","not-applicable","","200","AquaVerify","","","","","","standard-resource-review"
"glossary","Guida tecnica","it","/it/glossario","glossario","https://aquaverify.com/it/glossario","x-default=https://aquaverify.com/en/glossary; en=https://aquaverify.com/en/glossary; es=https://aquaverify.com/es/glosario; fr=https://aquaverify.com/fr/glossaire; it=https://aquaverify.com/it/glossario; ca=https://aquaverify.com/ca/glossari","Glossario microbiologia dell’acqua, LIMS e tracciabilità | AquaVerify","Glossario microbiologia dell’acqua, LIMS e tracciabilità","Glossario tecnico su microbiologia dell’acqua, indicatori virali e batterici, metodi ISO/EPA, LIMS, tracciabilità, OEM e prodotti AquaVerify.","index, follow","","not-applicable","","200","AquaVerify","","","","","","standard-resource-review"
"glossary","Guia tècnica","ca","/ca/glossari","glossari","https://aquaverify.com/ca/glossari","x-default=https://aquaverify.com/en/glossary; en=https://aquaverify.com/en/glossary; es=https://aquaverify.com/es/glosario; fr=https://aquaverify.com/fr/glossaire; it=https://aquaverify.com/it/glossario; ca=https://aquaverify.com/ca/glossari","Glossari de microbiologia de l’aigua, LIMS i traçabilitat | AquaVerify","Glossari de microbiologia de l’aigua, LIMS i traçabilitat","Glossari tècnic sobre microbiologia de l’aigua, indicadors virals i bacterians, mètodes ISO/EPA, LIMS, traçabilitat, OEM i productes AquaVerify.","index, follow","","not-applicable","","200","AquaVerify","","","","","","standard-resource-review"
"glossary-term-2","Technical guide","en","/en/glossary/bacteriophage","bacteriophage","https://aquaverify.com/en/glossary/bacteriophage","x-default=https://aquaverify.com/en/glossary/bacteriophage; en=https://aquaverify.com/en/glossary/bacteriophage; es=https://aquaverify.com/es/glosario/bacteriofago; fr=https://aquaverify.com/fr/glossaire/bacteriophage; it=https://aquaverify.com/it/glossario/batteriofago; ca=https://aquaverify.com/ca/glossari/bacteriofag","Bacteriophage | Glossary AquaVerify","Bacteriophage","A bacteriophage is a virus that infects specific bacteria and replicates within them. In water quality, bacteriophages are used as viral models or indicators to study fecal contamination, treatment behaviour and microbiological barrier performance.","index, follow","","not-applicable","","200","AquaVerify","","","","","","standard-resource-review"
"glossary-term-2","Guía técnica","es","/es/glosario/bacteriofago","bacteriofago","https://aquaverify.com/es/glosario/bacteriofago","x-default=https://aquaverify.com/en/glossary/bacteriophage; en=https://aquaverify.com/en/glossary/bacteriophage; es=https://aquaverify.com/es/glosario/bacteriofago; fr=https://aquaverify.com/fr/glossaire/bacteriophage; it=https://aquaverify.com/it/glossario/batteriofago; ca=https://aquaverify.com/ca/glossari/bacteriofag","Bacteriófago | Glosario AquaVerify","Bacteriófago","Virus que infecta bacterias específicas y se replica en ellas. En calidad del agua se utiliza como modelo o indicador viral para estudiar contaminación fecal, comportamiento frente a tratamientos y eficiencia de barreras microbiológicas.","index, follow","","not-applicable","","200","AquaVerify","","","","","","standard-resource-review"
"glossary-term-2","Guide technique","fr","/fr/glossaire/bacteriophage","bacteriophage","https://aquaverify.com/fr/glossaire/bacteriophage","x-default=https://aquaverify.com/en/glossary/bacteriophage; en=https://aquaverify.com/en/glossary/bacteriophage; es=https://aquaverify.com/es/glosario/bacteriofago; fr=https://aquaverify.com/fr/glossaire/bacteriophage; it=https://aquaverify.com/it/glossario/batteriofago; ca=https://aquaverify.com/ca/glossari/bacteriofag","Bactériophage | Glossaire AquaVerify","Bactériophage","Un bactériophage est un virus qui infecte des bactéries spécifiques et s’y réplique. En qualité de l’eau, il sert de modèle ou d’indicateur viral pour étudier la contamination fécale, le comportement face aux traitements et l’efficacité des barrières microbiologiques.","index, follow","","not-applicable","","200","AquaVerify","","","","","","standard-resource-review"
"glossary-term-2","Guida tecnica","it","/it/glossario/batteriofago","batteriofago","https://aquaverify.com/it/glossario/batteriofago","x-default=https://aquaverify.com/en/glossary/bacteriophage; en=https://aquaverify.com/en/glossary/bacteriophage; es=https://aquaverify.com/es/glosario/bacteriofago; fr=https://aquaverify.com/fr/glossaire/bacteriophage; it=https://aquaverify.com/it/glossario/batteriofago; ca=https://aquaverify.com/ca/glossari/bacteriofag","Batteriofago | Glossario AquaVerify","Batteriofago","Un batteriofago è un virus che infetta batteri specifici e si replica al loro interno. Nella qualità dell’acqua viene usato come modello o indicatore virale per studiare contaminazione fecale, comportamento ai trattamenti ed efficacia delle barriere microbiologiche.","index, follow","","not-applicable","","200","AquaVerify","","","","","","standard-resource-review"
"glossary-term-2","Guia tècnica","ca","/ca/glossari/bacteriofag","bacteriofag","https://aquaverify.com/ca/glossari/bacteriofag","x-default=https://aquaverify.com/en/glossary/bacteriophage; en=https://aquaverify.com/en/glossary/bacteriophage; es=https://aquaverify.com/es/glosario/bacteriofago; fr=https://aquaverify.com/fr/glossaire/bacteriophage; it=https://aquaverify.com/it/glossario/batteriofago; ca=https://aquaverify.com/ca/glossari/bacteriofag","Bacteriòfag | Glossari AquaVerify","Bacteriòfag","Un bacteriòfag és un virus que infecta bacteris específics i s’hi replica. En qualitat de l’aigua s’utilitza com a model o indicador viral per estudiar contaminació fecal, comportament davant tractaments i eficàcia de barreres microbiològiques.","index, follow","","not-applicable","","200","AquaVerify","","","","","","standard-resource-review"
"glossary-term-3","Technical guide","en","/en/glossary/biofilm","biofilm","https://aquaverify.com/en/glossary/biofilm","x-default=https://aquaverify.com/en/glossary/biofilm; en=https://aquaverify.com/en/glossary/biofilm; es=https://aquaverify.com/es/glosario/biofilm; fr=https://aquaverify.com/fr/glossaire/biofilm; it=https://aquaverify.com/it/glossario/biofilm; ca=https://aquaverify.com/ca/glossari/biofilm","Biofilm | Glossary AquaVerify","Biofilm","A biofilm is a microbial community attached to a surface and protected by an extracellular matrix. In water networks it can act as a reservoir of microorganisms and contribute to recontamination.","index, follow","","not-applicable","","200","AquaVerify","","","","","","standard-resource-review"
"glossary-term-3","Guía técnica","es","/es/glosario/biofilm","biofilm","https://aquaverify.com/es/glosario/biofilm","x-default=https://aquaverify.com/en/glossary/biofilm; en=https://aquaverify.com/en/glossary/biofilm; es=https://aquaverify.com/es/glosario/biofilm; fr=https://aquaverify.com/fr/glossaire/biofilm; it=https://aquaverify.com/it/glossario/biofilm; ca=https://aquaverify.com/ca/glossari/biofilm","Biofilm | Glosario AquaVerify","Biofilm","Comunidad de microorganismos adherida a una superficie y protegida por una matriz extracelular. En redes de agua puede actuar como reservorio de microorganismos y favorecer recontaminación.","index, follow","","not-applicable","","200","AquaVerify","","","","","","standard-resource-review"
"glossary-term-3","Guide technique","fr","/fr/glossaire/biofilm","biofilm","https://aquaverify.com/fr/glossaire/biofilm","x-default=https://aquaverify.com/en/glossary/biofilm; en=https://aquaverify.com/en/glossary/biofilm; es=https://aquaverify.com/es/glosario/biofilm; fr=https://aquaverify.com/fr/glossaire/biofilm; it=https://aquaverify.com/it/glossario/biofilm; ca=https://aquaverify.com/ca/glossari/biofilm","Biofilm | Glossaire AquaVerify","Biofilm","Un biofilm est une communauté de micro-organismes fixée à une surface et protégée par une matrice extracellulaire. Dans les réseaux d’eau, il peut agir comme réservoir microbien et favoriser la recontamination.","index, follow","","not-applicable","","200","AquaVerify","","","","","","standard-resource-review"
"glossary-term-3","Guida tecnica","it","/it/glossario/biofilm","biofilm","https://aquaverify.com/it/glossario/biofilm","x-default=https://aquaverify.com/en/glossary/biofilm; en=https://aquaverify.com/en/glossary/biofilm; es=https://aquaverify.com/es/glosario/biofilm; fr=https://aquaverify.com/fr/glossaire/biofilm; it=https://aquaverify.com/it/glossario/biofilm; ca=https://aquaverify.com/ca/glossari/biofilm","Biofilm | Glossario AquaVerify","Biofilm","Il biofilm è una comunità microbica aderente a una superficie e protetta da una matrice extracellulare. Nelle reti idriche può agire come serbatoio di microrganismi e favorire ricontaminazioni.","index, follow","","not-applicable","","200","AquaVerify","","","","","","standard-resource-review"
"glossary-term-3","Guia tècnica","ca","/ca/glossari/biofilm","biofilm","https://aquaverify.com/ca/glossari/biofilm","x-default=https://aquaverify.com/en/glossary/biofilm; en=https://aquaverify.com/en/glossary/biofilm; es=https://aquaverify.com/es/glosario/biofilm; fr=https://aquaverify.com/fr/glossaire/biofilm; it=https://aquaverify.com/it/glossario/biofilm; ca=https://aquaverify.com/ca/glossari/biofilm","Biofilm | Glossari AquaVerify","Biofilm","El biofilm és una comunitat microbiana adherida a una superfície i protegida per una matriu extracel·lular. En xarxes d’aigua pot actuar com a reservori de microorganismes i afavorir recontaminacions.","index, follow","","not-applicable","","200","AquaVerify","","","","","","standard-resource-review"
"glossary-term-5","Technical guide","en","/en/glossary/host-strain","host-strain","https://aquaverify.com/en/glossary/host-strain","x-default=https://aquaverify.com/en/glossary/host-strain; en=https://aquaverify.com/en/glossary/host-strain; es=https://aquaverify.com/es/glosario/cepa-huesped; fr=https://aquaverify.com/fr/glossaire/souche-hote; it=https://aquaverify.com/it/glossario/ceppo-ospite; ca=https://aquaverify.com/ca/glossari/soca-hoste","Host strain | Glossary AquaVerify","Host strain","A host strain is the bacterium used as the host to detect or enumerate bacteriophages in culture methods. Its selection is critical for assay sensitivity and result interpretation.","index, follow","","not-applicable","","200","AquaVerify","","","","","","standard-resource-review"
"glossary-term-5","Guía técnica","es","/es/glosario/cepa-huesped","cepa-huesped","https://aquaverify.com/es/glosario/cepa-huesped","x-default=https://aquaverify.com/en/glossary/host-strain; en=https://aquaverify.com/en/glossary/host-strain; es=https://aquaverify.com/es/glosario/cepa-huesped; fr=https://aquaverify.com/fr/glossaire/souche-hote; it=https://aquaverify.com/it/glossario/ceppo-ospite; ca=https://aquaverify.com/ca/glossari/soca-hoste","Cepa huésped | Glosario AquaVerify","Cepa huésped","Bacteria utilizada como hospedadora para detectar o enumerar bacteriófagos en métodos de cultivo. Su selección es crítica para la sensibilidad e interpretación del ensayo.","index, follow","","not-applicable","","200","AquaVerify","","","","","","standard-resource-review"
"glossary-term-5","Guide technique","fr","/fr/glossaire/souche-hote","souche-hote","https://aquaverify.com/fr/glossaire/souche-hote","x-default=https://aquaverify.com/en/glossary/host-strain; en=https://aquaverify.com/en/glossary/host-strain; es=https://aquaverify.com/es/glosario/cepa-huesped; fr=https://aquaverify.com/fr/glossaire/souche-hote; it=https://aquaverify.com/it/glossario/ceppo-ospite; ca=https://aquaverify.com/ca/glossari/soca-hoste","Souche hôte | Glossaire AquaVerify","Souche hôte","Une souche hôte est la bactérie utilisée comme hôte pour détecter ou dénombrer les bactériophages dans les méthodes de culture. Son choix est critique pour la sensibilité de l’essai et l’interprétation.","index, follow","","not-applicable","","200","AquaVerify","","","","","","standard-resource-review"
"glossary-term-5","Guida tecnica","it","/it/glossario/ceppo-ospite","ceppo-ospite","https://aquaverify.com/it/glossario/ceppo-ospite","x-default=https://aquaverify.com/en/glossary/host-strain; en=https://aquaverify.com/en/glossary/host-strain; es=https://aquaverify.com/es/glosario/cepa-huesped; fr=https://aquaverify.com/fr/glossaire/souche-hote; it=https://aquaverify.com/it/glossario/ceppo-ospite; ca=https://aquaverify.com/ca/glossari/soca-hoste","Ceppo ospite | Glossario AquaVerify","Ceppo ospite","Il ceppo ospite è il batterio utilizzato come ospite per rilevare o enumerare batteriofagi nei metodi colturali. La sua scelta è critica per sensibilità del saggio e interpretazione.","index, follow","","not-applicable","","200","AquaVerify","","","","","","standard-resource-review"
"glossary-term-5","Guia tècnica","ca","/ca/glossari/soca-hoste","soca-hoste","https://aquaverify.com/ca/glossari/soca-hoste","x-default=https://aquaverify.com/en/glossary/host-strain; en=https://aquaverify.com/en/glossary/host-strain; es=https://aquaverify.com/es/glosario/cepa-huesped; fr=https://aquaverify.com/fr/glossaire/souche-hote; it=https://aquaverify.com/it/glossario/ceppo-ospite; ca=https://aquaverify.com/ca/glossari/soca-hoste","Soca hoste | Glossari AquaVerify","Soca hoste","La soca hoste és el bacteri utilitzat com a hoste per detectar o enumerar bacteriòfags en mètodes de cultiu. La seva selecció és crítica per a la sensibilitat de l’assaig i la interpretació.","index, follow","","not-applicable","","200","AquaVerify","","","","","","standard-resource-review"
"glossary-term-6","Technical guide","en","/en/glossary/total-coliforms","total-coliforms","https://aquaverify.com/en/glossary/total-coliforms","x-default=https://aquaverify.com/en/glossary/total-coliforms; en=https://aquaverify.com/en/glossary/total-coliforms; es=https://aquaverify.com/es/glosario/coliformes-totales; fr=https://aquaverify.com/fr/glossaire/coliformes-totaux; it=https://aquaverify.com/it/glossario/coliformi-totali; ca=https://aquaverify.com/ca/glossari/coliformes-totals","Total coliforms | Glossary AquaVerify","Total coliforms","Total coliforms are a broad group of indicator bacteria that may occur in soil, water or fecal environments. They are used to assess system integrity, treatment effectiveness and possible operational issues.","index, follow","","not-applicable","","200","AquaVerify","","","","","","standard-resource-review"
"glossary-term-6","Guía técnica","es","/es/glosario/coliformes-totales","coliformes-totales","https://aquaverify.com/es/glosario/coliformes-totales","x-default=https://aquaverify.com/en/glossary/total-coliforms; en=https://aquaverify.com/en/glossary/total-coliforms; es=https://aquaverify.com/es/glosario/coliformes-totales; fr=https://aquaverify.com/fr/glossaire/coliformes-totaux; it=https://aquaverify.com/it/glossario/coliformi-totali; ca=https://aquaverify.com/ca/glossari/coliformes-totals","Coliformes totales | Glosario AquaVerify","Coliformes totales","Grupo amplio de bacterias indicadoras que pueden aparecer en suelo, agua o entornos fecales. Se usan para evaluar integridad de sistemas, eficacia de tratamiento y posibles problemas operativos.","index, follow","","not-applicable","","200","AquaVerify","","","","","","standard-resource-review"
"glossary-term-6","Guide technique","fr","/fr/glossaire/coliformes-totaux","coliformes-totaux","https://aquaverify.com/fr/glossaire/coliformes-totaux","x-default=https://aquaverify.com/en/glossary/total-coliforms; en=https://aquaverify.com/en/glossary/total-coliforms; es=https://aquaverify.com/es/glosario/coliformes-totales; fr=https://aquaverify.com/fr/glossaire/coliformes-totaux; it=https://aquaverify.com/it/glossario/coliformi-totali; ca=https://aquaverify.com/ca/glossari/coliformes-totals","Coliformes totaux | Glossaire AquaVerify","Coliformes totaux","Les coliformes totaux sont un groupe large de bactéries indicatrices pouvant provenir du sol, de l’eau ou d’environnements fécaux. Ils servent à évaluer l’intégrité des systèmes, l’efficacité du traitement et les dérives opérationnelles.","index, follow","","not-applicable","","200","AquaVerify","","","","","","standard-resource-review"
"glossary-term-6","Guida tecnica","it","/it/glossario/coliformi-totali","coliformi-totali","https://aquaverify.com/it/glossario/coliformi-totali","x-default=https://aquaverify.com/en/glossary/total-coliforms; en=https://aquaverify.com/en/glossary/total-coliforms; es=https://aquaverify.com/es/glosario/coliformes-totales; fr=https://aquaverify.com/fr/glossaire/coliformes-totaux; it=https://aquaverify.com/it/glossario/coliformi-totali; ca=https://aquaverify.com/ca/glossari/coliformes-totals","Coliformi totali | Glossario AquaVerify","Coliformi totali","I coliformi totali sono un ampio gruppo di batteri indicatori presenti in suolo, acqua o ambienti fecali. Servono a valutare integrità dei sistemi, efficacia del trattamento e possibili problemi operativi.","index, follow","","not-applicable","","200","AquaVerify","","","","","","standard-resource-review"
"glossary-term-6","Guia tècnica","ca","/ca/glossari/coliformes-totals","coliformes-totals","https://aquaverify.com/ca/glossari/coliformes-totals","x-default=https://aquaverify.com/en/glossary/total-coliforms; en=https://aquaverify.com/en/glossary/total-coliforms; es=https://aquaverify.com/es/glosario/coliformes-totales; fr=https://aquaverify.com/fr/glossaire/coliformes-totaux; it=https://aquaverify.com/it/glossario/coliformi-totali; ca=https://aquaverify.com/ca/glossari/coliformes-totals","Coliformes totals | Glossari AquaVerify","Coliformes totals","Els coliformes totals són un grup ampli de bacteris indicadors que poden aparèixer en sòl, aigua o entorns fecals. S’utilitzen per avaluar integritat de sistemes, eficàcia del tractament i possibles problemes operatius.","index, follow","","not-applicable","","200","AquaVerify","","","","","","standard-resource-review"
"glossary-term-8","Technical guide","en","/en/glossary/f-specific-coliphages","f-specific-coliphages","https://aquaverify.com/en/glossary/f-specific-coliphages","x-default=https://aquaverify.com/en/glossary/f-specific-coliphages; en=https://aquaverify.com/en/glossary/f-specific-coliphages; es=https://aquaverify.com/es/glosario/colifagos-f-especificos; fr=https://aquaverify.com/fr/glossaire/coliphages-f-specifiques; it=https://aquaverify.com/it/glossario/colifagi-f-specifici; ca=https://aquaverify.com/ca/glossari/colifags-f-especifics","F-specific coliphages | Glossary AquaVerify","F-specific coliphages","F-specific coliphages are bacteriophages that infect host bacteria through F pili. They are used in methodological and comparative contexts where viral behaviour, source or contamination pathways need to be assessed.","index, follow","","not-applicable","","200","AquaVerify","","","","","","standard-resource-review"
"glossary-term-8","Guía técnica","es","/es/glosario/colifagos-f-especificos","colifagos-f-especificos","https://aquaverify.com/es/glosario/colifagos-f-especificos","x-default=https://aquaverify.com/en/glossary/f-specific-coliphages; en=https://aquaverify.com/en/glossary/f-specific-coliphages; es=https://aquaverify.com/es/glosario/colifagos-f-especificos; fr=https://aquaverify.com/fr/glossaire/coliphages-f-specifiques; it=https://aquaverify.com/it/glossario/colifagi-f-specifici; ca=https://aquaverify.com/ca/glossari/colifags-f-especifics","Colífagos F-específicos | Glosario AquaVerify","Colífagos F-específicos","Bacteriófagos que infectan bacterias hospedadoras mediante pili F. Se utilizan en contextos metodológicos y comparativos donde interesa estudiar comportamiento viral, origen o rutas de contaminación.","index, follow","","not-applicable","","200","AquaVerify","","","","","","standard-resource-review"
"glossary-term-8","Guide technique","fr","/fr/glossaire/coliphages-f-specifiques","coliphages-f-specifiques","https://aquaverify.com/fr/glossaire/coliphages-f-specifiques","x-default=https://aquaverify.com/en/glossary/f-specific-coliphages; en=https://aquaverify.com/en/glossary/f-specific-coliphages; es=https://aquaverify.com/es/glosario/colifagos-f-especificos; fr=https://aquaverify.com/fr/glossaire/coliphages-f-specifiques; it=https://aquaverify.com/it/glossario/colifagi-f-specifici; ca=https://aquaverify.com/ca/glossari/colifags-f-especifics","Coliphages F-spécifiques | Glossaire AquaVerify","Coliphages F-spécifiques","Les coliphages F-spécifiques infectent les bactéries hôtes via les pili F. Ils sont utilisés dans des contextes méthodologiques et comparatifs pour étudier le comportement viral, l’origine ou les voies de contamination.","index, follow","","not-applicable","","200","AquaVerify","","","","","","standard-resource-review"
"glossary-term-8","Guida tecnica","it","/it/glossario/colifagi-f-specifici","colifagi-f-specifici","https://aquaverify.com/it/glossario/colifagi-f-specifici","x-default=https://aquaverify.com/en/glossary/f-specific-coliphages; en=https://aquaverify.com/en/glossary/f-specific-coliphages; es=https://aquaverify.com/es/glosario/colifagos-f-especificos; fr=https://aquaverify.com/fr/glossaire/coliphages-f-specifiques; it=https://aquaverify.com/it/glossario/colifagi-f-specifici; ca=https://aquaverify.com/ca/glossari/colifags-f-especifics","Colifagi F-specifici | Glossario AquaVerify","Colifagi F-specifici","I colifagi F-specifici infettano batteri ospiti tramite pili F. Sono usati in contesti metodologici e comparativi per valutare comportamento virale, origine o vie di contaminazione.","index, follow","","not-applicable","","200","AquaVerify","","","","","","standard-resource-review"
"glossary-term-8","Guia tècnica","ca","/ca/glossari/colifags-f-especifics","colifags-f-especifics","https://aquaverify.com/ca/glossari/colifags-f-especifics","x-default=https://aquaverify.com/en/glossary/f-specific-coliphages; en=https://aquaverify.com/en/glossary/f-specific-coliphages; es=https://aquaverify.com/es/glosario/colifagos-f-especificos; fr=https://aquaverify.com/fr/glossaire/coliphages-f-specifiques; it=https://aquaverify.com/it/glossario/colifagi-f-specifici; ca=https://aquaverify.com/ca/glossari/colifags-f-especifics","Colífags F-específics | Glossari AquaVerify","Colífags F-específics","Els colífags F-específics infecten bacteris hoste mitjançant pili F. S’utilitzen en contextos metodològics i comparatius per estudiar comportament viral, origen o vies de contaminació.","index, follow","","not-applicable","","200","AquaVerify","","","","","","standard-resource-review"
"glossary-term-9","Technical guide","en","/en/glossary/somatic-coliphages","somatic-coliphages","https://aquaverify.com/en/glossary/somatic-coliphages","x-default=https://aquaverify.com/en/glossary/somatic-coliphages; en=https://aquaverify.com/en/glossary/somatic-coliphages; es=https://aquaverify.com/es/glosario/colifagos-somaticos; fr=https://aquaverify.com/fr/glossaire/coliphages-somatiques; it=https://aquaverify.com/it/glossario/colifagi-somatici; ca=https://aquaverify.com/ca/glossari/colifags-somatics","Somatic coliphages | Glossary AquaVerify","Somatic coliphages","Somatic coliphages are bacteriophages that infect Escherichia coli and other enterobacteria through cell-wall receptors. They are used as operational viral indicators in water quality programs and treatment evaluation.","index, follow","","not-applicable","","200","AquaVerify","","","","","","standard-resource-review"
"glossary-term-9","Guía técnica","es","/es/glosario/colifagos-somaticos","colifagos-somaticos","https://aquaverify.com/es/glosario/colifagos-somaticos","x-default=https://aquaverify.com/en/glossary/somatic-coliphages; en=https://aquaverify.com/en/glossary/somatic-coliphages; es=https://aquaverify.com/es/glosario/colifagos-somaticos; fr=https://aquaverify.com/fr/glossaire/coliphages-somatiques; it=https://aquaverify.com/it/glossario/colifagi-somatici; ca=https://aquaverify.com/ca/glossari/colifags-somatics","Colífagos somáticos | Glosario AquaVerify","Colífagos somáticos","Bacteriófagos que infectan Escherichia coli y otras enterobacterias a través de receptores de la pared celular. Se emplean como indicadores virales operativos en programas de calidad del agua y evaluación de tratamiento.","index, follow","","not-applicable","","200","AquaVerify","","","","","","standard-resource-review"
"glossary-term-9","Guide technique","fr","/fr/glossaire/coliphages-somatiques","coliphages-somatiques","https://aquaverify.com/fr/glossaire/coliphages-somatiques","x-default=https://aquaverify.com/en/glossary/somatic-coliphages; en=https://aquaverify.com/en/glossary/somatic-coliphages; es=https://aquaverify.com/es/glosario/colifagos-somaticos; fr=https://aquaverify.com/fr/glossaire/coliphages-somatiques; it=https://aquaverify.com/it/glossario/colifagi-somatici; ca=https://aquaverify.com/ca/glossari/colifags-somatics","Coliphages somatiques | Glossaire AquaVerify","Coliphages somatiques","Les coliphages somatiques infectent Escherichia coli et d’autres entérobactéries via des récepteurs de la paroi cellulaire. Ils sont utilisés comme indicateurs viraux opérationnels dans les programmes de qualité de l’eau et l’évaluation des traitements.","index, follow","","not-applicable","","200","AquaVerify","","","","","","standard-resource-review"
"glossary-term-9","Guida tecnica","it","/it/glossario/colifagi-somatici","colifagi-somatici","https://aquaverify.com/it/glossario/colifagi-somatici","x-default=https://aquaverify.com/en/glossary/somatic-coliphages; en=https://aquaverify.com/en/glossary/somatic-coliphages; es=https://aquaverify.com/es/glosario/colifagos-somaticos; fr=https://aquaverify.com/fr/glossaire/coliphages-somatiques; it=https://aquaverify.com/it/glossario/colifagi-somatici; ca=https://aquaverify.com/ca/glossari/colifags-somatics","Colifagi somatici | Glossario AquaVerify","Colifagi somatici","I colifagi somatici infettano Escherichia coli e altre enterobatteriacee tramite recettori della parete cellulare. Sono usati come indicatori virali operativi nei programmi di qualità dell’acqua e nella valutazione dei trattamenti.","index, follow","","not-applicable","","200","AquaVerify","","","","","","standard-resource-review"
"glossary-term-9","Guia tècnica","ca","/ca/glossari/colifags-somatics","colifags-somatics","https://aquaverify.com/ca/glossari/colifags-somatics","x-default=https://aquaverify.com/en/glossary/somatic-coliphages; en=https://aquaverify.com/en/glossary/somatic-coliphages; es=https://aquaverify.com/es/glosario/colifagos-somaticos; fr=https://aquaverify.com/fr/glossaire/coliphages-somatiques; it=https://aquaverify.com/it/glossario/colifagi-somatici; ca=https://aquaverify.com/ca/glossari/colifags-somatics","Colífags somàtics | Glossari AquaVerify","Colífags somàtics","Els colífags somàtics infecten Escherichia coli i altres enterobacteris a través de receptors de la paret cel·lular. S’empren com a indicadors virals operatius en programes de qualitat de l’aigua i avaluació de tractaments.","index, follow","","not-applicable","","200","AquaVerify","","","","","","standard-resource-review"
"glossary-term-10","Technical guide","en","/en/glossary/fecal-contamination","fecal-contamination","https://aquaverify.com/en/glossary/fecal-contamination","x-default=https://aquaverify.com/en/glossary/fecal-contamination; en=https://aquaverify.com/en/glossary/fecal-contamination; es=https://aquaverify.com/es/glosario/contaminacion-fecal; fr=https://aquaverify.com/fr/glossaire/contamination-fecale; it=https://aquaverify.com/it/glossario/contaminazione-fecale; ca=https://aquaverify.com/ca/glossari/contaminacio-fecal","Fecal contamination | Glossary AquaVerify","Fecal contamination","Fecal contamination is the presence or evidence of human or animal fecal material in a water matrix. It is assessed through indicators such as E. coli, enterococci, coliforms and, in selected programs, coliphages.","index, follow","","not-applicable","","200","AquaVerify","","","","","","standard-resource-review"
"glossary-term-10","Guía técnica","es","/es/glosario/contaminacion-fecal","contaminacion-fecal","https://aquaverify.com/es/glosario/contaminacion-fecal","x-default=https://aquaverify.com/en/glossary/fecal-contamination; en=https://aquaverify.com/en/glossary/fecal-contamination; es=https://aquaverify.com/es/glosario/contaminacion-fecal; fr=https://aquaverify.com/fr/glossaire/contamination-fecale; it=https://aquaverify.com/it/glossario/contaminazione-fecale; ca=https://aquaverify.com/ca/glossari/contaminacio-fecal","Contaminación fecal | Glosario AquaVerify","Contaminación fecal","Presencia o indicio de material fecal humano o animal en una matriz de agua. Se evalúa mediante indicadores como E. coli, enterococos, coliformes y, en determinados programas, colífagos.","index, follow","","not-applicable","","200","AquaVerify","","","","","","standard-resource-review"
"glossary-term-10","Guide technique","fr","/fr/glossaire/contamination-fecale","contamination-fecale","https://aquaverify.com/fr/glossaire/contamination-fecale","x-default=https://aquaverify.com/en/glossary/fecal-contamination; en=https://aquaverify.com/en/glossary/fecal-contamination; es=https://aquaverify.com/es/glosario/contaminacion-fecal; fr=https://aquaverify.com/fr/glossaire/contamination-fecale; it=https://aquaverify.com/it/glossario/contaminazione-fecale; ca=https://aquaverify.com/ca/glossari/contaminacio-fecal","Contamination fécale | Glossaire AquaVerify","Contamination fécale","La contamination fécale désigne la présence ou l’indice de matière fécale humaine ou animale dans une matrice d’eau. Elle s’évalue avec des indicateurs comme E. coli, les entérocoques, les coliformes et, dans certains programmes, les coliphages.","index, follow","","not-applicable","","200","AquaVerify","","","","","","standard-resource-review"
"glossary-term-10","Guida tecnica","it","/it/glossario/contaminazione-fecale","contaminazione-fecale","https://aquaverify.com/it/glossario/contaminazione-fecale","x-default=https://aquaverify.com/en/glossary/fecal-contamination; en=https://aquaverify.com/en/glossary/fecal-contamination; es=https://aquaverify.com/es/glosario/contaminacion-fecal; fr=https://aquaverify.com/fr/glossaire/contamination-fecale; it=https://aquaverify.com/it/glossario/contaminazione-fecale; ca=https://aquaverify.com/ca/glossari/contaminacio-fecal","Contaminazione fecale | Glossario AquaVerify","Contaminazione fecale","La contaminazione fecale è la presenza o evidenza di materiale fecale umano o animale in una matrice acquosa. Si valuta con indicatori come E. coli, enterococchi, coliformi e, in alcuni programmi, colifagi.","index, follow","","not-applicable","","200","AquaVerify","","","","","","standard-resource-review"
"glossary-term-10","Guia tècnica","ca","/ca/glossari/contaminacio-fecal","contaminacio-fecal","https://aquaverify.com/ca/glossari/contaminacio-fecal","x-default=https://aquaverify.com/en/glossary/fecal-contamination; en=https://aquaverify.com/en/glossary/fecal-contamination; es=https://aquaverify.com/es/glosario/contaminacion-fecal; fr=https://aquaverify.com/fr/glossaire/contamination-fecale; it=https://aquaverify.com/it/glossario/contaminazione-fecale; ca=https://aquaverify.com/ca/glossari/contaminacio-fecal","Contaminació fecal | Glossari AquaVerify","Contaminació fecal","La contaminació fecal és la presència o indici de material fecal humà o animal en una matriu d’aigua. S’avalua amb indicadors com E. coli, enterococs, coliformes i, en alguns programes, colífags.","index, follow","","not-applicable","","200","AquaVerify","","","","","","standard-resource-review"
"glossary-term-11","Technical guide","en","/en/glossary/intestinal-enterococci","intestinal-enterococci","https://aquaverify.com/en/glossary/intestinal-enterococci","x-default=https://aquaverify.com/en/glossary/intestinal-enterococci; en=https://aquaverify.com/en/glossary/intestinal-enterococci; es=https://aquaverify.com/es/glosario/enterococos-intestinales; fr=https://aquaverify.com/fr/glossaire/enterocoques-intestinaux; it=https://aquaverify.com/it/glossario/enterococchi-intestinali; ca=https://aquaverify.com/ca/glossari/enterococs-intestinals","Intestinal enterococci | Glossary AquaVerify","Intestinal enterococci","Intestinal enterococci are Gram-positive bacteria associated with the human and animal gastrointestinal tract. Their relative persistence makes them useful indicators in recreational waters, environmental waters and selected control plans.","index, follow","","not-applicable","","200","AquaVerify","","","","","","standard-resource-review"
"glossary-term-11","Guía técnica","es","/es/glosario/enterococos-intestinales","enterococos-intestinales","https://aquaverify.com/es/glosario/enterococos-intestinales","x-default=https://aquaverify.com/en/glossary/intestinal-enterococci; en=https://aquaverify.com/en/glossary/intestinal-enterococci; es=https://aquaverify.com/es/glosario/enterococos-intestinales; fr=https://aquaverify.com/fr/glossaire/enterocoques-intestinaux; it=https://aquaverify.com/it/glossario/enterococchi-intestinali; ca=https://aquaverify.com/ca/glossari/enterococs-intestinals","Enterococos intestinales | Glosario AquaVerify","Enterococos intestinales","Bacterias grampositivas asociadas al tracto gastrointestinal humano y animal. Su resistencia relativa las convierte en indicadores útiles en aguas recreativas, ambientales y ciertos planes de control.","index, follow","","not-applicable","","200","AquaVerify","","","","","","standard-resource-review"
"glossary-term-11","Guide technique","fr","/fr/glossaire/enterocoques-intestinaux","enterocoques-intestinaux","https://aquaverify.com/fr/glossaire/enterocoques-intestinaux","x-default=https://aquaverify.com/en/glossary/intestinal-enterococci; en=https://aquaverify.com/en/glossary/intestinal-enterococci; es=https://aquaverify.com/es/glosario/enterococos-intestinales; fr=https://aquaverify.com/fr/glossaire/enterocoques-intestinaux; it=https://aquaverify.com/it/glossario/enterococchi-intestinali; ca=https://aquaverify.com/ca/glossari/enterococs-intestinals","Entérocoques intestinaux | Glossaire AquaVerify","Entérocoques intestinaux","Les entérocoques intestinaux sont des bactéries Gram positives associées au tractus gastro-intestinal humain et animal. Leur persistance relative en fait des indicateurs utiles pour les eaux récréatives, environnementales et certains plans de contrôle.","index, follow","","not-applicable","","200","AquaVerify","","","","","","standard-resource-review"
"glossary-term-11","Guida tecnica","it","/it/glossario/enterococchi-intestinali","enterococchi-intestinali","https://aquaverify.com/it/glossario/enterococchi-intestinali","x-default=https://aquaverify.com/en/glossary/intestinal-enterococci; en=https://aquaverify.com/en/glossary/intestinal-enterococci; es=https://aquaverify.com/es/glosario/enterococos-intestinales; fr=https://aquaverify.com/fr/glossaire/enterocoques-intestinaux; it=https://aquaverify.com/it/glossario/enterococchi-intestinali; ca=https://aquaverify.com/ca/glossari/enterococs-intestinals","Enterococchi intestinali | Glossario AquaVerify","Enterococchi intestinali","Gli enterococchi intestinali sono batteri Gram-positivi associati al tratto gastrointestinale umano e animale. La loro persistenza relativa li rende indicatori utili in acque ricreative, ambientali e piani di controllo selezionati.","index, follow","","not-applicable","","200","AquaVerify","","","","","","standard-resource-review"
"glossary-term-11","Guia tècnica","ca","/ca/glossari/enterococs-intestinals","enterococs-intestinals","https://aquaverify.com/ca/glossari/enterococs-intestinals","x-default=https://aquaverify.com/en/glossary/intestinal-enterococci; en=https://aquaverify.com/en/glossary/intestinal-enterococci; es=https://aquaverify.com/es/glosario/enterococos-intestinales; fr=https://aquaverify.com/fr/glossaire/enterocoques-intestinaux; it=https://aquaverify.com/it/glossario/enterococchi-intestinali; ca=https://aquaverify.com/ca/glossari/enterococs-intestinals","Enterococs intestinals | Glossari AquaVerify","Enterococs intestinals","Els enterococs intestinals són bacteris grampositius associats al tracte gastrointestinal humà i animal. La seva persistència relativa els fa útils en aigües recreatives, ambientals i determinats plans de control.","index, follow","","not-applicable","","200","AquaVerify","","","","","","standard-resource-review"
"glossary-term-12","Technical guide","en","/en/glossary/escherichia-coli-e-coli","escherichia-coli-e-coli","https://aquaverify.com/en/glossary/escherichia-coli-e-coli","x-default=https://aquaverify.com/en/glossary/escherichia-coli-e-coli; en=https://aquaverify.com/en/glossary/escherichia-coli-e-coli; es=https://aquaverify.com/es/glosario/escherichia-coli-e-coli; fr=https://aquaverify.com/fr/glossaire/escherichia-coli-e-coli; it=https://aquaverify.com/it/glossario/escherichia-coli-e-coli; ca=https://aquaverify.com/ca/glossari/escherichia-coli-e-coli","Escherichia coli (E. coli) | Glossary AquaVerify","Escherichia coli (E. coli)","Escherichia coli is a thermotolerant coliform bacterium used worldwide as an indicator of recent fecal contamination. Its presence in drinking water generally requires investigation and corrective action under the applicable framework.","index, follow","","not-applicable","","200","AquaVerify","","","","","","standard-resource-review"
"glossary-term-12","Guía técnica","es","/es/glosario/escherichia-coli-e-coli","escherichia-coli-e-coli","https://aquaverify.com/es/glosario/escherichia-coli-e-coli","x-default=https://aquaverify.com/en/glossary/escherichia-coli-e-coli; en=https://aquaverify.com/en/glossary/escherichia-coli-e-coli; es=https://aquaverify.com/es/glosario/escherichia-coli-e-coli; fr=https://aquaverify.com/fr/glossaire/escherichia-coli-e-coli; it=https://aquaverify.com/it/glossario/escherichia-coli-e-coli; ca=https://aquaverify.com/ca/glossari/escherichia-coli-e-coli","Escherichia coli (E. coli) | Glosario AquaVerify","Escherichia coli (E. coli)","Bacteria coliforme termotolerante usada globalmente como indicador de contaminación fecal reciente. Su presencia en agua de consumo suele exigir investigación y acción correctiva según marco aplicable.","index, follow","","not-applicable","","200","AquaVerify","","","","","","standard-resource-review"
"glossary-term-12","Guide technique","fr","/fr/glossaire/escherichia-coli-e-coli","escherichia-coli-e-coli","https://aquaverify.com/fr/glossaire/escherichia-coli-e-coli","x-default=https://aquaverify.com/en/glossary/escherichia-coli-e-coli; en=https://aquaverify.com/en/glossary/escherichia-coli-e-coli; es=https://aquaverify.com/es/glosario/escherichia-coli-e-coli; fr=https://aquaverify.com/fr/glossaire/escherichia-coli-e-coli; it=https://aquaverify.com/it/glossario/escherichia-coli-e-coli; ca=https://aquaverify.com/ca/glossari/escherichia-coli-e-coli","Escherichia coli (E. coli) | Glossaire AquaVerify","Escherichia coli (E. coli)","Escherichia coli est une bactérie coliforme thermotolérante utilisée mondialement comme indicateur de contamination fécale récente. Sa présence dans l’eau potable exige généralement une investigation et une action corrective selon le cadre applicable.","index, follow","","not-applicable","","200","AquaVerify","","","","","","standard-resource-review"
"glossary-term-12","Guida tecnica","it","/it/glossario/escherichia-coli-e-coli","escherichia-coli-e-coli","https://aquaverify.com/it/glossario/escherichia-coli-e-coli","x-default=https://aquaverify.com/en/glossary/escherichia-coli-e-coli; en=https://aquaverify.com/en/glossary/escherichia-coli-e-coli; es=https://aquaverify.com/es/glosario/escherichia-coli-e-coli; fr=https://aquaverify.com/fr/glossaire/escherichia-coli-e-coli; it=https://aquaverify.com/it/glossario/escherichia-coli-e-coli; ca=https://aquaverify.com/ca/glossari/escherichia-coli-e-coli","Escherichia coli (E. coli) | Glossario AquaVerify","Escherichia coli (E. coli)","Escherichia coli è un batterio coliforme termotollerante usato globalmente come indicatore di contaminazione fecale recente. La sua presenza in acqua potabile richiede in genere indagine e azione correttiva secondo il quadro applicabile.","index, follow","","not-applicable","","200","AquaVerify","","","","","","standard-resource-review"
"glossary-term-12","Guia tècnica","ca","/ca/glossari/escherichia-coli-e-coli","escherichia-coli-e-coli","https://aquaverify.com/ca/glossari/escherichia-coli-e-coli","x-default=https://aquaverify.com/en/glossary/escherichia-coli-e-coli; en=https://aquaverify.com/en/glossary/escherichia-coli-e-coli; es=https://aquaverify.com/es/glosario/escherichia-coli-e-coli; fr=https://aquaverify.com/fr/glossaire/escherichia-coli-e-coli; it=https://aquaverify.com/it/glossario/escherichia-coli-e-coli; ca=https://aquaverify.com/ca/glossari/escherichia-coli-e-coli","Escherichia coli (E. coli) | Glossari AquaVerify","Escherichia coli (E. coli)","Escherichia coli és un bacteri coliforme termotolerant utilitzat globalment com a indicador de contaminació fecal recent. La seva presència en aigua de consum acostuma a requerir investigació i acció correctiva segons el marc aplicable.","index, follow","","not-applicable","","200","AquaVerify","","","","","","standard-resource-review"
"glossary-term-13","Technical guide","en","/en/glossary/legionella","legionella","https://aquaverify.com/en/glossary/legionella","x-default=https://aquaverify.com/en/glossary/legionella; en=https://aquaverify.com/en/glossary/legionella; es=https://aquaverify.com/es/glosario/legionella; fr=https://aquaverify.com/fr/glossaire/legionella; it=https://aquaverify.com/it/glossario/legionella; ca=https://aquaverify.com/ca/glossari/legionella","Legionella | Glossary AquaVerify","Legionella","Legionella is a bacterial genus associated with risks in water installations that generate aerosols, such as domestic hot water, showers, spas, cooling towers or HVAC systems. Its control requires planning, sampling, laboratory analysis and documented actions.","index, follow","","not-applicable","","200","AquaVerify","","","","","","standard-resource-review"
"glossary-term-13","Guía técnica","es","/es/glosario/legionella","legionella","https://aquaverify.com/es/glosario/legionella","x-default=https://aquaverify.com/en/glossary/legionella; en=https://aquaverify.com/en/glossary/legionella; es=https://aquaverify.com/es/glosario/legionella; fr=https://aquaverify.com/fr/glossaire/legionella; it=https://aquaverify.com/it/glossario/legionella; ca=https://aquaverify.com/ca/glossari/legionella","Legionella | Glosario AquaVerify","Legionella","Género bacteriano asociado a riesgos en instalaciones de agua con aerosolización, como ACS, duchas, spas, torres o sistemas de climatización. Su control requiere plan, muestreo, laboratorio y acciones documentadas.","index, follow","","not-applicable","","200","AquaVerify","","","","","","standard-resource-review"
"glossary-term-13","Guide technique","fr","/fr/glossaire/legionella","legionella","https://aquaverify.com/fr/glossaire/legionella","x-default=https://aquaverify.com/en/glossary/legionella; en=https://aquaverify.com/en/glossary/legionella; es=https://aquaverify.com/es/glosario/legionella; fr=https://aquaverify.com/fr/glossaire/legionella; it=https://aquaverify.com/it/glossario/legionella; ca=https://aquaverify.com/ca/glossari/legionella","Legionella | Glossaire AquaVerify","Legionella","Legionella est un genre bactérien associé aux risques dans les installations d’eau générant des aérosols, comme l’ECS, les douches, spas, tours ou systèmes de climatisation. Son contrôle nécessite plan, prélèvement, laboratoire et actions documentées.","index, follow","","not-applicable","","200","AquaVerify","","","","","","standard-resource-review"
"glossary-term-13","Guida tecnica","it","/it/glossario/legionella","legionella","https://aquaverify.com/it/glossario/legionella","x-default=https://aquaverify.com/en/glossary/legionella; en=https://aquaverify.com/en/glossary/legionella; es=https://aquaverify.com/es/glosario/legionella; fr=https://aquaverify.com/fr/glossaire/legionella; it=https://aquaverify.com/it/glossario/legionella; ca=https://aquaverify.com/ca/glossari/legionella","Legionella | Glossario AquaVerify","Legionella","Legionella è un genere batterico associato a rischi in impianti idrici che generano aerosol, come ACS, docce, spa, torri o climatizzazione. Il controllo richiede piano, campionamento, laboratorio e azioni documentate.","index, follow","","not-applicable","","200","AquaVerify","","","","","","standard-resource-review"
"glossary-term-13","Guia tècnica","ca","/ca/glossari/legionella","legionella","https://aquaverify.com/ca/glossari/legionella","x-default=https://aquaverify.com/en/glossary/legionella; en=https://aquaverify.com/en/glossary/legionella; es=https://aquaverify.com/es/glosario/legionella; fr=https://aquaverify.com/fr/glossaire/legionella; it=https://aquaverify.com/it/glossario/legionella; ca=https://aquaverify.com/ca/glossari/legionella","Legionella | Glossari AquaVerify","Legionella","Legionella és un gènere bacterià associat a riscos en instal·lacions d’aigua que generen aerosols, com ACS, dutxes, spas, torres o climatització. El control requereix pla, mostreig, laboratori i accions documentades.","index, follow","","not-applicable","","200","AquaVerify","","","","","","standard-resource-review"
"glossary-term-15","Technical guide","en","/en/glossary/indicator-microorganism","indicator-microorganism","https://aquaverify.com/en/glossary/indicator-microorganism","x-default=https://aquaverify.com/en/glossary/indicator-microorganism; en=https://aquaverify.com/en/glossary/indicator-microorganism; es=https://aquaverify.com/es/glosario/microorganismo-indicador; fr=https://aquaverify.com/fr/glossaire/micro-organisme-indicateur; it=https://aquaverify.com/it/glossario/microorganismo-indicatore; ca=https://aquaverify.com/ca/glossari/microorganisme-indicador","Indicator microorganism | Glossary AquaVerify","Indicator microorganism","An indicator microorganism is a microorganism whose presence or concentration is used to infer contamination, treatment effectiveness or deterioration of a water system.","index, follow","","not-applicable","","200","AquaVerify","","","","","","standard-resource-review"
"glossary-term-15","Guía técnica","es","/es/glosario/microorganismo-indicador","microorganismo-indicador","https://aquaverify.com/es/glosario/microorganismo-indicador","x-default=https://aquaverify.com/en/glossary/indicator-microorganism; en=https://aquaverify.com/en/glossary/indicator-microorganism; es=https://aquaverify.com/es/glosario/microorganismo-indicador; fr=https://aquaverify.com/fr/glossaire/micro-organisme-indicateur; it=https://aquaverify.com/it/glossario/microorganismo-indicatore; ca=https://aquaverify.com/ca/glossari/microorganisme-indicador","Microorganismo indicador | Glosario AquaVerify","Microorganismo indicador","Microorganismo cuya presencia o concentración se utiliza para inferir contaminación, eficacia de tratamiento o deterioro de un sistema de agua.","index, follow","","not-applicable","","200","AquaVerify","","","","","","standard-resource-review"
"glossary-term-15","Guide technique","fr","/fr/glossaire/micro-organisme-indicateur","micro-organisme-indicateur","https://aquaverify.com/fr/glossaire/micro-organisme-indicateur","x-default=https://aquaverify.com/en/glossary/indicator-microorganism; en=https://aquaverify.com/en/glossary/indicator-microorganism; es=https://aquaverify.com/es/glosario/microorganismo-indicador; fr=https://aquaverify.com/fr/glossaire/micro-organisme-indicateur; it=https://aquaverify.com/it/glossario/microorganismo-indicatore; ca=https://aquaverify.com/ca/glossari/microorganisme-indicador","Micro-organisme indicateur | Glossaire AquaVerify","Micro-organisme indicateur","Un micro-organisme indicateur est un micro-organisme dont la présence ou la concentration sert à déduire une contamination, l’efficacité d’un traitement ou la dégradation d’un système d’eau.","index, follow","","not-applicable","","200","AquaVerify","","","","","","standard-resource-review"
"glossary-term-15","Guida tecnica","it","/it/glossario/microorganismo-indicatore","microorganismo-indicatore","https://aquaverify.com/it/glossario/microorganismo-indicatore","x-default=https://aquaverify.com/en/glossary/indicator-microorganism; en=https://aquaverify.com/en/glossary/indicator-microorganism; es=https://aquaverify.com/es/glosario/microorganismo-indicador; fr=https://aquaverify.com/fr/glossaire/micro-organisme-indicateur; it=https://aquaverify.com/it/glossario/microorganismo-indicatore; ca=https://aquaverify.com/ca/glossari/microorganisme-indicador","Microorganismo indicatore | Glossario AquaVerify","Microorganismo indicatore","Un microrganismo indicatore è un microrganismo la cui presenza o concentrazione viene usata per dedurre contaminazione, efficacia di trattamento o deterioramento di un sistema idrico.","index, follow","","not-applicable","","200","AquaVerify","","","","","","standard-resource-review"
"glossary-term-15","Guia tècnica","ca","/ca/glossari/microorganisme-indicador","microorganisme-indicador","https://aquaverify.com/ca/glossari/microorganisme-indicador","x-default=https://aquaverify.com/en/glossary/indicator-microorganism; en=https://aquaverify.com/en/glossary/indicator-microorganism; es=https://aquaverify.com/es/glosario/microorganismo-indicador; fr=https://aquaverify.com/fr/glossaire/micro-organisme-indicateur; it=https://aquaverify.com/it/glossario/microorganismo-indicatore; ca=https://aquaverify.com/ca/glossari/microorganisme-indicador","Microorganisme indicador | Glossari AquaVerify","Microorganisme indicador","Un microorganisme indicador és un microorganisme la presència o concentració del qual s’utilitza per inferir contaminació, eficàcia del tractament o deteriorament d’un sistema d’aigua.","index, follow","","not-applicable","","200","AquaVerify","","","","","","standard-resource-review"
"glossary-term-19","Technical guide","en","/en/glossary/pfu-plaque-forming-units","pfu-plaque-forming-units","https://aquaverify.com/en/glossary/pfu-plaque-forming-units","x-default=https://aquaverify.com/en/glossary/pfu-plaque-forming-units; en=https://aquaverify.com/en/glossary/pfu-plaque-forming-units; es=https://aquaverify.com/es/glosario/ufp-pfu; fr=https://aquaverify.com/fr/glossaire/ufp-pfu; it=https://aquaverify.com/it/glossario/ufp-pfu; ca=https://aquaverify.com/ca/glossari/ufp-pfu","PFU / Plaque-forming units | Glossary AquaVerify","PFU / Plaque-forming units","PFU means plaque-forming unit, a unit used to express infectious viral particles capable of producing lysis plaques in a plaque assay.","index, follow","","not-applicable","","200","AquaVerify","","","","","","standard-resource-review"
"glossary-term-19","Guía técnica","es","/es/glosario/ufp-pfu","ufp-pfu","https://aquaverify.com/es/glosario/ufp-pfu","x-default=https://aquaverify.com/en/glossary/pfu-plaque-forming-units; en=https://aquaverify.com/en/glossary/pfu-plaque-forming-units; es=https://aquaverify.com/es/glosario/ufp-pfu; fr=https://aquaverify.com/fr/glossaire/ufp-pfu; it=https://aquaverify.com/it/glossario/ufp-pfu; ca=https://aquaverify.com/ca/glossari/ufp-pfu","UFP / PFU | Glosario AquaVerify","UFP / PFU","Unidad formadora de placa, usada para expresar partículas virales infecciosas capaces de generar placas de lisis en un ensayo en placa.","index, follow","","not-applicable","","200","AquaVerify","","","","","","standard-resource-review"
"glossary-term-19","Guide technique","fr","/fr/glossaire/ufp-pfu","ufp-pfu","https://aquaverify.com/fr/glossaire/ufp-pfu","x-default=https://aquaverify.com/en/glossary/pfu-plaque-forming-units; en=https://aquaverify.com/en/glossary/pfu-plaque-forming-units; es=https://aquaverify.com/es/glosario/ufp-pfu; fr=https://aquaverify.com/fr/glossaire/ufp-pfu; it=https://aquaverify.com/it/glossario/ufp-pfu; ca=https://aquaverify.com/ca/glossari/ufp-pfu","UFP / PFU | Glossaire AquaVerify","UFP / PFU","UFP signifie unité formant plage, utilisée pour exprimer les particules virales infectieuses capables de générer des plages de lyse dans un essai en plaque.","index, follow","","not-applicable","","200","AquaVerify","","","","","","standard-resource-review"
"glossary-term-19","Guida tecnica","it","/it/glossario/ufp-pfu","ufp-pfu","https://aquaverify.com/it/glossario/ufp-pfu","x-default=https://aquaverify.com/en/glossary/pfu-plaque-forming-units; en=https://aquaverify.com/en/glossary/pfu-plaque-forming-units; es=https://aquaverify.com/es/glosario/ufp-pfu; fr=https://aquaverify.com/fr/glossaire/ufp-pfu; it=https://aquaverify.com/it/glossario/ufp-pfu; ca=https://aquaverify.com/ca/glossari/ufp-pfu","UFP / PFU | Glossario AquaVerify","UFP / PFU","UFP/PFU indica unità formante placca, usata per esprimere particelle virali infettive capaci di generare placche di lisi in un saggio in placca.","index, follow","","not-applicable","","200","AquaVerify","","","","","","standard-resource-review"
"glossary-term-19","Guia tècnica","ca","/ca/glossari/ufp-pfu","ufp-pfu","https://aquaverify.com/ca/glossari/ufp-pfu","x-default=https://aquaverify.com/en/glossary/pfu-plaque-forming-units; en=https://aquaverify.com/en/glossary/pfu-plaque-forming-units; es=https://aquaverify.com/es/glosario/ufp-pfu; fr=https://aquaverify.com/fr/glossaire/ufp-pfu; it=https://aquaverify.com/it/glossario/ufp-pfu; ca=https://aquaverify.com/ca/glossari/ufp-pfu","UFP / PFU | Glossari AquaVerify","UFP / PFU","UFP/PFU significa unitat formadora de placa, utilitzada per expressar partícules virals infeccioses capaces de generar plaques de lisi en un assaig en placa.","index, follow","","not-applicable","","200","AquaVerify","","","","","","standard-resource-review"
"glossary-term-20","Technical guide","en","/en/glossary/enteric-viruses","enteric-viruses","https://aquaverify.com/en/glossary/enteric-viruses","x-default=https://aquaverify.com/en/glossary/enteric-viruses; en=https://aquaverify.com/en/glossary/enteric-viruses; es=https://aquaverify.com/es/glosario/virus-entericos; fr=https://aquaverify.com/fr/glossaire/virus-enteriques; it=https://aquaverify.com/it/glossario/virus-enterici; ca=https://aquaverify.com/ca/glossari/virus-enterics","Enteric viruses | Glossary AquaVerify","Enteric viruses","Enteric viruses are viruses associated with the intestinal tract that can be transmitted through contaminated water. They include health-relevant groups such as norovirus, adenovirus or enterovirus, depending on the surveillance context.","index, follow","","not-applicable","","200","AquaVerify","","","","","","standard-resource-review"
"glossary-term-20","Guía técnica","es","/es/glosario/virus-entericos","virus-entericos","https://aquaverify.com/es/glosario/virus-entericos","x-default=https://aquaverify.com/en/glossary/enteric-viruses; en=https://aquaverify.com/en/glossary/enteric-viruses; es=https://aquaverify.com/es/glosario/virus-entericos; fr=https://aquaverify.com/fr/glossaire/virus-enteriques; it=https://aquaverify.com/it/glossario/virus-enterici; ca=https://aquaverify.com/ca/glossari/virus-enterics","Virus entéricos | Glosario AquaVerify","Virus entéricos","Virus asociados al tracto intestinal que pueden transmitirse por agua contaminada. Incluyen familias de interés sanitario como norovirus, adenovirus o enterovirus, según contexto de vigilancia.","index, follow","","not-applicable","","200","AquaVerify","","","","","","standard-resource-review"
"glossary-term-20","Guide technique","fr","/fr/glossaire/virus-enteriques","virus-enteriques","https://aquaverify.com/fr/glossaire/virus-enteriques","x-default=https://aquaverify.com/en/glossary/enteric-viruses; en=https://aquaverify.com/en/glossary/enteric-viruses; es=https://aquaverify.com/es/glosario/virus-entericos; fr=https://aquaverify.com/fr/glossaire/virus-enteriques; it=https://aquaverify.com/it/glossario/virus-enterici; ca=https://aquaverify.com/ca/glossari/virus-enterics","Virus entériques | Glossaire AquaVerify","Virus entériques","Les virus entériques sont associés au tractus intestinal et peuvent être transmis par une eau contaminée. Ils incluent des familles d’intérêt sanitaire comme norovirus, adénovirus ou entérovirus selon le contexte de surveillance.","index, follow","","not-applicable","","200","AquaVerify","","","","","","standard-resource-review"
"glossary-term-20","Guida tecnica","it","/it/glossario/virus-enterici","virus-enterici","https://aquaverify.com/it/glossario/virus-enterici","x-default=https://aquaverify.com/en/glossary/enteric-viruses; en=https://aquaverify.com/en/glossary/enteric-viruses; es=https://aquaverify.com/es/glosario/virus-entericos; fr=https://aquaverify.com/fr/glossaire/virus-enteriques; it=https://aquaverify.com/it/glossario/virus-enterici; ca=https://aquaverify.com/ca/glossari/virus-enterics","Virus enterici | Glossario AquaVerify","Virus enterici","I virus enterici sono virus associati al tratto intestinale che possono trasmettersi tramite acqua contaminata. Includono gruppi di interesse sanitario come norovirus, adenovirus o enterovirus secondo il contesto di sorveglianza.","index, follow","","not-applicable","","200","AquaVerify","","","","","","standard-resource-review"
"glossary-term-20","Guia tècnica","ca","/ca/glossari/virus-enterics","virus-enterics","https://aquaverify.com/ca/glossari/virus-enterics","x-default=https://aquaverify.com/en/glossary/enteric-viruses; en=https://aquaverify.com/en/glossary/enteric-viruses; es=https://aquaverify.com/es/glosario/virus-entericos; fr=https://aquaverify.com/fr/glossaire/virus-enteriques; it=https://aquaverify.com/it/glossario/virus-enterici; ca=https://aquaverify.com/ca/glossari/virus-enterics","Virus entèrics | Glossari AquaVerify","Virus entèrics","Els virus entèrics són virus associats al tracte intestinal que poden transmetre’s per aigua contaminada. Inclouen grups d’interès sanitari com norovirus, adenovirus o enterovirus segons el context de vigilància.","index, follow","","not-applicable","","200","AquaVerify","","","","","","standard-resource-review"
"glossary-term-21","Technical guide","en","/en/glossary/directiva-ue-2020-2184","directiva-ue-2020-2184","https://aquaverify.com/en/glossary/directiva-ue-2020-2184","x-default=https://aquaverify.com/en/glossary/directiva-ue-2020-2184; en=https://aquaverify.com/en/glossary/directiva-ue-2020-2184; es=https://aquaverify.com/es/glosario/directiva-ue-2020-2184; fr=https://aquaverify.com/fr/glossaire/directiva-ue-2020-2184; it=https://aquaverify.com/it/glossario/directiva-ue-2020-2184; ca=https://aquaverify.com/ca/glossari/directiva-ue-2020-2184","Directiva (UE) 2020/2184 | Glossary AquaVerify","Directiva (UE) 2020/2184","Directive (EU) 2020/2184 is the European framework for the quality of water intended for human consumption. It reinforces risk-based management and includes somatic coliphages in treatment evaluation when applicable.","index, follow","","not-applicable","","200","AquaVerify","","","","","","standard-resource-review"
"glossary-term-21","Guía técnica","es","/es/glosario/directiva-ue-2020-2184","directiva-ue-2020-2184","https://aquaverify.com/es/glosario/directiva-ue-2020-2184","x-default=https://aquaverify.com/en/glossary/directiva-ue-2020-2184; en=https://aquaverify.com/en/glossary/directiva-ue-2020-2184; es=https://aquaverify.com/es/glosario/directiva-ue-2020-2184; fr=https://aquaverify.com/fr/glossaire/directiva-ue-2020-2184; it=https://aquaverify.com/it/glossario/directiva-ue-2020-2184; ca=https://aquaverify.com/ca/glossari/directiva-ue-2020-2184","Directiva (UE) 2020/2184 | Glosario AquaVerify","Directiva (UE) 2020/2184","Norma europea sobre la calidad de las aguas destinadas al consumo humano. Refuerza el enfoque basado en riesgo y contempla el uso de colífagos somáticos en evaluación de tratamientos cuando aplica.","index, follow","","not-applicable","","200","AquaVerify","","","","","","standard-resource-review"
"glossary-term-21","Guide technique","fr","/fr/glossaire/directiva-ue-2020-2184","directiva-ue-2020-2184","https://aquaverify.com/fr/glossaire/directiva-ue-2020-2184","x-default=https://aquaverify.com/en/glossary/directiva-ue-2020-2184; en=https://aquaverify.com/en/glossary/directiva-ue-2020-2184; es=https://aquaverify.com/es/glosario/directiva-ue-2020-2184; fr=https://aquaverify.com/fr/glossaire/directiva-ue-2020-2184; it=https://aquaverify.com/it/glossario/directiva-ue-2020-2184; ca=https://aquaverify.com/ca/glossari/directiva-ue-2020-2184","Directiva (UE) 2020/2184 | Glossaire AquaVerify","Directiva (UE) 2020/2184","La Directive (UE) 2020/2184 encadre la qualité des eaux destinées à la consommation humaine. Elle renforce l’approche fondée sur le risque et prévoit les coliphages somatiques dans l’évaluation des traitements lorsque cela s’applique.","index, follow","","not-applicable","","200","AquaVerify","","","","","","standard-resource-review"
"glossary-term-21","Guida tecnica","it","/it/glossario/directiva-ue-2020-2184","directiva-ue-2020-2184","https://aquaverify.com/it/glossario/directiva-ue-2020-2184","x-default=https://aquaverify.com/en/glossary/directiva-ue-2020-2184; en=https://aquaverify.com/en/glossary/directiva-ue-2020-2184; es=https://aquaverify.com/es/glosario/directiva-ue-2020-2184; fr=https://aquaverify.com/fr/glossaire/directiva-ue-2020-2184; it=https://aquaverify.com/it/glossario/directiva-ue-2020-2184; ca=https://aquaverify.com/ca/glossari/directiva-ue-2020-2184","Directiva (UE) 2020/2184 | Glossario AquaVerify","Directiva (UE) 2020/2184","La Direttiva (UE) 2020/2184 disciplina la qualità delle acque destinate al consumo umano. Rafforza l’approccio basato sul rischio e considera i colifagi somatici nella valutazione dei trattamenti quando applicabile.","index, follow","","not-applicable","","200","AquaVerify","","","","","","standard-resource-review"
"glossary-term-21","Guia tècnica","ca","/ca/glossari/directiva-ue-2020-2184","directiva-ue-2020-2184","https://aquaverify.com/ca/glossari/directiva-ue-2020-2184","x-default=https://aquaverify.com/en/glossary/directiva-ue-2020-2184; en=https://aquaverify.com/en/glossary/directiva-ue-2020-2184; es=https://aquaverify.com/es/glosario/directiva-ue-2020-2184; fr=https://aquaverify.com/fr/glossaire/directiva-ue-2020-2184; it=https://aquaverify.com/it/glossario/directiva-ue-2020-2184; ca=https://aquaverify.com/ca/glossari/directiva-ue-2020-2184","Directiva (UE) 2020/2184 | Glossari AquaVerify","Directiva (UE) 2020/2184","La Directiva (UE) 2020/2184 regula la qualitat de les aigües destinades al consum humà. Reforça l’enfocament basat en risc i contempla colífags somàtics en l’avaluació de tractaments quan aplica.","index, follow","","not-applicable","","200","AquaVerify","","","","","","standard-resource-review"
"glossary-term-25","Technical guide","en","/en/glossary/iso-10705-1","iso-10705-1","https://aquaverify.com/en/glossary/iso-10705-1","x-default=https://aquaverify.com/en/glossary/iso-10705-1; en=https://aquaverify.com/en/glossary/iso-10705-1; es=https://aquaverify.com/es/glosario/iso-10705-1; fr=https://aquaverify.com/fr/glossaire/iso-10705-1; it=https://aquaverify.com/it/glossario/iso-10705-1; ca=https://aquaverify.com/ca/glossari/iso-10705-1","ISO 10705-1 | Glossary AquaVerify","ISO 10705-1","ISO 10705-1 is part of the ISO 10705 series and focuses on methods for F-specific RNA coliphages, according to the applicable scope and version.","index, follow","","not-applicable","","200","AquaVerify","","","","","","standard-resource-review"
"glossary-term-25","Guía técnica","es","/es/glosario/iso-10705-1","iso-10705-1","https://aquaverify.com/es/glosario/iso-10705-1","x-default=https://aquaverify.com/en/glossary/iso-10705-1; en=https://aquaverify.com/en/glossary/iso-10705-1; es=https://aquaverify.com/es/glosario/iso-10705-1; fr=https://aquaverify.com/fr/glossaire/iso-10705-1; it=https://aquaverify.com/it/glossario/iso-10705-1; ca=https://aquaverify.com/ca/glossari/iso-10705-1","ISO 10705-1 | Glosario AquaVerify","ISO 10705-1","Norma de la serie ISO 10705 centrada en métodos para colífagos F-específicos de ARN, según alcance y versión aplicable.","index, follow","","not-applicable","","200","AquaVerify","","","","","","standard-resource-review"
"glossary-term-25","Guide technique","fr","/fr/glossaire/iso-10705-1","iso-10705-1","https://aquaverify.com/fr/glossaire/iso-10705-1","x-default=https://aquaverify.com/en/glossary/iso-10705-1; en=https://aquaverify.com/en/glossary/iso-10705-1; es=https://aquaverify.com/es/glosario/iso-10705-1; fr=https://aquaverify.com/fr/glossaire/iso-10705-1; it=https://aquaverify.com/it/glossario/iso-10705-1; ca=https://aquaverify.com/ca/glossari/iso-10705-1","ISO 10705-1 | Glossaire AquaVerify","ISO 10705-1","ISO 10705-1 fait partie de la série ISO 10705 et porte sur les méthodes relatives aux coliphages F-spécifiques ARN selon le champ et la version applicables.","index, follow","","not-applicable","","200","AquaVerify","","","","","","standard-resource-review"
"glossary-term-25","Guida tecnica","it","/it/glossario/iso-10705-1","iso-10705-1","https://aquaverify.com/it/glossario/iso-10705-1","x-default=https://aquaverify.com/en/glossary/iso-10705-1; en=https://aquaverify.com/en/glossary/iso-10705-1; es=https://aquaverify.com/es/glosario/iso-10705-1; fr=https://aquaverify.com/fr/glossaire/iso-10705-1; it=https://aquaverify.com/it/glossario/iso-10705-1; ca=https://aquaverify.com/ca/glossari/iso-10705-1","ISO 10705-1 | Glossario AquaVerify","ISO 10705-1","ISO 10705-1 fa parte della serie ISO 10705 e riguarda metodi per colifagi F-specifici a RNA secondo campo di applicazione e versione applicabile.","index, follow","","not-applicable","","200","AquaVerify","","","","","","standard-resource-review"
"glossary-term-25","Guia tècnica","ca","/ca/glossari/iso-10705-1","iso-10705-1","https://aquaverify.com/ca/glossari/iso-10705-1","x-default=https://aquaverify.com/en/glossary/iso-10705-1; en=https://aquaverify.com/en/glossary/iso-10705-1; es=https://aquaverify.com/es/glosario/iso-10705-1; fr=https://aquaverify.com/fr/glossaire/iso-10705-1; it=https://aquaverify.com/it/glossario/iso-10705-1; ca=https://aquaverify.com/ca/glossari/iso-10705-1","ISO 10705-1 | Glossari AquaVerify","ISO 10705-1","ISO 10705-1 forma part de la sèrie ISO 10705 i se centra en mètodes per a colífags F-específics d’ARN segons l’abast i la versió aplicables.","index, follow","","not-applicable","","200","AquaVerify","","","","","","standard-resource-review"
"glossary-term-26","Technical guide","en","/en/glossary/iso-10705-2","iso-10705-2","https://aquaverify.com/en/glossary/iso-10705-2","x-default=https://aquaverify.com/en/glossary/iso-10705-2; en=https://aquaverify.com/en/glossary/iso-10705-2; es=https://aquaverify.com/es/glosario/iso-10705-2; fr=https://aquaverify.com/fr/glossaire/iso-10705-2; it=https://aquaverify.com/it/glossario/iso-10705-2; ca=https://aquaverify.com/ca/glossari/iso-10705-2","ISO 10705-2 | Glossary AquaVerify","ISO 10705-2","ISO 10705-2 specifies a method for detecting and enumerating somatic coliphages by incubating the sample with a suitable host strain.","index, follow","","not-applicable","","200","AquaVerify","","","","","","standard-resource-review"
"glossary-term-26","Guía técnica","es","/es/glosario/iso-10705-2","iso-10705-2","https://aquaverify.com/es/glosario/iso-10705-2","x-default=https://aquaverify.com/en/glossary/iso-10705-2; en=https://aquaverify.com/en/glossary/iso-10705-2; es=https://aquaverify.com/es/glosario/iso-10705-2; fr=https://aquaverify.com/fr/glossaire/iso-10705-2; it=https://aquaverify.com/it/glossario/iso-10705-2; ca=https://aquaverify.com/ca/glossari/iso-10705-2","ISO 10705-2 | Glosario AquaVerify","ISO 10705-2","Norma que especifica un método para la detección y enumeración de colífagos somáticos mediante incubación de la muestra con una cepa huésped adecuada.","index, follow","","not-applicable","","200","AquaVerify","","","","","","standard-resource-review"
"glossary-term-26","Guide technique","fr","/fr/glossaire/iso-10705-2","iso-10705-2","https://aquaverify.com/fr/glossaire/iso-10705-2","x-default=https://aquaverify.com/en/glossary/iso-10705-2; en=https://aquaverify.com/en/glossary/iso-10705-2; es=https://aquaverify.com/es/glosario/iso-10705-2; fr=https://aquaverify.com/fr/glossaire/iso-10705-2; it=https://aquaverify.com/it/glossario/iso-10705-2; ca=https://aquaverify.com/ca/glossari/iso-10705-2","ISO 10705-2 | Glossaire AquaVerify","ISO 10705-2","ISO 10705-2 spécifie une méthode de détection et de dénombrement des coliphages somatiques par incubation de l’échantillon avec une souche hôte appropriée.","index, follow","","not-applicable","","200","AquaVerify","","","","","","standard-resource-review"
"glossary-term-26","Guida tecnica","it","/it/glossario/iso-10705-2","iso-10705-2","https://aquaverify.com/it/glossario/iso-10705-2","x-default=https://aquaverify.com/en/glossary/iso-10705-2; en=https://aquaverify.com/en/glossary/iso-10705-2; es=https://aquaverify.com/es/glosario/iso-10705-2; fr=https://aquaverify.com/fr/glossaire/iso-10705-2; it=https://aquaverify.com/it/glossario/iso-10705-2; ca=https://aquaverify.com/ca/glossari/iso-10705-2","ISO 10705-2 | Glossario AquaVerify","ISO 10705-2","ISO 10705-2 specifica un metodo per rilevare ed enumerare colifagi somatici incubando il campione con un ceppo ospite adeguato.","index, follow","","not-applicable","","200","AquaVerify","","","","","","standard-resource-review"
"glossary-term-26","Guia tècnica","ca","/ca/glossari/iso-10705-2","iso-10705-2","https://aquaverify.com/ca/glossari/iso-10705-2","x-default=https://aquaverify.com/en/glossary/iso-10705-2; en=https://aquaverify.com/en/glossary/iso-10705-2; es=https://aquaverify.com/es/glosario/iso-10705-2; fr=https://aquaverify.com/fr/glossaire/iso-10705-2; it=https://aquaverify.com/it/glossario/iso-10705-2; ca=https://aquaverify.com/ca/glossari/iso-10705-2","ISO 10705-2 | Glossari AquaVerify","ISO 10705-2","ISO 10705-2 especifica un mètode per detectar i enumerar colífags somàtics incubant la mostra amb una soca hoste adequada.","index, follow","","not-applicable","","200","AquaVerify","","","","","","standard-resource-review"
"glossary-term-28","Technical guide","en","/en/glossary/iso-19458","iso-19458","https://aquaverify.com/en/glossary/iso-19458","x-default=https://aquaverify.com/en/glossary/iso-19458; en=https://aquaverify.com/en/glossary/iso-19458; es=https://aquaverify.com/es/glosario/iso-19458; fr=https://aquaverify.com/fr/glossaire/iso-19458; it=https://aquaverify.com/it/glossario/iso-19458; ca=https://aquaverify.com/ca/glossari/iso-19458","ISO 19458 | Glossary AquaVerify","ISO 19458","ISO 19458 is a reference standard for microbiological water sampling planning, sampling procedures, transport, handling and storage before analysis begins.","index, follow","","not-applicable","","200","AquaVerify","","","","","","standard-resource-review"
"glossary-term-28","Guía técnica","es","/es/glosario/iso-19458","iso-19458","https://aquaverify.com/es/glosario/iso-19458","x-default=https://aquaverify.com/en/glossary/iso-19458; en=https://aquaverify.com/en/glossary/iso-19458; es=https://aquaverify.com/es/glosario/iso-19458; fr=https://aquaverify.com/fr/glossaire/iso-19458; it=https://aquaverify.com/it/glossario/iso-19458; ca=https://aquaverify.com/ca/glossari/iso-19458","ISO 19458 | Glosario AquaVerify","ISO 19458","Norma de referencia para planificación del muestreo microbiológico de agua, procedimientos de toma, transporte, manejo y almacenamiento hasta el inicio del análisis.","index, follow","","not-applicable","","200","AquaVerify","","","","","","standard-resource-review"
"glossary-term-28","Guide technique","fr","/fr/glossaire/iso-19458","iso-19458","https://aquaverify.com/fr/glossaire/iso-19458","x-default=https://aquaverify.com/en/glossary/iso-19458; en=https://aquaverify.com/en/glossary/iso-19458; es=https://aquaverify.com/es/glosario/iso-19458; fr=https://aquaverify.com/fr/glossaire/iso-19458; it=https://aquaverify.com/it/glossario/iso-19458; ca=https://aquaverify.com/ca/glossari/iso-19458","ISO 19458 | Glossaire AquaVerify","ISO 19458","ISO 19458 est une norme de référence pour la planification du prélèvement microbiologique de l’eau, les procédures de prélèvement, le transport, la manipulation et le stockage avant analyse.","index, follow","","not-applicable","","200","AquaVerify","","","","","","standard-resource-review"
"glossary-term-28","Guida tecnica","it","/it/glossario/iso-19458","iso-19458","https://aquaverify.com/it/glossario/iso-19458","x-default=https://aquaverify.com/en/glossary/iso-19458; en=https://aquaverify.com/en/glossary/iso-19458; es=https://aquaverify.com/es/glosario/iso-19458; fr=https://aquaverify.com/fr/glossaire/iso-19458; it=https://aquaverify.com/it/glossario/iso-19458; ca=https://aquaverify.com/ca/glossari/iso-19458","ISO 19458 | Glossario AquaVerify","ISO 19458","ISO 19458 è una norma di riferimento per pianificazione del campionamento microbiologico dell’acqua, procedure di prelievo, trasporto, manipolazione e conservazione prima dell’analisi.","index, follow","","not-applicable","","200","AquaVerify","","","","","","standard-resource-review"
"glossary-term-28","Guia tècnica","ca","/ca/glossari/iso-19458","iso-19458","https://aquaverify.com/ca/glossari/iso-19458","x-default=https://aquaverify.com/en/glossary/iso-19458; en=https://aquaverify.com/en/glossary/iso-19458; es=https://aquaverify.com/es/glosario/iso-19458; fr=https://aquaverify.com/fr/glossaire/iso-19458; it=https://aquaverify.com/it/glossario/iso-19458; ca=https://aquaverify.com/ca/glossari/iso-19458","ISO 19458 | Glossari AquaVerify","ISO 19458","ISO 19458 és una norma de referència per planificar el mostreig microbiològic d’aigua, procediments de presa, transport, manipulació i emmagatzematge abans de l’anàlisi.","index, follow","","not-applicable","","200","AquaVerify","","","","","","standard-resource-review"
"glossary-term-32","Technical guide","en","/en/glossary/iso-9308","iso-9308","https://aquaverify.com/en/glossary/iso-9308","x-default=https://aquaverify.com/en/glossary/iso-9308; en=https://aquaverify.com/en/glossary/iso-9308; es=https://aquaverify.com/es/glosario/iso-9308; fr=https://aquaverify.com/fr/glossaire/iso-9308; it=https://aquaverify.com/it/glossario/iso-9308; ca=https://aquaverify.com/ca/glossari/iso-9308","ISO 9308 | Glossary AquaVerify","ISO 9308","ISO 9308 is a series of standards for detecting and enumerating Escherichia coli and coliform bacteria in water, using approaches such as membrane filtration or MPN depending on the applicable part.","index, follow","","not-applicable","","200","AquaVerify","","","","","","standard-resource-review"
"glossary-term-32","Guía técnica","es","/es/glosario/iso-9308","iso-9308","https://aquaverify.com/es/glosario/iso-9308","x-default=https://aquaverify.com/en/glossary/iso-9308; en=https://aquaverify.com/en/glossary/iso-9308; es=https://aquaverify.com/es/glosario/iso-9308; fr=https://aquaverify.com/fr/glossaire/iso-9308; it=https://aquaverify.com/it/glossario/iso-9308; ca=https://aquaverify.com/ca/glossari/iso-9308","ISO 9308 | Glosario AquaVerify","ISO 9308","Serie de normas para detección y recuento de Escherichia coli y bacterias coliformes en agua, mediante enfoques como filtración por membrana y NMP según parte aplicable.","index, follow","","not-applicable","","200","AquaVerify","","","","","","standard-resource-review"
"glossary-term-32","Guide technique","fr","/fr/glossaire/iso-9308","iso-9308","https://aquaverify.com/fr/glossaire/iso-9308","x-default=https://aquaverify.com/en/glossary/iso-9308; en=https://aquaverify.com/en/glossary/iso-9308; es=https://aquaverify.com/es/glosario/iso-9308; fr=https://aquaverify.com/fr/glossaire/iso-9308; it=https://aquaverify.com/it/glossario/iso-9308; ca=https://aquaverify.com/ca/glossari/iso-9308","ISO 9308 | Glossaire AquaVerify","ISO 9308","ISO 9308 est une série de normes pour la détection et le dénombrement d’Escherichia coli et des bactéries coliformes dans l’eau, avec des approches comme la filtration sur membrane ou le NPP selon la partie applicable.","index, follow","","not-applicable","","200","AquaVerify","","","","","","standard-resource-review"
"glossary-term-32","Guida tecnica","it","/it/glossario/iso-9308","iso-9308","https://aquaverify.com/it/glossario/iso-9308","x-default=https://aquaverify.com/en/glossary/iso-9308; en=https://aquaverify.com/en/glossary/iso-9308; es=https://aquaverify.com/es/glosario/iso-9308; fr=https://aquaverify.com/fr/glossaire/iso-9308; it=https://aquaverify.com/it/glossario/iso-9308; ca=https://aquaverify.com/ca/glossari/iso-9308","ISO 9308 | Glossario AquaVerify","ISO 9308","ISO 9308 è una serie di norme per rilevare e contare Escherichia coli e batteri coliformi in acqua, con approcci come filtrazione su membrana o MPN secondo la parte applicabile.","index, follow","","not-applicable","","200","AquaVerify","","","","","","standard-resource-review"
"glossary-term-32","Guia tècnica","ca","/ca/glossari/iso-9308","iso-9308","https://aquaverify.com/ca/glossari/iso-9308","x-default=https://aquaverify.com/en/glossary/iso-9308; en=https://aquaverify.com/en/glossary/iso-9308; es=https://aquaverify.com/es/glosario/iso-9308; fr=https://aquaverify.com/fr/glossaire/iso-9308; it=https://aquaverify.com/it/glossario/iso-9308; ca=https://aquaverify.com/ca/glossari/iso-9308","ISO 9308 | Glossari AquaVerify","ISO 9308","ISO 9308 és una sèrie de normes per detectar i comptar Escherichia coli i bacteris coliformes en aigua, amb enfocaments com filtració per membrana o NMP segons la part aplicable.","index, follow","","not-applicable","","200","AquaVerify","","","","","","standard-resource-review"
"glossary-term-33","Technical guide","en","/en/glossary/iso-iec-17025","iso-iec-17025","https://aquaverify.com/en/glossary/iso-iec-17025","x-default=https://aquaverify.com/en/glossary/iso-iec-17025; en=https://aquaverify.com/en/glossary/iso-iec-17025; es=https://aquaverify.com/es/glosario/iso-iec-17025; fr=https://aquaverify.com/fr/glossaire/iso-iec-17025; it=https://aquaverify.com/it/glossario/iso-iec-17025; ca=https://aquaverify.com/ca/glossari/iso-iec-17025","ISO/IEC 17025 | Glossary AquaVerify","ISO/IEC 17025","ISO/IEC 17025 is the standard for the competence of testing and calibration laboratories. In water analysis it relates to valid results, traceability, document control, technical competence and the quality system.","index, follow","","not-applicable","","200","AquaVerify","","","","","","standard-resource-review"
"glossary-term-33","Guía técnica","es","/es/glosario/iso-iec-17025","iso-iec-17025","https://aquaverify.com/es/glosario/iso-iec-17025","x-default=https://aquaverify.com/en/glossary/iso-iec-17025; en=https://aquaverify.com/en/glossary/iso-iec-17025; es=https://aquaverify.com/es/glosario/iso-iec-17025; fr=https://aquaverify.com/fr/glossaire/iso-iec-17025; it=https://aquaverify.com/it/glossario/iso-iec-17025; ca=https://aquaverify.com/ca/glossari/iso-iec-17025","ISO/IEC 17025 | Glosario AquaVerify","ISO/IEC 17025","Norma para competencia de laboratorios de ensayo y calibración. En agua, se relaciona con resultados válidos, trazabilidad, control documental, competencia técnica y sistema de calidad.","index, follow","","not-applicable","","200","AquaVerify","","","","","","standard-resource-review"
"glossary-term-33","Guide technique","fr","/fr/glossaire/iso-iec-17025","iso-iec-17025","https://aquaverify.com/fr/glossaire/iso-iec-17025","x-default=https://aquaverify.com/en/glossary/iso-iec-17025; en=https://aquaverify.com/en/glossary/iso-iec-17025; es=https://aquaverify.com/es/glosario/iso-iec-17025; fr=https://aquaverify.com/fr/glossaire/iso-iec-17025; it=https://aquaverify.com/it/glossario/iso-iec-17025; ca=https://aquaverify.com/ca/glossari/iso-iec-17025","ISO/IEC 17025 | Glossaire AquaVerify","ISO/IEC 17025","ISO/IEC 17025 est la norme relative à la compétence des laboratoires d’essais et d’étalonnage. En analyse de l’eau, elle concerne la validité des résultats, la traçabilité, la maîtrise documentaire, la compétence technique et le système qualité.","index, follow","","not-applicable","","200","AquaVerify","","","","","","standard-resource-review"
"glossary-term-33","Guida tecnica","it","/it/glossario/iso-iec-17025","iso-iec-17025","https://aquaverify.com/it/glossario/iso-iec-17025","x-default=https://aquaverify.com/en/glossary/iso-iec-17025; en=https://aquaverify.com/en/glossary/iso-iec-17025; es=https://aquaverify.com/es/glosario/iso-iec-17025; fr=https://aquaverify.com/fr/glossaire/iso-iec-17025; it=https://aquaverify.com/it/glossario/iso-iec-17025; ca=https://aquaverify.com/ca/glossari/iso-iec-17025","ISO/IEC 17025 | Glossario AquaVerify","ISO/IEC 17025","ISO/IEC 17025 è la norma per la competenza dei laboratori di prova e taratura. Nell’analisi dell’acqua riguarda risultati validi, tracciabilità, controllo documentale, competenza tecnica e sistema qualità.","index, follow","","not-applicable","","200","AquaVerify","","","","","","standard-resource-review"
"glossary-term-33","Guia tècnica","ca","/ca/glossari/iso-iec-17025","iso-iec-17025","https://aquaverify.com/ca/glossari/iso-iec-17025","x-default=https://aquaverify.com/en/glossary/iso-iec-17025; en=https://aquaverify.com/en/glossary/iso-iec-17025; es=https://aquaverify.com/es/glosario/iso-iec-17025; fr=https://aquaverify.com/fr/glossaire/iso-iec-17025; it=https://aquaverify.com/it/glossario/iso-iec-17025; ca=https://aquaverify.com/ca/glossari/iso-iec-17025","ISO/IEC 17025 | Glossari AquaVerify","ISO/IEC 17025","ISO/IEC 17025 és la norma de competència dels laboratoris d’assaig i calibratge. En aigua es relaciona amb resultats vàlids, traçabilitat, control documental, competència tècnica i sistema de qualitat.","index, follow","","not-applicable","","200","AquaVerify","","","","","","standard-resource-review"
"glossary-term-34","Technical guide","en","/en/glossary/water-safety-plan","water-safety-plan","https://aquaverify.com/en/glossary/water-safety-plan","x-default=https://aquaverify.com/en/glossary/water-safety-plan; en=https://aquaverify.com/en/glossary/water-safety-plan; es=https://aquaverify.com/es/glosario/plan-sanitario-del-agua; fr=https://aquaverify.com/fr/glossaire/plan-de-securite-sanitaire-de-leau; it=https://aquaverify.com/it/glossario/water-safety-plan; ca=https://aquaverify.com/ca/glossari/pla-sanitari-de-laigua","Water safety plan | Glossary AquaVerify","Water safety plan","A water safety plan is a documented plan that identifies risks, controls, sampling points, responsibilities, monitoring and corrective actions in a water system.","index, follow","","not-applicable","","200","AquaVerify","","","","","","standard-resource-review"
"glossary-term-34","Guía técnica","es","/es/glosario/plan-sanitario-del-agua","plan-sanitario-del-agua","https://aquaverify.com/es/glosario/plan-sanitario-del-agua","x-default=https://aquaverify.com/en/glossary/water-safety-plan; en=https://aquaverify.com/en/glossary/water-safety-plan; es=https://aquaverify.com/es/glosario/plan-sanitario-del-agua; fr=https://aquaverify.com/fr/glossaire/plan-de-securite-sanitaire-de-leau; it=https://aquaverify.com/it/glossario/water-safety-plan; ca=https://aquaverify.com/ca/glossari/pla-sanitari-de-laigua","Plan sanitario del agua | Glosario AquaVerify","Plan sanitario del agua","Plan documentado que identifica riesgos, controles, puntos de muestreo, responsabilidades, seguimiento y acciones correctivas en un sistema de agua.","index, follow","","not-applicable","","200","AquaVerify","","","","","","standard-resource-review"
"glossary-term-34","Guide technique","fr","/fr/glossaire/plan-de-securite-sanitaire-de-leau","plan-de-securite-sanitaire-de-leau","https://aquaverify.com/fr/glossaire/plan-de-securite-sanitaire-de-leau","x-default=https://aquaverify.com/en/glossary/water-safety-plan; en=https://aquaverify.com/en/glossary/water-safety-plan; es=https://aquaverify.com/es/glosario/plan-sanitario-del-agua; fr=https://aquaverify.com/fr/glossaire/plan-de-securite-sanitaire-de-leau; it=https://aquaverify.com/it/glossario/water-safety-plan; ca=https://aquaverify.com/ca/glossari/pla-sanitari-de-laigua","Plan de sécurité sanitaire de l’eau | Glossaire AquaVerify","Plan de sécurité sanitaire de l’eau","Un plan de sécurité sanitaire de l’eau est un plan documenté qui identifie risques, contrôles, points de prélèvement, responsabilités, suivi et actions correctives dans un système d’eau.","index, follow","","not-applicable","","200","AquaVerify","","","","","","standard-resource-review"
"glossary-term-34","Guida tecnica","it","/it/glossario/water-safety-plan","water-safety-plan","https://aquaverify.com/it/glossario/water-safety-plan","x-default=https://aquaverify.com/en/glossary/water-safety-plan; en=https://aquaverify.com/en/glossary/water-safety-plan; es=https://aquaverify.com/es/glosario/plan-sanitario-del-agua; fr=https://aquaverify.com/fr/glossaire/plan-de-securite-sanitaire-de-leau; it=https://aquaverify.com/it/glossario/water-safety-plan; ca=https://aquaverify.com/ca/glossari/pla-sanitari-de-laigua","Water Safety Plan | Glossario AquaVerify","Water Safety Plan","Un Water Safety Plan è un piano documentato che identifica rischi, controlli, punti di campionamento, responsabilità, monitoraggio e azioni correttive in un sistema idrico.","index, follow","","not-applicable","","200","AquaVerify","","","","","","standard-resource-review"
"glossary-term-34","Guia tècnica","ca","/ca/glossari/pla-sanitari-de-laigua","pla-sanitari-de-laigua","https://aquaverify.com/ca/glossari/pla-sanitari-de-laigua","x-default=https://aquaverify.com/en/glossary/water-safety-plan; en=https://aquaverify.com/en/glossary/water-safety-plan; es=https://aquaverify.com/es/glosario/plan-sanitario-del-agua; fr=https://aquaverify.com/fr/glossaire/plan-de-securite-sanitaire-de-leau; it=https://aquaverify.com/it/glossario/water-safety-plan; ca=https://aquaverify.com/ca/glossari/pla-sanitari-de-laigua","Pla sanitari de l’aigua | Glossari AquaVerify","Pla sanitari de l’aigua","Un pla sanitari de l’aigua és un pla documentat que identifica riscos, controls, punts de mostreig, responsabilitats, seguiment i accions correctives en un sistema d’aigua.","index, follow","","not-applicable","","200","AquaVerify","","","","","","standard-resource-review"
"glossary-term-35","Technical guide","en","/en/glossary/royal-decree-3-2023","royal-decree-3-2023","https://aquaverify.com/en/glossary/royal-decree-3-2023","x-default=https://aquaverify.com/en/glossary/royal-decree-3-2023; en=https://aquaverify.com/en/glossary/royal-decree-3-2023; es=https://aquaverify.com/es/glosario/real-decreto-3-2023; fr=https://aquaverify.com/fr/glossaire/decret-royal-3-2023; it=https://aquaverify.com/it/glossario/regio-decreto-3-2023; ca=https://aquaverify.com/ca/glossari/reial-decret-3-2023","Royal Decree 3/2023 | Glossary AquaVerify","Royal Decree 3/2023","Royal Decree 3/2023 is the Spanish framework defining technical and sanitary criteria for drinking water quality, control and supply. It is key for operators, laboratories and water managers in Spain.","index, follow","","not-applicable","","200","AquaVerify","","","","","","standard-resource-review"
"glossary-term-35","Guía técnica","es","/es/glosario/real-decreto-3-2023","real-decreto-3-2023","https://aquaverify.com/es/glosario/real-decreto-3-2023","x-default=https://aquaverify.com/en/glossary/royal-decree-3-2023; en=https://aquaverify.com/en/glossary/royal-decree-3-2023; es=https://aquaverify.com/es/glosario/real-decreto-3-2023; fr=https://aquaverify.com/fr/glossaire/decret-royal-3-2023; it=https://aquaverify.com/it/glossario/regio-decreto-3-2023; ca=https://aquaverify.com/ca/glossari/reial-decret-3-2023","Real Decreto 3/2023 | Glosario AquaVerify","Real Decreto 3/2023","Marco español que establece criterios técnico-sanitarios de calidad del agua de consumo, su control y suministro. Es clave para operadores, laboratorios y responsables de agua en España.","index, follow","","not-applicable","","200","AquaVerify","","","","","","standard-resource-review"
"glossary-term-35","Guide technique","fr","/fr/glossaire/decret-royal-3-2023","decret-royal-3-2023","https://aquaverify.com/fr/glossaire/decret-royal-3-2023","x-default=https://aquaverify.com/en/glossary/royal-decree-3-2023; en=https://aquaverify.com/en/glossary/royal-decree-3-2023; es=https://aquaverify.com/es/glosario/real-decreto-3-2023; fr=https://aquaverify.com/fr/glossaire/decret-royal-3-2023; it=https://aquaverify.com/it/glossario/regio-decreto-3-2023; ca=https://aquaverify.com/ca/glossari/reial-decret-3-2023","Décret royal 3/2023 | Glossaire AquaVerify","Décret royal 3/2023","Le Décret royal 3/2023 est le cadre espagnol définissant les critères technico-sanitaires de qualité, contrôle et fourniture de l’eau potable. Il est clé pour les opérateurs, laboratoires et responsables de l’eau en Espagne.","index, follow","","not-applicable","","200","AquaVerify","","","","","","standard-resource-review"
"glossary-term-35","Guida tecnica","it","/it/glossario/regio-decreto-3-2023","regio-decreto-3-2023","https://aquaverify.com/it/glossario/regio-decreto-3-2023","x-default=https://aquaverify.com/en/glossary/royal-decree-3-2023; en=https://aquaverify.com/en/glossary/royal-decree-3-2023; es=https://aquaverify.com/es/glosario/real-decreto-3-2023; fr=https://aquaverify.com/fr/glossaire/decret-royal-3-2023; it=https://aquaverify.com/it/glossario/regio-decreto-3-2023; ca=https://aquaverify.com/ca/glossari/reial-decret-3-2023","Regio Decreto 3/2023 | Glossario AquaVerify","Regio Decreto 3/2023","Il Regio Decreto 3/2023 è il quadro spagnolo che definisce criteri tecnico-sanitari per qualità, controllo e fornitura dell’acqua potabile.","index, follow","","not-applicable","","200","AquaVerify","","","","","","standard-resource-review"
"glossary-term-35","Guia tècnica","ca","/ca/glossari/reial-decret-3-2023","reial-decret-3-2023","https://aquaverify.com/ca/glossari/reial-decret-3-2023","x-default=https://aquaverify.com/en/glossary/royal-decree-3-2023; en=https://aquaverify.com/en/glossary/royal-decree-3-2023; es=https://aquaverify.com/es/glosario/real-decreto-3-2023; fr=https://aquaverify.com/fr/glossaire/decret-royal-3-2023; it=https://aquaverify.com/it/glossario/regio-decreto-3-2023; ca=https://aquaverify.com/ca/glossari/reial-decret-3-2023","Reial decret 3/2023 | Glossari AquaVerify","Reial decret 3/2023","El Reial decret 3/2023 és el marc espanyol que estableix criteris tecnicosanitaris de qualitat, control i subministrament de l’aigua de consum.","index, follow","","not-applicable","","200","AquaVerify","","","","","","standard-resource-review"
"glossary-term-36","Technical guide","en","/en/glossary/royal-decree-487-2022","royal-decree-487-2022","https://aquaverify.com/en/glossary/royal-decree-487-2022","x-default=https://aquaverify.com/en/glossary/royal-decree-487-2022; en=https://aquaverify.com/en/glossary/royal-decree-487-2022; es=https://aquaverify.com/es/glosario/real-decreto-487-2022; fr=https://aquaverify.com/fr/glossaire/decret-royal-487-2022; it=https://aquaverify.com/it/glossario/regio-decreto-487-2022; ca=https://aquaverify.com/ca/glossari/reial-decret-487-2022","Royal Decree 487/2022 | Glossary AquaVerify","Royal Decree 487/2022","Royal Decree 487/2022 is the Spanish regulation on prevention and control of legionellosis in installations that can generate aerosol exposure.","index, follow","","not-applicable","","200","AquaVerify","","","","","","standard-resource-review"
"glossary-term-36","Guía técnica","es","/es/glosario/real-decreto-487-2022","real-decreto-487-2022","https://aquaverify.com/es/glosario/real-decreto-487-2022","x-default=https://aquaverify.com/en/glossary/royal-decree-487-2022; en=https://aquaverify.com/en/glossary/royal-decree-487-2022; es=https://aquaverify.com/es/glosario/real-decreto-487-2022; fr=https://aquaverify.com/fr/glossaire/decret-royal-487-2022; it=https://aquaverify.com/it/glossario/regio-decreto-487-2022; ca=https://aquaverify.com/ca/glossari/reial-decret-487-2022","Real Decreto 487/2022 | Glosario AquaVerify","Real Decreto 487/2022","Norma española sobre prevención y control de legionelosis en instalaciones que pueden generar exposición a aerosoles.","index, follow","","not-applicable","","200","AquaVerify","","","","","","standard-resource-review"
"glossary-term-36","Guide technique","fr","/fr/glossaire/decret-royal-487-2022","decret-royal-487-2022","https://aquaverify.com/fr/glossaire/decret-royal-487-2022","x-default=https://aquaverify.com/en/glossary/royal-decree-487-2022; en=https://aquaverify.com/en/glossary/royal-decree-487-2022; es=https://aquaverify.com/es/glosario/real-decreto-487-2022; fr=https://aquaverify.com/fr/glossaire/decret-royal-487-2022; it=https://aquaverify.com/it/glossario/regio-decreto-487-2022; ca=https://aquaverify.com/ca/glossari/reial-decret-487-2022","Décret royal 487/2022 | Glossaire AquaVerify","Décret royal 487/2022","Le Décret royal 487/2022 est la réglementation espagnole sur la prévention et le contrôle de la légionellose dans les installations pouvant générer une exposition aux aérosols.","index, follow","","not-applicable","","200","AquaVerify","","","","","","standard-resource-review"
"glossary-term-36","Guida tecnica","it","/it/glossario/regio-decreto-487-2022","regio-decreto-487-2022","https://aquaverify.com/it/glossario/regio-decreto-487-2022","x-default=https://aquaverify.com/en/glossary/royal-decree-487-2022; en=https://aquaverify.com/en/glossary/royal-decree-487-2022; es=https://aquaverify.com/es/glosario/real-decreto-487-2022; fr=https://aquaverify.com/fr/glossaire/decret-royal-487-2022; it=https://aquaverify.com/it/glossario/regio-decreto-487-2022; ca=https://aquaverify.com/ca/glossari/reial-decret-487-2022","Regio Decreto 487/2022 | Glossario AquaVerify","Regio Decreto 487/2022","Il Regio Decreto 487/2022 è la normativa spagnola per prevenzione e controllo della legionellosi in impianti che possono generare esposizione ad aerosol.","index, follow","","not-applicable","","200","AquaVerify","","","","","","standard-resource-review"
"glossary-term-36","Guia tècnica","ca","/ca/glossari/reial-decret-487-2022","reial-decret-487-2022","https://aquaverify.com/ca/glossari/reial-decret-487-2022","x-default=https://aquaverify.com/en/glossary/royal-decree-487-2022; en=https://aquaverify.com/en/glossary/royal-decree-487-2022; es=https://aquaverify.com/es/glosario/real-decreto-487-2022; fr=https://aquaverify.com/fr/glossaire/decret-royal-487-2022; it=https://aquaverify.com/it/glossario/regio-decreto-487-2022; ca=https://aquaverify.com/ca/glossari/reial-decret-487-2022","Reial decret 487/2022 | Glossari AquaVerify","Reial decret 487/2022","El Reial decret 487/2022 és la norma espanyola sobre prevenció i control de la legionel·losi en instal·lacions que poden generar exposició a aerosols.","index, follow","","not-applicable","","200","AquaVerify","","","","","","standard-resource-review"
"glossary-term-38","Technical guide","en","/en/glossary/regulation-eu-2020-741","regulation-eu-2020-741","https://aquaverify.com/en/glossary/regulation-eu-2020-741","x-default=https://aquaverify.com/en/glossary/regulation-eu-2020-741; en=https://aquaverify.com/en/glossary/regulation-eu-2020-741; es=https://aquaverify.com/es/glosario/reglamento-ue-2020-741; fr=https://aquaverify.com/fr/glossaire/reglement-ue-2020-741; it=https://aquaverify.com/it/glossario/regolamento-ue-2020-741; ca=https://aquaverify.com/ca/glossari/reglament-ue-2020-741","Regulation (EU) 2020/741 | Glossary AquaVerify","Regulation (EU) 2020/741","Regulation (EU) 2020/741 establishes minimum requirements for water reuse in the European Union, especially for agricultural irrigation.","index, follow","","not-applicable","","200","AquaVerify","","","","","","standard-resource-review"
"glossary-term-38","Guía técnica","es","/es/glosario/reglamento-ue-2020-741","reglamento-ue-2020-741","https://aquaverify.com/es/glosario/reglamento-ue-2020-741","x-default=https://aquaverify.com/en/glossary/regulation-eu-2020-741; en=https://aquaverify.com/en/glossary/regulation-eu-2020-741; es=https://aquaverify.com/es/glosario/reglamento-ue-2020-741; fr=https://aquaverify.com/fr/glossaire/reglement-ue-2020-741; it=https://aquaverify.com/it/glossario/regolamento-ue-2020-741; ca=https://aquaverify.com/ca/glossari/reglament-ue-2020-741","Reglamento (UE) 2020/741 | Glosario AquaVerify","Reglamento (UE) 2020/741","Reglamento europeo que establece requisitos mínimos para la reutilización del agua, especialmente en riego agrícola.","index, follow","","not-applicable","","200","AquaVerify","","","","","","standard-resource-review"
"glossary-term-38","Guide technique","fr","/fr/glossaire/reglement-ue-2020-741","reglement-ue-2020-741","https://aquaverify.com/fr/glossaire/reglement-ue-2020-741","x-default=https://aquaverify.com/en/glossary/regulation-eu-2020-741; en=https://aquaverify.com/en/glossary/regulation-eu-2020-741; es=https://aquaverify.com/es/glosario/reglamento-ue-2020-741; fr=https://aquaverify.com/fr/glossaire/reglement-ue-2020-741; it=https://aquaverify.com/it/glossario/regolamento-ue-2020-741; ca=https://aquaverify.com/ca/glossari/reglament-ue-2020-741","Règlement (UE) 2020/741 | Glossaire AquaVerify","Règlement (UE) 2020/741","Le Règlement (UE) 2020/741 établit les exigences minimales pour la réutilisation de l’eau dans l’Union européenne, notamment pour l’irrigation agricole.","index, follow","","not-applicable","","200","AquaVerify","","","","","","standard-resource-review"
"glossary-term-38","Guida tecnica","it","/it/glossario/regolamento-ue-2020-741","regolamento-ue-2020-741","https://aquaverify.com/it/glossario/regolamento-ue-2020-741","x-default=https://aquaverify.com/en/glossary/regulation-eu-2020-741; en=https://aquaverify.com/en/glossary/regulation-eu-2020-741; es=https://aquaverify.com/es/glosario/reglamento-ue-2020-741; fr=https://aquaverify.com/fr/glossaire/reglement-ue-2020-741; it=https://aquaverify.com/it/glossario/regolamento-ue-2020-741; ca=https://aquaverify.com/ca/glossari/reglament-ue-2020-741","Regolamento (UE) 2020/741 | Glossario AquaVerify","Regolamento (UE) 2020/741","Il Regolamento (UE) 2020/741 stabilisce requisiti minimi per il riutilizzo dell’acqua nell’Unione europea, in particolare per l’irrigazione agricola.","index, follow","","not-applicable","","200","AquaVerify","","","","","","standard-resource-review"
"glossary-term-38","Guia tècnica","ca","/ca/glossari/reglament-ue-2020-741","reglament-ue-2020-741","https://aquaverify.com/ca/glossari/reglament-ue-2020-741","x-default=https://aquaverify.com/en/glossary/regulation-eu-2020-741; en=https://aquaverify.com/en/glossary/regulation-eu-2020-741; es=https://aquaverify.com/es/glosario/reglamento-ue-2020-741; fr=https://aquaverify.com/fr/glossaire/reglement-ue-2020-741; it=https://aquaverify.com/it/glossario/regolamento-ue-2020-741; ca=https://aquaverify.com/ca/glossari/reglament-ue-2020-741","Reglament (UE) 2020/741 | Glossari AquaVerify","Reglament (UE) 2020/741","El Reglament (UE) 2020/741 estableix requisits mínims per a la reutilització de l’aigua a la Unió Europea, especialment en reg agrícola.","index, follow","","not-applicable","","200","AquaVerify","","","","","","standard-resource-review"
"glossary-term-40","Technical guide","en","/en/glossary/water-safety-plan-2","water-safety-plan-2","https://aquaverify.com/en/glossary/water-safety-plan-2","x-default=https://aquaverify.com/en/glossary/water-safety-plan-2; en=https://aquaverify.com/en/glossary/water-safety-plan-2; es=https://aquaverify.com/es/glosario/water-safety-plan; fr=https://aquaverify.com/fr/glossaire/water-safety-plan; it=https://aquaverify.com/it/glossario/water-safety-plan-2; ca=https://aquaverify.com/ca/glossari/water-safety-plan","Water Safety Plan | Glossary AquaVerify","Water Safety Plan","A Water Safety Plan is a preventive water-risk management approach covering the path from catchment to user, combining hazards, controls, monitoring and corrective actions.","index, follow","","not-applicable","","200","AquaVerify","","","","","","standard-resource-review"
"glossary-term-40","Guía técnica","es","/es/glosario/water-safety-plan","water-safety-plan","https://aquaverify.com/es/glosario/water-safety-plan","x-default=https://aquaverify.com/en/glossary/water-safety-plan-2; en=https://aquaverify.com/en/glossary/water-safety-plan-2; es=https://aquaverify.com/es/glosario/water-safety-plan; fr=https://aquaverify.com/fr/glossaire/water-safety-plan; it=https://aquaverify.com/it/glossario/water-safety-plan-2; ca=https://aquaverify.com/ca/glossari/water-safety-plan","Water Safety Plan | Glosario AquaVerify","Water Safety Plan","Enfoque de gestión preventiva del riesgo del agua que cubre desde captación hasta usuario, combinando peligros, controles, monitorización y acciones correctivas.","index, follow","","not-applicable","","200","AquaVerify","","","","","","standard-resource-review"
"glossary-term-40","Guide technique","fr","/fr/glossaire/water-safety-plan","water-safety-plan","https://aquaverify.com/fr/glossaire/water-safety-plan","x-default=https://aquaverify.com/en/glossary/water-safety-plan-2; en=https://aquaverify.com/en/glossary/water-safety-plan-2; es=https://aquaverify.com/es/glosario/water-safety-plan; fr=https://aquaverify.com/fr/glossaire/water-safety-plan; it=https://aquaverify.com/it/glossario/water-safety-plan-2; ca=https://aquaverify.com/ca/glossari/water-safety-plan","Water Safety Plan | Glossaire AquaVerify","Water Safety Plan","Un Water Safety Plan est une approche préventive de gestion du risque hydrique couvrant le parcours du captage à l’usager, en combinant dangers, contrôles, suivi et actions correctives.","index, follow","","not-applicable","","200","AquaVerify","","","","","","standard-resource-review"
"glossary-term-40","Guida tecnica","it","/it/glossario/water-safety-plan-2","water-safety-plan-2","https://aquaverify.com/it/glossario/water-safety-plan-2","x-default=https://aquaverify.com/en/glossary/water-safety-plan-2; en=https://aquaverify.com/en/glossary/water-safety-plan-2; es=https://aquaverify.com/es/glosario/water-safety-plan; fr=https://aquaverify.com/fr/glossaire/water-safety-plan; it=https://aquaverify.com/it/glossario/water-safety-plan-2; ca=https://aquaverify.com/ca/glossari/water-safety-plan","Water Safety Plan | Glossario AquaVerify","Water Safety Plan","Il Water Safety Plan è un approccio preventivo alla gestione del rischio idrico dal captaggio all’utente, combinando pericoli, controlli, monitoraggio e azioni correttive.","index, follow","","not-applicable","","200","AquaVerify","","","","","","standard-resource-review"
"glossary-term-40","Guia tècnica","ca","/ca/glossari/water-safety-plan","water-safety-plan","https://aquaverify.com/ca/glossari/water-safety-plan","x-default=https://aquaverify.com/en/glossary/water-safety-plan-2; en=https://aquaverify.com/en/glossary/water-safety-plan-2; es=https://aquaverify.com/es/glosario/water-safety-plan; fr=https://aquaverify.com/fr/glossaire/water-safety-plan; it=https://aquaverify.com/it/glossario/water-safety-plan-2; ca=https://aquaverify.com/ca/glossari/water-safety-plan","Water Safety Plan | Glossari AquaVerify","Water Safety Plan","El Water Safety Plan és un enfocament preventiu de gestió del risc de l’aigua des de la captació fins a l’usuari, combinant perills, controls, monitoratge i accions correctives.","index, follow","","not-applicable","","200","AquaVerify","","","","","","standard-resource-review"
"glossary-term-47","Technical guide","en","/en/glossary/plaque-assay","plaque-assay","https://aquaverify.com/en/glossary/plaque-assay","x-default=https://aquaverify.com/en/glossary/plaque-assay; en=https://aquaverify.com/en/glossary/plaque-assay; es=https://aquaverify.com/es/glosario/ensayo-en-placa; fr=https://aquaverify.com/fr/glossaire/essai-en-plaque; it=https://aquaverify.com/it/glossario/saggio-in-placca; ca=https://aquaverify.com/ca/glossari/assaig-en-placa","Plaque assay | Glossary AquaVerify","Plaque assay","A plaque assay is a culture method that quantifies bacteriophages through visible lysis plaques formed on a bacterial lawn.","index, follow","","not-applicable","","200","AquaVerify","","","","","","standard-resource-review"
"glossary-term-47","Guía técnica","es","/es/glosario/ensayo-en-placa","ensayo-en-placa","https://aquaverify.com/es/glosario/ensayo-en-placa","x-default=https://aquaverify.com/en/glossary/plaque-assay; en=https://aquaverify.com/en/glossary/plaque-assay; es=https://aquaverify.com/es/glosario/ensayo-en-placa; fr=https://aquaverify.com/fr/glossaire/essai-en-plaque; it=https://aquaverify.com/it/glossario/saggio-in-placca; ca=https://aquaverify.com/ca/glossari/assaig-en-placa","Ensayo en placa | Glosario AquaVerify","Ensayo en placa","Método de cultivo que cuantifica bacteriófagos mediante placas de lisis visibles en un césped bacteriano.","index, follow","","not-applicable","","200","AquaVerify","","","","","","standard-resource-review"
"glossary-term-47","Guide technique","fr","/fr/glossaire/essai-en-plaque","essai-en-plaque","https://aquaverify.com/fr/glossaire/essai-en-plaque","x-default=https://aquaverify.com/en/glossary/plaque-assay; en=https://aquaverify.com/en/glossary/plaque-assay; es=https://aquaverify.com/es/glosario/ensayo-en-placa; fr=https://aquaverify.com/fr/glossaire/essai-en-plaque; it=https://aquaverify.com/it/glossario/saggio-in-placca; ca=https://aquaverify.com/ca/glossari/assaig-en-placa","Essai en plaque | Glossaire AquaVerify","Essai en plaque","Un essai en plaque est une méthode de culture qui quantifie les bactériophages par des plages de lyse visibles sur un tapis bactérien.","index, follow","","not-applicable","","200","AquaVerify","","","","","","standard-resource-review"
"glossary-term-47","Guida tecnica","it","/it/glossario/saggio-in-placca","saggio-in-placca","https://aquaverify.com/it/glossario/saggio-in-placca","x-default=https://aquaverify.com/en/glossary/plaque-assay; en=https://aquaverify.com/en/glossary/plaque-assay; es=https://aquaverify.com/es/glosario/ensayo-en-placa; fr=https://aquaverify.com/fr/glossaire/essai-en-plaque; it=https://aquaverify.com/it/glossario/saggio-in-placca; ca=https://aquaverify.com/ca/glossari/assaig-en-placa","Saggio in placca | Glossario AquaVerify","Saggio in placca","Il saggio in placca è un metodo colturale che quantifica batteriofagi tramite placche di lisi visibili su un tappeto batterico.","index, follow","","not-applicable","","200","AquaVerify","","","","","","standard-resource-review"
"glossary-term-47","Guia tècnica","ca","/ca/glossari/assaig-en-placa","assaig-en-placa","https://aquaverify.com/ca/glossari/assaig-en-placa","x-default=https://aquaverify.com/en/glossary/plaque-assay; en=https://aquaverify.com/en/glossary/plaque-assay; es=https://aquaverify.com/es/glosario/ensayo-en-placa; fr=https://aquaverify.com/fr/glossaire/essai-en-plaque; it=https://aquaverify.com/it/glossario/saggio-in-placca; ca=https://aquaverify.com/ca/glossari/assaig-en-placa","Assaig en placa | Glossari AquaVerify","Assaig en placa","L’assaig en placa és un mètode de cultiu que quantifica bacteriòfags mitjançant plaques de lisi visibles sobre una capa bacteriana.","index, follow","","not-applicable","","200","AquaVerify","","","","","","standard-resource-review"
"glossary-term-48","Technical guide","en","/en/glossary/membrane-filtration","membrane-filtration","https://aquaverify.com/en/glossary/membrane-filtration","x-default=https://aquaverify.com/en/glossary/membrane-filtration; en=https://aquaverify.com/en/glossary/membrane-filtration; es=https://aquaverify.com/es/glosario/filtracion-por-membrana; fr=https://aquaverify.com/fr/glossaire/filtration-sur-membrane; it=https://aquaverify.com/it/glossario/filtrazione-su-membrana; ca=https://aquaverify.com/ca/glossari/filtracio-per-membrana","Membrane filtration | Glossary AquaVerify","Membrane filtration","Membrane filtration is a technique in which a volume of water is filtered and the membrane is incubated on a medium to recover and count microorganisms.","index, follow","","not-applicable","","200","AquaVerify","","","","","","standard-resource-review"
"glossary-term-48","Guía técnica","es","/es/glosario/filtracion-por-membrana","filtracion-por-membrana","https://aquaverify.com/es/glosario/filtracion-por-membrana","x-default=https://aquaverify.com/en/glossary/membrane-filtration; en=https://aquaverify.com/en/glossary/membrane-filtration; es=https://aquaverify.com/es/glosario/filtracion-por-membrana; fr=https://aquaverify.com/fr/glossaire/filtration-sur-membrane; it=https://aquaverify.com/it/glossario/filtrazione-su-membrana; ca=https://aquaverify.com/ca/glossari/filtracio-per-membrana","Filtración por membrana | Glosario AquaVerify","Filtración por membrana","Técnica en la que se filtra un volumen de agua y se incuba la membrana sobre un medio para recuperar y contar microorganismos.","index, follow","","not-applicable","","200","AquaVerify","","","","","","standard-resource-review"
"glossary-term-48","Guide technique","fr","/fr/glossaire/filtration-sur-membrane","filtration-sur-membrane","https://aquaverify.com/fr/glossaire/filtration-sur-membrane","x-default=https://aquaverify.com/en/glossary/membrane-filtration; en=https://aquaverify.com/en/glossary/membrane-filtration; es=https://aquaverify.com/es/glosario/filtracion-por-membrana; fr=https://aquaverify.com/fr/glossaire/filtration-sur-membrane; it=https://aquaverify.com/it/glossario/filtrazione-su-membrana; ca=https://aquaverify.com/ca/glossari/filtracio-per-membrana","Filtration sur membrane | Glossaire AquaVerify","Filtration sur membrane","La filtration sur membrane consiste à filtrer un volume d’eau puis à incuber la membrane sur un milieu afin de récupérer et compter les micro-organismes.","index, follow","","not-applicable","","200","AquaVerify","","","","","","standard-resource-review"
"glossary-term-48","Guida tecnica","it","/it/glossario/filtrazione-su-membrana","filtrazione-su-membrana","https://aquaverify.com/it/glossario/filtrazione-su-membrana","x-default=https://aquaverify.com/en/glossary/membrane-filtration; en=https://aquaverify.com/en/glossary/membrane-filtration; es=https://aquaverify.com/es/glosario/filtracion-por-membrana; fr=https://aquaverify.com/fr/glossaire/filtration-sur-membrane; it=https://aquaverify.com/it/glossario/filtrazione-su-membrana; ca=https://aquaverify.com/ca/glossari/filtracio-per-membrana","Filtrazione su membrana | Glossario AquaVerify","Filtrazione su membrana","La filtrazione su membrana filtra un volume d’acqua e incuba la membrana su un terreno per recuperare e contare microrganismi.","index, follow","","not-applicable","","200","AquaVerify","","","","","","standard-resource-review"
"glossary-term-48","Guia tècnica","ca","/ca/glossari/filtracio-per-membrana","filtracio-per-membrana","https://aquaverify.com/ca/glossari/filtracio-per-membrana","x-default=https://aquaverify.com/en/glossary/membrane-filtration; en=https://aquaverify.com/en/glossary/membrane-filtration; es=https://aquaverify.com/es/glosario/filtracion-por-membrana; fr=https://aquaverify.com/fr/glossaire/filtration-sur-membrane; it=https://aquaverify.com/it/glossario/filtrazione-su-membrana; ca=https://aquaverify.com/ca/glossari/filtracio-per-membrana","Filtració per membrana | Glossari AquaVerify","Filtració per membrana","La filtració per membrana filtra un volum d’aigua i incuba la membrana sobre un medi per recuperar i comptar microorganismes.","index, follow","","not-applicable","","200","AquaVerify","","","","","","standard-resource-review"
"glossary-term-50","Technical guide","en","/en/glossary/cell-lysis","cell-lysis","https://aquaverify.com/en/glossary/cell-lysis","x-default=https://aquaverify.com/en/glossary/cell-lysis; en=https://aquaverify.com/en/glossary/cell-lysis; es=https://aquaverify.com/es/glosario/lisis-celular; fr=https://aquaverify.com/fr/glossaire/lyse-cellulaire; it=https://aquaverify.com/it/glossario/lisi-cellulare; ca=https://aquaverify.com/ca/glossari/lisi-cellular","Cell lysis | Glossary AquaVerify","Cell lysis","Cell lysis is the rupture of a bacterial cell, for example after bacteriophage replication, releasing new viral particles and producing a visible lysis zone.","index, follow","","not-applicable","","200","AquaVerify","","","","","","standard-resource-review"
"glossary-term-50","Guía técnica","es","/es/glosario/lisis-celular","lisis-celular","https://aquaverify.com/es/glosario/lisis-celular","x-default=https://aquaverify.com/en/glossary/cell-lysis; en=https://aquaverify.com/en/glossary/cell-lysis; es=https://aquaverify.com/es/glosario/lisis-celular; fr=https://aquaverify.com/fr/glossaire/lyse-cellulaire; it=https://aquaverify.com/it/glossario/lisi-cellulare; ca=https://aquaverify.com/ca/glossari/lisi-cellular","Lisis celular | Glosario AquaVerify","Lisis celular","Ruptura de una célula bacteriana, por ejemplo tras replicación de un bacteriófago, que libera nuevas partículas virales y genera una zona de lisis visible.","index, follow","","not-applicable","","200","AquaVerify","","","","","","standard-resource-review"
"glossary-term-50","Guide technique","fr","/fr/glossaire/lyse-cellulaire","lyse-cellulaire","https://aquaverify.com/fr/glossaire/lyse-cellulaire","x-default=https://aquaverify.com/en/glossary/cell-lysis; en=https://aquaverify.com/en/glossary/cell-lysis; es=https://aquaverify.com/es/glosario/lisis-celular; fr=https://aquaverify.com/fr/glossaire/lyse-cellulaire; it=https://aquaverify.com/it/glossario/lisi-cellulare; ca=https://aquaverify.com/ca/glossari/lisi-cellular","Lyse cellulaire | Glossaire AquaVerify","Lyse cellulaire","La lyse cellulaire est la rupture d’une cellule bactérienne, par exemple après réplication d’un bactériophage, libérant de nouvelles particules virales et produisant une zone de lyse visible.","index, follow","","not-applicable","","200","AquaVerify","","","","","","standard-resource-review"
"glossary-term-50","Guida tecnica","it","/it/glossario/lisi-cellulare","lisi-cellulare","https://aquaverify.com/it/glossario/lisi-cellulare","x-default=https://aquaverify.com/en/glossary/cell-lysis; en=https://aquaverify.com/en/glossary/cell-lysis; es=https://aquaverify.com/es/glosario/lisis-celular; fr=https://aquaverify.com/fr/glossaire/lyse-cellulaire; it=https://aquaverify.com/it/glossario/lisi-cellulare; ca=https://aquaverify.com/ca/glossari/lisi-cellular","Lisi cellulare | Glossario AquaVerify","Lisi cellulare","La lisi cellulare è la rottura di una cellula batterica, ad esempio dopo replicazione fagica, con rilascio di particelle virali e zona di lisi visibile.","index, follow","","not-applicable","","200","AquaVerify","","","","","","standard-resource-review"
"glossary-term-50","Guia tècnica","ca","/ca/glossari/lisi-cellular","lisi-cellular","https://aquaverify.com/ca/glossari/lisi-cellular","x-default=https://aquaverify.com/en/glossary/cell-lysis; en=https://aquaverify.com/en/glossary/cell-lysis; es=https://aquaverify.com/es/glosario/lisis-celular; fr=https://aquaverify.com/fr/glossaire/lyse-cellulaire; it=https://aquaverify.com/it/glossario/lisi-cellulare; ca=https://aquaverify.com/ca/glossari/lisi-cellular","Lisi cel·lular | Glossari AquaVerify","Lisi cel·lular","La lisi cel·lular és la ruptura d’una cèl·lula bacteriana, per exemple després de la replicació d’un bacteriòfag, alliberant noves partícules virals i generant una zona de lisi visible.","index, follow","","not-applicable","","200","AquaVerify","","","","","","standard-resource-review"
"glossary-term-52","Technical guide","en","/en/glossary/limit-of-detection-lod","limit-of-detection-lod","https://aquaverify.com/en/glossary/limit-of-detection-lod","x-default=https://aquaverify.com/en/glossary/limit-of-detection-lod; en=https://aquaverify.com/en/glossary/limit-of-detection-lod; es=https://aquaverify.com/es/glosario/limite-de-deteccion-lod; fr=https://aquaverify.com/fr/glossaire/limite-de-detection-lod; it=https://aquaverify.com/it/glossario/limite-di-rilevazione-lod; ca=https://aquaverify.com/ca/glossari/limit-de-deteccio-lod","Limit of detection (LOD) | Glossary AquaVerify","Limit of detection (LOD)","The limit of detection is the lowest level of analyte or microorganism that a method can detect under defined conditions, without necessarily implying exact quantification.","index, follow","","not-applicable","","200","AquaVerify","","","","","","standard-resource-review"
"glossary-term-52","Guía técnica","es","/es/glosario/limite-de-deteccion-lod","limite-de-deteccion-lod","https://aquaverify.com/es/glosario/limite-de-deteccion-lod","x-default=https://aquaverify.com/en/glossary/limit-of-detection-lod; en=https://aquaverify.com/en/glossary/limit-of-detection-lod; es=https://aquaverify.com/es/glosario/limite-de-deteccion-lod; fr=https://aquaverify.com/fr/glossaire/limite-de-detection-lod; it=https://aquaverify.com/it/glossario/limite-di-rilevazione-lod; ca=https://aquaverify.com/ca/glossari/limit-de-deteccio-lod","Límite de detección (LOD) | Glosario AquaVerify","Límite de detección (LOD)","Menor nivel de analito o microorganismo que un método puede detectar bajo condiciones definidas, sin implicar necesariamente cuantificación exacta.","index, follow","","not-applicable","","200","AquaVerify","","","","","","standard-resource-review"
"glossary-term-52","Guide technique","fr","/fr/glossaire/limite-de-detection-lod","limite-de-detection-lod","https://aquaverify.com/fr/glossaire/limite-de-detection-lod","x-default=https://aquaverify.com/en/glossary/limit-of-detection-lod; en=https://aquaverify.com/en/glossary/limit-of-detection-lod; es=https://aquaverify.com/es/glosario/limite-de-deteccion-lod; fr=https://aquaverify.com/fr/glossaire/limite-de-detection-lod; it=https://aquaverify.com/it/glossario/limite-di-rilevazione-lod; ca=https://aquaverify.com/ca/glossari/limit-de-deteccio-lod","Limite de détection (LOD) | Glossaire AquaVerify","Limite de détection (LOD)","La limite de détection est le plus faible niveau d’analyte ou de micro-organisme qu’une méthode peut détecter dans des conditions définies, sans impliquer nécessairement une quantification exacte.","index, follow","","not-applicable","","200","AquaVerify","","","","","","standard-resource-review"
"glossary-term-52","Guida tecnica","it","/it/glossario/limite-di-rilevazione-lod","limite-di-rilevazione-lod","https://aquaverify.com/it/glossario/limite-di-rilevazione-lod","x-default=https://aquaverify.com/en/glossary/limit-of-detection-lod; en=https://aquaverify.com/en/glossary/limit-of-detection-lod; es=https://aquaverify.com/es/glosario/limite-de-deteccion-lod; fr=https://aquaverify.com/fr/glossaire/limite-de-detection-lod; it=https://aquaverify.com/it/glossario/limite-di-rilevazione-lod; ca=https://aquaverify.com/ca/glossari/limit-de-deteccio-lod","Limite di rilevazione (LOD) | Glossario AquaVerify","Limite di rilevazione (LOD)","Il limite di rilevazione è il livello minimo di analita o microrganismo rilevabile da un metodo in condizioni definite, senza implicare necessariamente quantificazione esatta.","index, follow","","not-applicable","","200","AquaVerify","","","","","","standard-resource-review"
"glossary-term-52","Guia tècnica","ca","/ca/glossari/limit-de-deteccio-lod","limit-de-deteccio-lod","https://aquaverify.com/ca/glossari/limit-de-deteccio-lod","x-default=https://aquaverify.com/en/glossary/limit-of-detection-lod; en=https://aquaverify.com/en/glossary/limit-of-detection-lod; es=https://aquaverify.com/es/glosario/limite-de-deteccion-lod; fr=https://aquaverify.com/fr/glossaire/limite-de-detection-lod; it=https://aquaverify.com/it/glossario/limite-di-rilevazione-lod; ca=https://aquaverify.com/ca/glossari/limit-de-deteccio-lod","Límit de detecció (LOD) | Glossari AquaVerify","Límit de detecció (LOD)","El límit de detecció és el nivell més baix d’analit o microorganisme que un mètode pot detectar en condicions definides, sense implicar necessàriament quantificació exacta.","index, follow","","not-applicable","","200","AquaVerify","","","","","","standard-resource-review"
"glossary-term-53","Technical guide","en","/en/glossary/matrix","matrix","https://aquaverify.com/en/glossary/matrix","x-default=https://aquaverify.com/en/glossary/matrix; en=https://aquaverify.com/en/glossary/matrix; es=https://aquaverify.com/es/glosario/matriz; fr=https://aquaverify.com/fr/glossaire/matrice; it=https://aquaverify.com/it/glossario/matrice; ca=https://aquaverify.com/ca/glossari/matriu","Matrix | Glossary AquaVerify","Matrix","A matrix is the type of sample or environment being analysed, such as drinking water, reclaimed water, pool water, wastewater, surface water, process water or irrigation water.","index, follow","","not-applicable","","200","AquaVerify","","","","","","standard-resource-review"
"glossary-term-53","Guía técnica","es","/es/glosario/matriz","matriz","https://aquaverify.com/es/glosario/matriz","x-default=https://aquaverify.com/en/glossary/matrix; en=https://aquaverify.com/en/glossary/matrix; es=https://aquaverify.com/es/glosario/matriz; fr=https://aquaverify.com/fr/glossaire/matrice; it=https://aquaverify.com/it/glossario/matrice; ca=https://aquaverify.com/ca/glossari/matriu","Matriz | Glosario AquaVerify","Matriz","Tipo de muestra o entorno analizado, como agua de consumo, agua regenerada, piscina, residual, superficial, proceso o riego.","index, follow","","not-applicable","","200","AquaVerify","","","","","","standard-resource-review"
"glossary-term-53","Guide technique","fr","/fr/glossaire/matrice","matrice","https://aquaverify.com/fr/glossaire/matrice","x-default=https://aquaverify.com/en/glossary/matrix; en=https://aquaverify.com/en/glossary/matrix; es=https://aquaverify.com/es/glosario/matriz; fr=https://aquaverify.com/fr/glossaire/matrice; it=https://aquaverify.com/it/glossario/matrice; ca=https://aquaverify.com/ca/glossari/matriu","Matrice | Glossaire AquaVerify","Matrice","La matrice est le type d’échantillon ou d’environnement analysé, comme l’eau potable, l’eau régénérée, la piscine, l’eau résiduaire, l’eau de surface, l’eau de process ou l’eau d’irrigation.","index, follow","","not-applicable","","200","AquaVerify","","","","","","standard-resource-review"
"glossary-term-53","Guida tecnica","it","/it/glossario/matrice","matrice","https://aquaverify.com/it/glossario/matrice","x-default=https://aquaverify.com/en/glossary/matrix; en=https://aquaverify.com/en/glossary/matrix; es=https://aquaverify.com/es/glosario/matriz; fr=https://aquaverify.com/fr/glossaire/matrice; it=https://aquaverify.com/it/glossario/matrice; ca=https://aquaverify.com/ca/glossari/matriu","Matrice | Glossario AquaVerify","Matrice","La matrice è il tipo di campione o ambiente analizzato, come acqua potabile, rigenerata, piscina, reflua, superficiale, di processo o irrigazione.","index, follow","","not-applicable","","200","AquaVerify","","","","","","standard-resource-review"
"glossary-term-53","Guia tècnica","ca","/ca/glossari/matriu","matriu","https://aquaverify.com/ca/glossari/matriu","x-default=https://aquaverify.com/en/glossary/matrix; en=https://aquaverify.com/en/glossary/matrix; es=https://aquaverify.com/es/glosario/matriz; fr=https://aquaverify.com/fr/glossaire/matrice; it=https://aquaverify.com/it/glossario/matrice; ca=https://aquaverify.com/ca/glossari/matriu","Matriu | Glossari AquaVerify","Matriu","La matriu és el tipus de mostra o entorn analitzat, com aigua de consum, regenerada, piscina, residual, superficial, de procés o de reg.","index, follow","","not-applicable","","200","AquaVerify","","","","","","standard-resource-review"
"glossary-term-57","Technical guide","en","/en/glossary/oos-out-of-specification","oos-out-of-specification","https://aquaverify.com/en/glossary/oos-out-of-specification","x-default=https://aquaverify.com/en/glossary/oos-out-of-specification; en=https://aquaverify.com/en/glossary/oos-out-of-specification; es=https://aquaverify.com/es/glosario/oos-fuera-de-especificacion; fr=https://aquaverify.com/fr/glossaire/oos-hors-specification; it=https://aquaverify.com/it/glossario/oos-fuori-specifica; ca=https://aquaverify.com/ca/glossari/oos-fora-despecificacio","OOS / Out of specification | Glossary AquaVerify","OOS / Out of specification","An out-of-specification result is a result outside a defined limit, criterion or range. It requires review, investigation or action according to procedure.","index, follow","","not-applicable","","200","AquaVerify","","","","","","standard-resource-review"
"glossary-term-57","Guía técnica","es","/es/glosario/oos-fuera-de-especificacion","oos-fuera-de-especificacion","https://aquaverify.com/es/glosario/oos-fuera-de-especificacion","x-default=https://aquaverify.com/en/glossary/oos-out-of-specification; en=https://aquaverify.com/en/glossary/oos-out-of-specification; es=https://aquaverify.com/es/glosario/oos-fuera-de-especificacion; fr=https://aquaverify.com/fr/glossaire/oos-hors-specification; it=https://aquaverify.com/it/glossario/oos-fuori-specifica; ca=https://aquaverify.com/ca/glossari/oos-fora-despecificacio","OOS / Fuera de especificación | Glosario AquaVerify","OOS / Fuera de especificación","Resultado que queda fuera de un límite, criterio o rango definido. Requiere revisión, investigación o acción según procedimiento.","index, follow","","not-applicable","","200","AquaVerify","","","","","","standard-resource-review"
"glossary-term-57","Guide technique","fr","/fr/glossaire/oos-hors-specification","oos-hors-specification","https://aquaverify.com/fr/glossaire/oos-hors-specification","x-default=https://aquaverify.com/en/glossary/oos-out-of-specification; en=https://aquaverify.com/en/glossary/oos-out-of-specification; es=https://aquaverify.com/es/glosario/oos-fuera-de-especificacion; fr=https://aquaverify.com/fr/glossaire/oos-hors-specification; it=https://aquaverify.com/it/glossario/oos-fuori-specifica; ca=https://aquaverify.com/ca/glossari/oos-fora-despecificacio","OOS / Hors spécification | Glossaire AquaVerify","OOS / Hors spécification","Un résultat hors spécification est un résultat situé hors d’une limite, d’un critère ou d’une plage définis. Il exige une revue, une investigation ou une action selon la procédure.","index, follow","","not-applicable","","200","AquaVerify","","","","","","standard-resource-review"
"glossary-term-57","Guida tecnica","it","/it/glossario/oos-fuori-specifica","oos-fuori-specifica","https://aquaverify.com/it/glossario/oos-fuori-specifica","x-default=https://aquaverify.com/en/glossary/oos-out-of-specification; en=https://aquaverify.com/en/glossary/oos-out-of-specification; es=https://aquaverify.com/es/glosario/oos-fuera-de-especificacion; fr=https://aquaverify.com/fr/glossaire/oos-hors-specification; it=https://aquaverify.com/it/glossario/oos-fuori-specifica; ca=https://aquaverify.com/ca/glossari/oos-fora-despecificacio","OOS / Fuori specifica | Glossario AquaVerify","OOS / Fuori specifica","Un risultato fuori specifica è un risultato fuori da un limite, criterio o intervallo definito. Richiede revisione, indagine o azione secondo procedura.","index, follow","","not-applicable","","200","AquaVerify","","","","","","standard-resource-review"
"glossary-term-57","Guia tècnica","ca","/ca/glossari/oos-fora-despecificacio","oos-fora-despecificacio","https://aquaverify.com/ca/glossari/oos-fora-despecificacio","x-default=https://aquaverify.com/en/glossary/oos-out-of-specification; en=https://aquaverify.com/en/glossary/oos-out-of-specification; es=https://aquaverify.com/es/glosario/oos-fuera-de-especificacion; fr=https://aquaverify.com/fr/glossaire/oos-hors-specification; it=https://aquaverify.com/it/glossario/oos-fuori-specifica; ca=https://aquaverify.com/ca/glossari/oos-fora-despecificacio","OOS / Fora d’especificació | Glossari AquaVerify","OOS / Fora d’especificació","Un resultat fora d’especificació queda fora d’un límit, criteri o rang definit. Requereix revisió, investigació o acció segons procediment.","index, follow","","not-applicable","","200","AquaVerify","","","","","","standard-resource-review"
"glossary-term-58","Technical guide","en","/en/glossary/sampling-point","sampling-point","https://aquaverify.com/en/glossary/sampling-point","x-default=https://aquaverify.com/en/glossary/sampling-point; en=https://aquaverify.com/en/glossary/sampling-point; es=https://aquaverify.com/es/glosario/punto-de-muestreo; fr=https://aquaverify.com/fr/glossaire/point-de-prelevement; it=https://aquaverify.com/it/glossario/punto-di-campionamento; ca=https://aquaverify.com/ca/glossari/punt-de-mostreig","Sampling point | Glossary AquaVerify","Sampling point","A sampling point is the physical location or source where a sample is taken. It should be linked to customer, matrix, analytical plan and traceability.","index, follow","","not-applicable","","200","AquaVerify","","","","","","standard-resource-review"
"glossary-term-58","Guía técnica","es","/es/glosario/punto-de-muestreo","punto-de-muestreo","https://aquaverify.com/es/glosario/punto-de-muestreo","x-default=https://aquaverify.com/en/glossary/sampling-point; en=https://aquaverify.com/en/glossary/sampling-point; es=https://aquaverify.com/es/glosario/punto-de-muestreo; fr=https://aquaverify.com/fr/glossaire/point-de-prelevement; it=https://aquaverify.com/it/glossario/punto-di-campionamento; ca=https://aquaverify.com/ca/glossari/punt-de-mostreig","Punto de muestreo | Glosario AquaVerify","Punto de muestreo","Ubicación física o fuente desde la que se toma una muestra. Debe estar asociada a cliente, matriz, plan analítico y trazabilidad.","index, follow","","not-applicable","","200","AquaVerify","","","","","","standard-resource-review"
"glossary-term-58","Guide technique","fr","/fr/glossaire/point-de-prelevement","point-de-prelevement","https://aquaverify.com/fr/glossaire/point-de-prelevement","x-default=https://aquaverify.com/en/glossary/sampling-point; en=https://aquaverify.com/en/glossary/sampling-point; es=https://aquaverify.com/es/glosario/punto-de-muestreo; fr=https://aquaverify.com/fr/glossaire/point-de-prelevement; it=https://aquaverify.com/it/glossario/punto-di-campionamento; ca=https://aquaverify.com/ca/glossari/punt-de-mostreig","Point de prélèvement | Glossaire AquaVerify","Point de prélèvement","Un point de prélèvement est l’emplacement physique ou la source où l’échantillon est prélevé. Il doit être relié au client, à la matrice, au plan analytique et à la traçabilité.","index, follow","","not-applicable","","200","AquaVerify","","","","","","standard-resource-review"
"glossary-term-58","Guida tecnica","it","/it/glossario/punto-di-campionamento","punto-di-campionamento","https://aquaverify.com/it/glossario/punto-di-campionamento","x-default=https://aquaverify.com/en/glossary/sampling-point; en=https://aquaverify.com/en/glossary/sampling-point; es=https://aquaverify.com/es/glosario/punto-de-muestreo; fr=https://aquaverify.com/fr/glossaire/point-de-prelevement; it=https://aquaverify.com/it/glossario/punto-di-campionamento; ca=https://aquaverify.com/ca/glossari/punt-de-mostreig","Punto di campionamento | Glossario AquaVerify","Punto di campionamento","Il punto di campionamento è il luogo fisico o la fonte da cui si preleva il campione. Deve collegarsi a cliente, matrice, piano analitico e tracciabilità.","index, follow","","not-applicable","","200","AquaVerify","","","","","","standard-resource-review"
"glossary-term-58","Guia tècnica","ca","/ca/glossari/punt-de-mostreig","punt-de-mostreig","https://aquaverify.com/ca/glossari/punt-de-mostreig","x-default=https://aquaverify.com/en/glossary/sampling-point; en=https://aquaverify.com/en/glossary/sampling-point; es=https://aquaverify.com/es/glosario/punto-de-muestreo; fr=https://aquaverify.com/fr/glossaire/point-de-prelevement; it=https://aquaverify.com/it/glossario/punto-di-campionamento; ca=https://aquaverify.com/ca/glossari/punt-de-mostreig","Punt de mostreig | Glossari AquaVerify","Punt de mostreig","El punt de mostreig és la ubicació física o font d’on es pren una mostra. Ha d’estar associat a client, matriu, pla analític i traçabilitat.","index, follow","","not-applicable","","200","AquaVerify","","","","","","standard-resource-review"
"glossary-term-63","Technical guide","en","/en/glossary/ttr-time-to-result","ttr-time-to-result","https://aquaverify.com/en/glossary/ttr-time-to-result","x-default=https://aquaverify.com/en/glossary/ttr-time-to-result; en=https://aquaverify.com/en/glossary/ttr-time-to-result; es=https://aquaverify.com/es/glosario/ttr-tiempo-de-respuesta; fr=https://aquaverify.com/fr/glossaire/ttr-temps-de-reponse; it=https://aquaverify.com/it/glossario/ttr-tempo-di-risposta; ca=https://aquaverify.com/ca/glossari/ttr-temps-de-resposta","TTR / Time to result | Glossary AquaVerify","TTR / Time to result","Time to result is the time elapsed from sampling or sample receipt to obtaining and communicating an actionable result.","index, follow","","not-applicable","","200","AquaVerify","","","","","","standard-resource-review"
"glossary-term-63","Guía técnica","es","/es/glosario/ttr-tiempo-de-respuesta","ttr-tiempo-de-respuesta","https://aquaverify.com/es/glosario/ttr-tiempo-de-respuesta","x-default=https://aquaverify.com/en/glossary/ttr-time-to-result; en=https://aquaverify.com/en/glossary/ttr-time-to-result; es=https://aquaverify.com/es/glosario/ttr-tiempo-de-respuesta; fr=https://aquaverify.com/fr/glossaire/ttr-temps-de-reponse; it=https://aquaverify.com/it/glossario/ttr-tempo-di-risposta; ca=https://aquaverify.com/ca/glossari/ttr-temps-de-resposta","TTR / Tiempo de respuesta | Glosario AquaVerify","TTR / Tiempo de respuesta","Tiempo transcurrido desde la toma o recepción de una muestra hasta la obtención y comunicación de un resultado accionable.","index, follow","","not-applicable","","200","AquaVerify","","","","","","standard-resource-review"
"glossary-term-63","Guide technique","fr","/fr/glossaire/ttr-temps-de-reponse","ttr-temps-de-reponse","https://aquaverify.com/fr/glossaire/ttr-temps-de-reponse","x-default=https://aquaverify.com/en/glossary/ttr-time-to-result; en=https://aquaverify.com/en/glossary/ttr-time-to-result; es=https://aquaverify.com/es/glosario/ttr-tiempo-de-respuesta; fr=https://aquaverify.com/fr/glossaire/ttr-temps-de-reponse; it=https://aquaverify.com/it/glossario/ttr-tempo-di-risposta; ca=https://aquaverify.com/ca/glossari/ttr-temps-de-resposta","TTR / Temps de réponse | Glossaire AquaVerify","TTR / Temps de réponse","Le temps de réponse est le délai entre le prélèvement ou la réception d’un échantillon et l’obtention puis la communication d’un résultat exploitable.","index, follow","","not-applicable","","200","AquaVerify","","","","","","standard-resource-review"
"glossary-term-63","Guida tecnica","it","/it/glossario/ttr-tempo-di-risposta","ttr-tempo-di-risposta","https://aquaverify.com/it/glossario/ttr-tempo-di-risposta","x-default=https://aquaverify.com/en/glossary/ttr-time-to-result; en=https://aquaverify.com/en/glossary/ttr-time-to-result; es=https://aquaverify.com/es/glosario/ttr-tiempo-de-respuesta; fr=https://aquaverify.com/fr/glossaire/ttr-temps-de-reponse; it=https://aquaverify.com/it/glossario/ttr-tempo-di-risposta; ca=https://aquaverify.com/ca/glossari/ttr-temps-de-resposta","TTR / Tempo di risposta | Glossario AquaVerify","TTR / Tempo di risposta","Il tempo di risposta è il tempo tra prelievo o ricezione del campione e ottenimento e comunicazione di un risultato utilizzabile.","index, follow","","not-applicable","","200","AquaVerify","","","","","","standard-resource-review"
"glossary-term-63","Guia tècnica","ca","/ca/glossari/ttr-temps-de-resposta","ttr-temps-de-resposta","https://aquaverify.com/ca/glossari/ttr-temps-de-resposta","x-default=https://aquaverify.com/en/glossary/ttr-time-to-result; en=https://aquaverify.com/en/glossary/ttr-time-to-result; es=https://aquaverify.com/es/glosario/ttr-tiempo-de-respuesta; fr=https://aquaverify.com/fr/glossaire/ttr-temps-de-reponse; it=https://aquaverify.com/it/glossario/ttr-tempo-di-risposta; ca=https://aquaverify.com/ca/glossari/ttr-temps-de-resposta","TTR / Temps de resposta | Glossari AquaVerify","TTR / Temps de resposta","El temps de resposta és el temps transcorregut des de la presa o recepció d’una mostra fins a l’obtenció i comunicació d’un resultat accionable.","index, follow","","not-applicable","","200","AquaVerify","","","","","","standard-resource-review"
"glossary-term-66","Technical guide","en","/en/glossary/aqualab","aqualab","https://aquaverify.com/en/glossary/aqualab","x-default=https://aquaverify.com/en/glossary/aqualab; en=https://aquaverify.com/en/glossary/aqualab; es=https://aquaverify.com/es/glosario/aqualab; fr=https://aquaverify.com/fr/glossaire/aqualab; it=https://aquaverify.com/it/glossario/aqualab; ca=https://aquaverify.com/ca/glossari/aqualab","AquaLab | Glossary AquaVerify","AquaLab","AquaLab is the AquaVerify Cloud area focused on laboratory operation, LIMS, protocols, ELN, validations and R&D.","index, follow","","not-applicable","","200","AquaVerify","","","","","","standard-resource-review"
"glossary-term-66","Guía técnica","es","/es/glosario/aqualab","aqualab","https://aquaverify.com/es/glosario/aqualab","x-default=https://aquaverify.com/en/glossary/aqualab; en=https://aquaverify.com/en/glossary/aqualab; es=https://aquaverify.com/es/glosario/aqualab; fr=https://aquaverify.com/fr/glossaire/aqualab; it=https://aquaverify.com/it/glossario/aqualab; ca=https://aquaverify.com/ca/glossari/aqualab","AquaLab | Glosario AquaVerify","AquaLab","Área de AquaVerify Cloud orientada a operación de laboratorio, LIMS, protocolos, ELN, validaciones e I+D.","index, follow","","not-applicable","","200","AquaVerify","","","","","","standard-resource-review"
"glossary-term-66","Guide technique","fr","/fr/glossaire/aqualab","aqualab","https://aquaverify.com/fr/glossaire/aqualab","x-default=https://aquaverify.com/en/glossary/aqualab; en=https://aquaverify.com/en/glossary/aqualab; es=https://aquaverify.com/es/glosario/aqualab; fr=https://aquaverify.com/fr/glossaire/aqualab; it=https://aquaverify.com/it/glossario/aqualab; ca=https://aquaverify.com/ca/glossari/aqualab","AquaLab | Glossaire AquaVerify","AquaLab","AquaLab est l’espace d’AquaVerify Cloud dédié aux opérations de laboratoire, LIMS, protocoles, ELN, validations et R&D.","index, follow","","not-applicable","","200","AquaVerify","","","","","","standard-resource-review"
"glossary-term-66","Guida tecnica","it","/it/glossario/aqualab","aqualab","https://aquaverify.com/it/glossario/aqualab","x-default=https://aquaverify.com/en/glossary/aqualab; en=https://aquaverify.com/en/glossary/aqualab; es=https://aquaverify.com/es/glosario/aqualab; fr=https://aquaverify.com/fr/glossaire/aqualab; it=https://aquaverify.com/it/glossario/aqualab; ca=https://aquaverify.com/ca/glossari/aqualab","AquaLab | Glossario AquaVerify","AquaLab","AquaLab è l’area di AquaVerify Cloud dedicata a operatività di laboratorio, LIMS, protocolli, ELN, validazioni e R&S.","index, follow","","not-applicable","","200","AquaVerify","","","","","","standard-resource-review"
"glossary-term-66","Guia tècnica","ca","/ca/glossari/aqualab","aqualab","https://aquaverify.com/ca/glossari/aqualab","x-default=https://aquaverify.com/en/glossary/aqualab; en=https://aquaverify.com/en/glossary/aqualab; es=https://aquaverify.com/es/glosario/aqualab; fr=https://aquaverify.com/fr/glossaire/aqualab; it=https://aquaverify.com/it/glossario/aqualab; ca=https://aquaverify.com/ca/glossari/aqualab","AquaLab | Glossari AquaVerify","AquaLab","AquaLab és l’àrea d’AquaVerify Cloud orientada a operació de laboratori, LIMS, protocols, ELN, validacions i R+D.","index, follow","","not-applicable","","200","AquaVerify","","","","","","standard-resource-review"
"glossary-term-67","Technical guide","en","/en/glossary/aquaverify-cloud","aquaverify-cloud","https://aquaverify.com/en/glossary/aquaverify-cloud","x-default=https://aquaverify.com/en/glossary/aquaverify-cloud; en=https://aquaverify.com/en/glossary/aquaverify-cloud; es=https://aquaverify.com/es/glosario/aquaverify-cloud; fr=https://aquaverify.com/fr/glossaire/aquaverify-cloud; it=https://aquaverify.com/it/glossario/aquaverify-cloud; ca=https://aquaverify.com/ca/glossari/aquaverify-cloud","AquaVerify Cloud | Glossary AquaVerify","AquaVerify Cloud","AquaVerify Cloud is AquaVerify’s digital platform connecting workflows such as CRM, LIMS, ELN, CoA, customer portal, inventory, logistics, finance, dashboards and AquaAI depending on configuration.","index, follow","","not-applicable","","200","AquaVerify","","","","","","standard-resource-review"
"glossary-term-67","Guía técnica","es","/es/glosario/aquaverify-cloud","aquaverify-cloud","https://aquaverify.com/es/glosario/aquaverify-cloud","x-default=https://aquaverify.com/en/glossary/aquaverify-cloud; en=https://aquaverify.com/en/glossary/aquaverify-cloud; es=https://aquaverify.com/es/glosario/aquaverify-cloud; fr=https://aquaverify.com/fr/glossaire/aquaverify-cloud; it=https://aquaverify.com/it/glossario/aquaverify-cloud; ca=https://aquaverify.com/ca/glossari/aquaverify-cloud","AquaVerify Cloud | Glosario AquaVerify","AquaVerify Cloud","Plataforma digital de AquaVerify que conecta flujos como CRM, LIMS, ELN, CoA, portal cliente, inventario, logística, finanzas, dashboards y AquaAI según configuración.","index, follow","","not-applicable","","200","AquaVerify","","","","","","standard-resource-review"
"glossary-term-67","Guide technique","fr","/fr/glossaire/aquaverify-cloud","aquaverify-cloud","https://aquaverify.com/fr/glossaire/aquaverify-cloud","x-default=https://aquaverify.com/en/glossary/aquaverify-cloud; en=https://aquaverify.com/en/glossary/aquaverify-cloud; es=https://aquaverify.com/es/glosario/aquaverify-cloud; fr=https://aquaverify.com/fr/glossaire/aquaverify-cloud; it=https://aquaverify.com/it/glossario/aquaverify-cloud; ca=https://aquaverify.com/ca/glossari/aquaverify-cloud","AquaVerify Cloud | Glossaire AquaVerify","AquaVerify Cloud","AquaVerify Cloud est la plateforme digitale d’AquaVerify qui connecte CRM, LIMS, ELN, CoA, portail client, inventaire, logistique, finances, tableaux de bord et AquaAI selon la configuration.","index, follow","","not-applicable","","200","AquaVerify","","","","","","standard-resource-review"
"glossary-term-67","Guida tecnica","it","/it/glossario/aquaverify-cloud","aquaverify-cloud","https://aquaverify.com/it/glossario/aquaverify-cloud","x-default=https://aquaverify.com/en/glossary/aquaverify-cloud; en=https://aquaverify.com/en/glossary/aquaverify-cloud; es=https://aquaverify.com/es/glosario/aquaverify-cloud; fr=https://aquaverify.com/fr/glossaire/aquaverify-cloud; it=https://aquaverify.com/it/glossario/aquaverify-cloud; ca=https://aquaverify.com/ca/glossari/aquaverify-cloud","AquaVerify Cloud | Glossario AquaVerify","AquaVerify Cloud","AquaVerify Cloud è la piattaforma digitale AquaVerify che collega CRM, LIMS, ELN, CoA, portale cliente, inventario, logistica, finanza, dashboard e AquaAI secondo configurazione.","index, follow","","not-applicable","","200","AquaVerify","","","","","","standard-resource-review"
"glossary-term-67","Guia tècnica","ca","/ca/glossari/aquaverify-cloud","aquaverify-cloud","https://aquaverify.com/ca/glossari/aquaverify-cloud","x-default=https://aquaverify.com/en/glossary/aquaverify-cloud; en=https://aquaverify.com/en/glossary/aquaverify-cloud; es=https://aquaverify.com/es/glosario/aquaverify-cloud; fr=https://aquaverify.com/fr/glossaire/aquaverify-cloud; it=https://aquaverify.com/it/glossario/aquaverify-cloud; ca=https://aquaverify.com/ca/glossari/aquaverify-cloud","AquaVerify Cloud | Glossari AquaVerify","AquaVerify Cloud","AquaVerify Cloud és la plataforma digital d’AquaVerify que connecta CRM, LIMS, ELN, CoA, portal client, inventari, logística, finances, dashboards i AquaAI segons configuració.","index, follow","","not-applicable","","200","AquaVerify","","","","","","standard-resource-review"
"glossary-term-68","Technical guide","en","/en/glossary/audit-trail","audit-trail","https://aquaverify.com/en/glossary/audit-trail","x-default=https://aquaverify.com/en/glossary/audit-trail; en=https://aquaverify.com/en/glossary/audit-trail; es=https://aquaverify.com/es/glosario/audit-trail; fr=https://aquaverify.com/fr/glossaire/audit-trail; it=https://aquaverify.com/it/glossario/audit-trail; ca=https://aquaverify.com/ca/glossari/audit-trail","Audit trail | Glossary AquaVerify","Audit trail","An audit trail is a traceable history of events, changes, users, dates, decisions and signatures associated with a record.","index, follow","","not-applicable","","200","AquaVerify","","","","","","standard-resource-review"
"glossary-term-68","Guía técnica","es","/es/glosario/audit-trail","audit-trail","https://aquaverify.com/es/glosario/audit-trail","x-default=https://aquaverify.com/en/glossary/audit-trail; en=https://aquaverify.com/en/glossary/audit-trail; es=https://aquaverify.com/es/glosario/audit-trail; fr=https://aquaverify.com/fr/glossaire/audit-trail; it=https://aquaverify.com/it/glossario/audit-trail; ca=https://aquaverify.com/ca/glossari/audit-trail","Audit trail | Glosario AquaVerify","Audit trail","Historial trazable de eventos, cambios, usuarios, fechas, decisiones y firmas asociadas a un registro.","index, follow","","not-applicable","","200","AquaVerify","","","","","","standard-resource-review"
"glossary-term-68","Guide technique","fr","/fr/glossaire/audit-trail","audit-trail","https://aquaverify.com/fr/glossaire/audit-trail","x-default=https://aquaverify.com/en/glossary/audit-trail; en=https://aquaverify.com/en/glossary/audit-trail; es=https://aquaverify.com/es/glosario/audit-trail; fr=https://aquaverify.com/fr/glossaire/audit-trail; it=https://aquaverify.com/it/glossario/audit-trail; ca=https://aquaverify.com/ca/glossari/audit-trail","Audit trail | Glossaire AquaVerify","Audit trail","Un audit trail est l’historique traçable des événements, changements, utilisateurs, dates, décisions et signatures associés à un enregistrement.","index, follow","","not-applicable","","200","AquaVerify","","","","","","standard-resource-review"
"glossary-term-68","Guida tecnica","it","/it/glossario/audit-trail","audit-trail","https://aquaverify.com/it/glossario/audit-trail","x-default=https://aquaverify.com/en/glossary/audit-trail; en=https://aquaverify.com/en/glossary/audit-trail; es=https://aquaverify.com/es/glosario/audit-trail; fr=https://aquaverify.com/fr/glossaire/audit-trail; it=https://aquaverify.com/it/glossario/audit-trail; ca=https://aquaverify.com/ca/glossari/audit-trail","Audit trail | Glossario AquaVerify","Audit trail","Un audit trail è lo storico tracciabile di eventi, modifiche, utenti, date, decisioni e firme associati a un record.","index, follow","","not-applicable","","200","AquaVerify","","","","","","standard-resource-review"
"glossary-term-68","Guia tècnica","ca","/ca/glossari/audit-trail","audit-trail","https://aquaverify.com/ca/glossari/audit-trail","x-default=https://aquaverify.com/en/glossary/audit-trail; en=https://aquaverify.com/en/glossary/audit-trail; es=https://aquaverify.com/es/glosario/audit-trail; fr=https://aquaverify.com/fr/glossaire/audit-trail; it=https://aquaverify.com/it/glossario/audit-trail; ca=https://aquaverify.com/ca/glossari/audit-trail","Audit trail | Glossari AquaVerify","Audit trail","Un audit trail és l’historial traçable d’esdeveniments, canvis, usuaris, dates, decisions i signatures associades a un registre.","index, follow","","not-applicable","","200","AquaVerify","","","","","","standard-resource-review"
"glossary-term-69","Technical guide","en","/en/glossary/digital-chain-of-custody","digital-chain-of-custody","https://aquaverify.com/en/glossary/digital-chain-of-custody","x-default=https://aquaverify.com/en/glossary/digital-chain-of-custody; en=https://aquaverify.com/en/glossary/digital-chain-of-custody; es=https://aquaverify.com/es/glosario/cadena-de-custodia-digital; fr=https://aquaverify.com/fr/glossaire/chaine-de-custodie-digitale; it=https://aquaverify.com/it/glossario/catena-di-custodia-digitale; ca=https://aquaverify.com/ca/glossari/cadena-de-custodia-digital","Digital chain of custody | Glossary AquaVerify","Digital chain of custody","A digital chain of custody is the electronic record documenting who collected, received, handled, analysed, reviewed and approved a sample or result.","index, follow","","not-applicable","","200","AquaVerify","","","","","","standard-resource-review"
"glossary-term-69","Guía técnica","es","/es/glosario/cadena-de-custodia-digital","cadena-de-custodia-digital","https://aquaverify.com/es/glosario/cadena-de-custodia-digital","x-default=https://aquaverify.com/en/glossary/digital-chain-of-custody; en=https://aquaverify.com/en/glossary/digital-chain-of-custody; es=https://aquaverify.com/es/glosario/cadena-de-custodia-digital; fr=https://aquaverify.com/fr/glossaire/chaine-de-custodie-digitale; it=https://aquaverify.com/it/glossario/catena-di-custodia-digitale; ca=https://aquaverify.com/ca/glossari/cadena-de-custodia-digital","Cadena de custodia digital | Glosario AquaVerify","Cadena de custodia digital","Registro electrónico que documenta quién tomó, recibió, manipuló, analizó, revisó y aprobó una muestra o resultado.","index, follow","","not-applicable","","200","AquaVerify","","","","","","standard-resource-review"
"glossary-term-69","Guide technique","fr","/fr/glossaire/chaine-de-custodie-digitale","chaine-de-custodie-digitale","https://aquaverify.com/fr/glossaire/chaine-de-custodie-digitale","x-default=https://aquaverify.com/en/glossary/digital-chain-of-custody; en=https://aquaverify.com/en/glossary/digital-chain-of-custody; es=https://aquaverify.com/es/glosario/cadena-de-custodia-digital; fr=https://aquaverify.com/fr/glossaire/chaine-de-custodie-digitale; it=https://aquaverify.com/it/glossario/catena-di-custodia-digitale; ca=https://aquaverify.com/ca/glossari/cadena-de-custodia-digital","Chaîne de custodie digitale | Glossaire AquaVerify","Chaîne de custodie digitale","La chaîne de custodie digitale est l’enregistrement électronique documentant qui a prélevé, reçu, manipulé, analysé, revu et approuvé un échantillon ou un résultat.","index, follow","","not-applicable","","200","AquaVerify","","","","","","standard-resource-review"
"glossary-term-69","Guida tecnica","it","/it/glossario/catena-di-custodia-digitale","catena-di-custodia-digitale","https://aquaverify.com/it/glossario/catena-di-custodia-digitale","x-default=https://aquaverify.com/en/glossary/digital-chain-of-custody; en=https://aquaverify.com/en/glossary/digital-chain-of-custody; es=https://aquaverify.com/es/glosario/cadena-de-custodia-digital; fr=https://aquaverify.com/fr/glossaire/chaine-de-custodie-digitale; it=https://aquaverify.com/it/glossario/catena-di-custodia-digitale; ca=https://aquaverify.com/ca/glossari/cadena-de-custodia-digital","Catena di custodia digitale | Glossario AquaVerify","Catena di custodia digitale","La catena di custodia digitale è il registro elettronico che documenta chi ha prelevato, ricevuto, manipolato, analizzato, revisionato e approvato un campione o risultato.","index, follow","","not-applicable","","200","AquaVerify","","","","","","standard-resource-review"
"glossary-term-69","Guia tècnica","ca","/ca/glossari/cadena-de-custodia-digital","cadena-de-custodia-digital","https://aquaverify.com/ca/glossari/cadena-de-custodia-digital","x-default=https://aquaverify.com/en/glossary/digital-chain-of-custody; en=https://aquaverify.com/en/glossary/digital-chain-of-custody; es=https://aquaverify.com/es/glosario/cadena-de-custodia-digital; fr=https://aquaverify.com/fr/glossaire/chaine-de-custodie-digitale; it=https://aquaverify.com/it/glossario/catena-di-custodia-digitale; ca=https://aquaverify.com/ca/glossari/cadena-de-custodia-digital","Cadena de custòdia digital | Glossari AquaVerify","Cadena de custòdia digital","La cadena de custòdia digital és el registre electrònic que documenta qui va prendre, rebre, manipular, analitzar, revisar i aprovar una mostra o resultat.","index, follow","","not-applicable","","200","AquaVerify","","","","","","standard-resource-review"
"glossary-term-70","Technical guide","en","/en/glossary/coa-certificate-of-analysis","coa-certificate-of-analysis","https://aquaverify.com/en/glossary/coa-certificate-of-analysis","x-default=https://aquaverify.com/en/glossary/coa-certificate-of-analysis; en=https://aquaverify.com/en/glossary/coa-certificate-of-analysis; es=https://aquaverify.com/es/glosario/coa-certificado-de-analisis; fr=https://aquaverify.com/fr/glossaire/coa-certificat-danalyse; it=https://aquaverify.com/it/glossario/coa-certificato-di-analisi; ca=https://aquaverify.com/ca/glossari/coa-certificat-danalisi","CoA / Certificate of Analysis | Glossary AquaVerify","CoA / Certificate of Analysis","A certificate of analysis is a formal report summarizing the sample, context, results, units, method, review and delivery to the customer or auditor.","index, follow","","not-applicable","","200","AquaVerify","","","","","","standard-resource-review"
"glossary-term-70","Guía técnica","es","/es/glosario/coa-certificado-de-analisis","coa-certificado-de-analisis","https://aquaverify.com/es/glosario/coa-certificado-de-analisis","x-default=https://aquaverify.com/en/glossary/coa-certificate-of-analysis; en=https://aquaverify.com/en/glossary/coa-certificate-of-analysis; es=https://aquaverify.com/es/glosario/coa-certificado-de-analisis; fr=https://aquaverify.com/fr/glossaire/coa-certificat-danalyse; it=https://aquaverify.com/it/glossario/coa-certificato-di-analisi; ca=https://aquaverify.com/ca/glossari/coa-certificat-danalisi","CoA / Certificado de análisis | Glosario AquaVerify","CoA / Certificado de análisis","Informe formal que resume muestra, contexto, resultados, unidades, método, revisión y entrega al cliente o auditoría.","index, follow","","not-applicable","","200","AquaVerify","","","","","","standard-resource-review"
"glossary-term-70","Guide technique","fr","/fr/glossaire/coa-certificat-danalyse","coa-certificat-danalyse","https://aquaverify.com/fr/glossaire/coa-certificat-danalyse","x-default=https://aquaverify.com/en/glossary/coa-certificate-of-analysis; en=https://aquaverify.com/en/glossary/coa-certificate-of-analysis; es=https://aquaverify.com/es/glosario/coa-certificado-de-analisis; fr=https://aquaverify.com/fr/glossaire/coa-certificat-danalyse; it=https://aquaverify.com/it/glossario/coa-certificato-di-analisi; ca=https://aquaverify.com/ca/glossari/coa-certificat-danalisi","CoA / Certificat d’analyse | Glossaire AquaVerify","CoA / Certificat d’analyse","Un certificat d’analyse est un rapport formel résumant l’échantillon, le contexte, les résultats, les unités, la méthode, la revue et la livraison au client ou à l’audit.","index, follow","","not-applicable","","200","AquaVerify","","","","","","standard-resource-review"
"glossary-term-70","Guida tecnica","it","/it/glossario/coa-certificato-di-analisi","coa-certificato-di-analisi","https://aquaverify.com/it/glossario/coa-certificato-di-analisi","x-default=https://aquaverify.com/en/glossary/coa-certificate-of-analysis; en=https://aquaverify.com/en/glossary/coa-certificate-of-analysis; es=https://aquaverify.com/es/glosario/coa-certificado-de-analisis; fr=https://aquaverify.com/fr/glossaire/coa-certificat-danalyse; it=https://aquaverify.com/it/glossario/coa-certificato-di-analisi; ca=https://aquaverify.com/ca/glossari/coa-certificat-danalisi","CoA / Certificato di analisi | Glossario AquaVerify","CoA / Certificato di analisi","Il certificato di analisi è un report formale che riassume campione, contesto, risultati, unità, metodo, revisione e consegna al cliente o audit.","index, follow","","not-applicable","","200","AquaVerify","","","","","","standard-resource-review"
"glossary-term-70","Guia tècnica","ca","/ca/glossari/coa-certificat-danalisi","coa-certificat-danalisi","https://aquaverify.com/ca/glossari/coa-certificat-danalisi","x-default=https://aquaverify.com/en/glossary/coa-certificate-of-analysis; en=https://aquaverify.com/en/glossary/coa-certificate-of-analysis; es=https://aquaverify.com/es/glosario/coa-certificado-de-analisis; fr=https://aquaverify.com/fr/glossaire/coa-certificat-danalyse; it=https://aquaverify.com/it/glossario/coa-certificato-di-analisi; ca=https://aquaverify.com/ca/glossari/coa-certificat-danalisi","CoA / Certificat d’anàlisi | Glossari AquaVerify","CoA / Certificat d’anàlisi","Un certificat d’anàlisi és un informe formal que resumeix mostra, context, resultats, unitats, mètode, revisió i lliurament al client o auditoria.","index, follow","","not-applicable","","200","AquaVerify","","","","","","standard-resource-review"
"glossary-term-73","Technical guide","en","/en/glossary/eln","eln","https://aquaverify.com/en/glossary/eln","x-default=https://aquaverify.com/en/glossary/eln; en=https://aquaverify.com/en/glossary/eln; es=https://aquaverify.com/es/glosario/eln; fr=https://aquaverify.com/fr/glossaire/eln; it=https://aquaverify.com/it/glossario/eln; ca=https://aquaverify.com/ca/glossari/eln","ELN | Glossary AquaVerify","ELN","An ELN is an electronic laboratory notebook used to document experiments, runs, evidence, materials, reviews and signatures.","index, follow","","not-applicable","","200","AquaVerify","","","","","","standard-resource-review"
"glossary-term-73","Guía técnica","es","/es/glosario/eln","eln","https://aquaverify.com/es/glosario/eln","x-default=https://aquaverify.com/en/glossary/eln; en=https://aquaverify.com/en/glossary/eln; es=https://aquaverify.com/es/glosario/eln; fr=https://aquaverify.com/fr/glossaire/eln; it=https://aquaverify.com/it/glossario/eln; ca=https://aquaverify.com/ca/glossari/eln","ELN | Glosario AquaVerify","ELN","Cuaderno electrónico de laboratorio utilizado para documentar experimentos, ejecuciones, evidencias, materiales, revisiones y firmas.","index, follow","","not-applicable","","200","AquaVerify","","","","","","standard-resource-review"
"glossary-term-73","Guide technique","fr","/fr/glossaire/eln","eln","https://aquaverify.com/fr/glossaire/eln","x-default=https://aquaverify.com/en/glossary/eln; en=https://aquaverify.com/en/glossary/eln; es=https://aquaverify.com/es/glosario/eln; fr=https://aquaverify.com/fr/glossaire/eln; it=https://aquaverify.com/it/glossario/eln; ca=https://aquaverify.com/ca/glossari/eln","ELN | Glossaire AquaVerify","ELN","Un ELN est un cahier électronique de laboratoire utilisé pour documenter expériences, exécutions, preuves, matériaux, revues et signatures.","index, follow","","not-applicable","","200","AquaVerify","","","","","","standard-resource-review"
"glossary-term-73","Guida tecnica","it","/it/glossario/eln","eln","https://aquaverify.com/it/glossario/eln","x-default=https://aquaverify.com/en/glossary/eln; en=https://aquaverify.com/en/glossary/eln; es=https://aquaverify.com/es/glosario/eln; fr=https://aquaverify.com/fr/glossaire/eln; it=https://aquaverify.com/it/glossario/eln; ca=https://aquaverify.com/ca/glossari/eln","ELN | Glossario AquaVerify","ELN","Un ELN è un quaderno elettronico di laboratorio usato per documentare esperimenti, esecuzioni, evidenze, materiali, revisioni e firme.","index, follow","","not-applicable","","200","AquaVerify","","","","","","standard-resource-review"
"glossary-term-73","Guia tècnica","ca","/ca/glossari/eln","eln","https://aquaverify.com/ca/glossari/eln","x-default=https://aquaverify.com/en/glossary/eln; en=https://aquaverify.com/en/glossary/eln; es=https://aquaverify.com/es/glosario/eln; fr=https://aquaverify.com/fr/glossaire/eln; it=https://aquaverify.com/it/glossario/eln; ca=https://aquaverify.com/ca/glossari/eln","ELN | Glossari AquaVerify","ELN","Un ELN és un quadern electrònic de laboratori utilitzat per documentar experiments, execucions, evidències, materials, revisions i signatures.","index, follow","","not-applicable","","200","AquaVerify","","","","","","standard-resource-review"
"glossary-term-76","Technical guide","en","/en/glossary/worksheet","worksheet","https://aquaverify.com/en/glossary/worksheet","x-default=https://aquaverify.com/en/glossary/worksheet; en=https://aquaverify.com/en/glossary/worksheet; es=https://aquaverify.com/es/glosario/hoja-de-trabajo; fr=https://aquaverify.com/fr/glossaire/feuille-de-travail; it=https://aquaverify.com/it/glossario/foglio-di-lavoro; ca=https://aquaverify.com/ca/glossari/full-de-treball","Worksheet | Glossary AquaVerify","Worksheet","A worksheet groups samples or results assigned to an analyst for execution, capture and review by work batch.","index, follow","","not-applicable","","200","AquaVerify","","","","","","standard-resource-review"
"glossary-term-76","Guía técnica","es","/es/glosario/hoja-de-trabajo","hoja-de-trabajo","https://aquaverify.com/es/glosario/hoja-de-trabajo","x-default=https://aquaverify.com/en/glossary/worksheet; en=https://aquaverify.com/en/glossary/worksheet; es=https://aquaverify.com/es/glosario/hoja-de-trabajo; fr=https://aquaverify.com/fr/glossaire/feuille-de-travail; it=https://aquaverify.com/it/glossario/foglio-di-lavoro; ca=https://aquaverify.com/ca/glossari/full-de-treball","Hoja de trabajo | Glosario AquaVerify","Hoja de trabajo","Agrupación de muestras o resultados asignados a un analista para ejecución, captura y revisión por lote de trabajo.","index, follow","","not-applicable","","200","AquaVerify","","","","","","standard-resource-review"
"glossary-term-76","Guide technique","fr","/fr/glossaire/feuille-de-travail","feuille-de-travail","https://aquaverify.com/fr/glossaire/feuille-de-travail","x-default=https://aquaverify.com/en/glossary/worksheet; en=https://aquaverify.com/en/glossary/worksheet; es=https://aquaverify.com/es/glosario/hoja-de-trabajo; fr=https://aquaverify.com/fr/glossaire/feuille-de-travail; it=https://aquaverify.com/it/glossario/foglio-di-lavoro; ca=https://aquaverify.com/ca/glossari/full-de-treball","Feuille de travail | Glossaire AquaVerify","Feuille de travail","Une feuille de travail regroupe des échantillons ou résultats assignés à un analyste pour exécution, saisie et revue par lot de travail.","index, follow","","not-applicable","","200","AquaVerify","","","","","","standard-resource-review"
"glossary-term-76","Guida tecnica","it","/it/glossario/foglio-di-lavoro","foglio-di-lavoro","https://aquaverify.com/it/glossario/foglio-di-lavoro","x-default=https://aquaverify.com/en/glossary/worksheet; en=https://aquaverify.com/en/glossary/worksheet; es=https://aquaverify.com/es/glosario/hoja-de-trabajo; fr=https://aquaverify.com/fr/glossaire/feuille-de-travail; it=https://aquaverify.com/it/glossario/foglio-di-lavoro; ca=https://aquaverify.com/ca/glossari/full-de-treball","Foglio di lavoro | Glossario AquaVerify","Foglio di lavoro","Il foglio di lavoro raggruppa campioni o risultati assegnati a un analista per esecuzione, acquisizione e revisione per lotto di lavoro.","index, follow","","not-applicable","","200","AquaVerify","","","","","","standard-resource-review"
"glossary-term-76","Guia tècnica","ca","/ca/glossari/full-de-treball","full-de-treball","https://aquaverify.com/ca/glossari/full-de-treball","x-default=https://aquaverify.com/en/glossary/worksheet; en=https://aquaverify.com/en/glossary/worksheet; es=https://aquaverify.com/es/glosario/hoja-de-trabajo; fr=https://aquaverify.com/fr/glossaire/feuille-de-travail; it=https://aquaverify.com/it/glossario/foglio-di-lavoro; ca=https://aquaverify.com/ca/glossari/full-de-treball","Full de treball | Glossari AquaVerify","Full de treball","El full de treball agrupa mostres o resultats assignats a un analista per a execució, captura i revisió per lot de treball.","index, follow","","not-applicable","","200","AquaVerify","","","","","","standard-resource-review"
"glossary-term-77","Technical guide","en","/en/glossary/lims","lims","https://aquaverify.com/en/glossary/lims","x-default=https://aquaverify.com/en/glossary/lims; en=https://aquaverify.com/en/glossary/lims; es=https://aquaverify.com/es/glosario/lims; fr=https://aquaverify.com/fr/glossaire/lims; it=https://aquaverify.com/it/glossario/lims; ca=https://aquaverify.com/ca/glossari/lims","LIMS | Glossary AquaVerify","LIMS","A LIMS is a laboratory information management system that organizes samples, results, worksheets, reports, users, statuses and traceability.","index, follow","","not-applicable","","200","AquaVerify","","","","","","standard-resource-review"
"glossary-term-77","Guía técnica","es","/es/glosario/lims","lims","https://aquaverify.com/es/glosario/lims","x-default=https://aquaverify.com/en/glossary/lims; en=https://aquaverify.com/en/glossary/lims; es=https://aquaverify.com/es/glosario/lims; fr=https://aquaverify.com/fr/glossaire/lims; it=https://aquaverify.com/it/glossario/lims; ca=https://aquaverify.com/ca/glossari/lims","LIMS | Glosario AquaVerify","LIMS","Sistema de gestión de información de laboratorio que organiza muestras, resultados, hojas de trabajo, informes, usuarios, estados y trazabilidad.","index, follow","","not-applicable","","200","AquaVerify","","","","","","standard-resource-review"
"glossary-term-77","Guide technique","fr","/fr/glossaire/lims","lims","https://aquaverify.com/fr/glossaire/lims","x-default=https://aquaverify.com/en/glossary/lims; en=https://aquaverify.com/en/glossary/lims; es=https://aquaverify.com/es/glosario/lims; fr=https://aquaverify.com/fr/glossaire/lims; it=https://aquaverify.com/it/glossario/lims; ca=https://aquaverify.com/ca/glossari/lims","LIMS | Glossaire AquaVerify","LIMS","Un LIMS est un système de gestion de l’information de laboratoire qui organise échantillons, résultats, feuilles de travail, rapports, utilisateurs, statuts et traçabilité.","index, follow","","not-applicable","","200","AquaVerify","","","","","","standard-resource-review"
"glossary-term-77","Guida tecnica","it","/it/glossario/lims","lims","https://aquaverify.com/it/glossario/lims","x-default=https://aquaverify.com/en/glossary/lims; en=https://aquaverify.com/en/glossary/lims; es=https://aquaverify.com/es/glosario/lims; fr=https://aquaverify.com/fr/glossaire/lims; it=https://aquaverify.com/it/glossario/lims; ca=https://aquaverify.com/ca/glossari/lims","LIMS | Glossario AquaVerify","LIMS","Un LIMS è un sistema di gestione delle informazioni di laboratorio che organizza campioni, risultati, fogli di lavoro, report, utenti, stati e tracciabilità.","index, follow","","not-applicable","","200","AquaVerify","","","","","","standard-resource-review"
"glossary-term-77","Guia tècnica","ca","/ca/glossari/lims","lims","https://aquaverify.com/ca/glossari/lims","x-default=https://aquaverify.com/en/glossary/lims; en=https://aquaverify.com/en/glossary/lims; es=https://aquaverify.com/es/glosario/lims; fr=https://aquaverify.com/fr/glossaire/lims; it=https://aquaverify.com/it/glossario/lims; ca=https://aquaverify.com/ca/glossari/lims","LIMS | Glossari AquaVerify","LIMS","Un LIMS és un sistema de gestió d’informació de laboratori que organitza mostres, resultats, fulls de treball, informes, usuaris, estats i traçabilitat.","index, follow","","not-applicable","","200","AquaVerify","","","","","","standard-resource-review"
"glossary-term-78","Technical guide","en","/en/glossary/customer-portal","customer-portal","https://aquaverify.com/en/glossary/customer-portal","x-default=https://aquaverify.com/en/glossary/customer-portal; en=https://aquaverify.com/en/glossary/customer-portal; es=https://aquaverify.com/es/glosario/portal-cliente; fr=https://aquaverify.com/fr/glossaire/portail-client; it=https://aquaverify.com/it/glossario/portale-cliente; ca=https://aquaverify.com/ca/glossari/portal-client","Customer portal | Glossary AquaVerify","Customer portal","A customer portal is an interface where customers or authorized users can view requests, samples, reports or published results.","index, follow","","not-applicable","","200","AquaVerify","","","","","","standard-resource-review"
"glossary-term-78","Guía técnica","es","/es/glosario/portal-cliente","portal-cliente","https://aquaverify.com/es/glosario/portal-cliente","x-default=https://aquaverify.com/en/glossary/customer-portal; en=https://aquaverify.com/en/glossary/customer-portal; es=https://aquaverify.com/es/glosario/portal-cliente; fr=https://aquaverify.com/fr/glossaire/portail-client; it=https://aquaverify.com/it/glossario/portale-cliente; ca=https://aquaverify.com/ca/glossari/portal-client","Portal cliente | Glosario AquaVerify","Portal cliente","Interfaz donde clientes o usuarios autorizados pueden consultar solicitudes, muestras, informes o resultados publicados.","index, follow","","not-applicable","","200","AquaVerify","","","","","","standard-resource-review"
"glossary-term-78","Guide technique","fr","/fr/glossaire/portail-client","portail-client","https://aquaverify.com/fr/glossaire/portail-client","x-default=https://aquaverify.com/en/glossary/customer-portal; en=https://aquaverify.com/en/glossary/customer-portal; es=https://aquaverify.com/es/glosario/portal-cliente; fr=https://aquaverify.com/fr/glossaire/portail-client; it=https://aquaverify.com/it/glossario/portale-cliente; ca=https://aquaverify.com/ca/glossari/portal-client","Portail client | Glossaire AquaVerify","Portail client","Un portail client est une interface permettant aux clients ou utilisateurs autorisés de consulter demandes, échantillons, rapports ou résultats publiés.","index, follow","","not-applicable","","200","AquaVerify","","","","","","standard-resource-review"
"glossary-term-78","Guida tecnica","it","/it/glossario/portale-cliente","portale-cliente","https://aquaverify.com/it/glossario/portale-cliente","x-default=https://aquaverify.com/en/glossary/customer-portal; en=https://aquaverify.com/en/glossary/customer-portal; es=https://aquaverify.com/es/glosario/portal-cliente; fr=https://aquaverify.com/fr/glossaire/portail-client; it=https://aquaverify.com/it/glossario/portale-cliente; ca=https://aquaverify.com/ca/glossari/portal-client","Portale cliente | Glossario AquaVerify","Portale cliente","Il portale cliente è un’interfaccia dove clienti o utenti autorizzati consultano richieste, campioni, report o risultati pubblicati.","index, follow","","not-applicable","","200","AquaVerify","","","","","","standard-resource-review"
"glossary-term-78","Guia tècnica","ca","/ca/glossari/portal-client","portal-client","https://aquaverify.com/ca/glossari/portal-client","x-default=https://aquaverify.com/en/glossary/customer-portal; en=https://aquaverify.com/en/glossary/customer-portal; es=https://aquaverify.com/es/glosario/portal-cliente; fr=https://aquaverify.com/fr/glossaire/portail-client; it=https://aquaverify.com/it/glossario/portale-cliente; ca=https://aquaverify.com/ca/glossari/portal-client","Portal client | Glossari AquaVerify","Portal client","El portal client és una interfície on clients o usuaris autoritzats poden consultar sol·licituds, mostres, informes o resultats publicats.","index, follow","","not-applicable","","200","AquaVerify","","","","","","standard-resource-review"
"glossary-term-79","Technical guide","en","/en/glossary/saas","saas","https://aquaverify.com/en/glossary/saas","x-default=https://aquaverify.com/en/glossary/saas; en=https://aquaverify.com/en/glossary/saas; es=https://aquaverify.com/es/glosario/saas; fr=https://aquaverify.com/fr/glossaire/saas; it=https://aquaverify.com/it/glossario/saas; ca=https://aquaverify.com/ca/glossari/saas","SaaS | Glossary AquaVerify","SaaS","SaaS is a cloud software model in which the application is hosted and updated centrally. In laboratories it supports secure access, scalability and deployment without local servers.","index, follow","","not-applicable","","200","AquaVerify","","","","","","standard-resource-review"
"glossary-term-79","Guía técnica","es","/es/glosario/saas","saas","https://aquaverify.com/es/glosario/saas","x-default=https://aquaverify.com/en/glossary/saas; en=https://aquaverify.com/en/glossary/saas; es=https://aquaverify.com/es/glosario/saas; fr=https://aquaverify.com/fr/glossaire/saas; it=https://aquaverify.com/it/glossario/saas; ca=https://aquaverify.com/ca/glossari/saas","SaaS | Glosario AquaVerify","SaaS","Modelo de software en la nube donde la aplicación se aloja y actualiza centralmente. En laboratorios, facilita acceso seguro, escalabilidad y despliegue sin servidores locales.","index, follow","","not-applicable","","200","AquaVerify","","","","","","standard-resource-review"
"glossary-term-79","Guide technique","fr","/fr/glossaire/saas","saas","https://aquaverify.com/fr/glossaire/saas","x-default=https://aquaverify.com/en/glossary/saas; en=https://aquaverify.com/en/glossary/saas; es=https://aquaverify.com/es/glosario/saas; fr=https://aquaverify.com/fr/glossaire/saas; it=https://aquaverify.com/it/glossario/saas; ca=https://aquaverify.com/ca/glossari/saas","SaaS | Glossaire AquaVerify","SaaS","Le SaaS est un modèle logiciel cloud dans lequel l’application est hébergée et mise à jour centralement. En laboratoire, il facilite l’accès sécurisé, la scalabilité et le déploiement sans serveurs locaux.","index, follow","","not-applicable","","200","AquaVerify","","","","","","standard-resource-review"
"glossary-term-79","Guida tecnica","it","/it/glossario/saas","saas","https://aquaverify.com/it/glossario/saas","x-default=https://aquaverify.com/en/glossary/saas; en=https://aquaverify.com/en/glossary/saas; es=https://aquaverify.com/es/glosario/saas; fr=https://aquaverify.com/fr/glossaire/saas; it=https://aquaverify.com/it/glossario/saas; ca=https://aquaverify.com/ca/glossari/saas","SaaS | Glossario AquaVerify","SaaS","Il SaaS è un modello software cloud in cui l’applicazione è ospitata e aggiornata centralmente. Nei laboratori facilita accesso sicuro, scalabilità e distribuzione senza server locali.","index, follow","","not-applicable","","200","AquaVerify","","","","","","standard-resource-review"
"glossary-term-79","Guia tècnica","ca","/ca/glossari/saas","saas","https://aquaverify.com/ca/glossari/saas","x-default=https://aquaverify.com/en/glossary/saas; en=https://aquaverify.com/en/glossary/saas; es=https://aquaverify.com/es/glosario/saas; fr=https://aquaverify.com/fr/glossaire/saas; it=https://aquaverify.com/it/glossario/saas; ca=https://aquaverify.com/ca/glossari/saas","SaaS | Glossari AquaVerify","SaaS","El SaaS és un model de programari al núvol on l’aplicació s’allotja i s’actualitza centralment. En laboratoris facilita accés segur, escalabilitat i desplegament sense servidors locals.","index, follow","","not-applicable","","200","AquaVerify","","","","","","standard-resource-review"
"glossary-term-82","Technical guide","en","/en/glossary/tat-turnaround-time","tat-turnaround-time","https://aquaverify.com/en/glossary/tat-turnaround-time","x-default=https://aquaverify.com/en/glossary/tat-turnaround-time; en=https://aquaverify.com/en/glossary/tat-turnaround-time; es=https://aquaverify.com/es/glosario/tat-turnaround-time; fr=https://aquaverify.com/fr/glossaire/tat-turnaround-time; it=https://aquaverify.com/it/glossario/tat-turnaround-time; ca=https://aquaverify.com/ca/glossari/tat-turnaround-time","TAT / Turnaround Time | Glossary AquaVerify","TAT / Turnaround Time","Turnaround time is the cycle time from sample receipt or entry to delivery of the final report or result.","index, follow","","not-applicable","","200","AquaVerify","","","","","","standard-resource-review"
"glossary-term-82","Guía técnica","es","/es/glosario/tat-turnaround-time","tat-turnaround-time","https://aquaverify.com/es/glosario/tat-turnaround-time","x-default=https://aquaverify.com/en/glossary/tat-turnaround-time; en=https://aquaverify.com/en/glossary/tat-turnaround-time; es=https://aquaverify.com/es/glosario/tat-turnaround-time; fr=https://aquaverify.com/fr/glossaire/tat-turnaround-time; it=https://aquaverify.com/it/glossario/tat-turnaround-time; ca=https://aquaverify.com/ca/glossari/tat-turnaround-time","TAT / Turnaround Time | Glosario AquaVerify","TAT / Turnaround Time","Tiempo de ciclo desde recepción o entrada de una muestra hasta entrega del informe o resultado final.","index, follow","","not-applicable","","200","AquaVerify","","","","","","standard-resource-review"
"glossary-term-82","Guide technique","fr","/fr/glossaire/tat-turnaround-time","tat-turnaround-time","https://aquaverify.com/fr/glossaire/tat-turnaround-time","x-default=https://aquaverify.com/en/glossary/tat-turnaround-time; en=https://aquaverify.com/en/glossary/tat-turnaround-time; es=https://aquaverify.com/es/glosario/tat-turnaround-time; fr=https://aquaverify.com/fr/glossaire/tat-turnaround-time; it=https://aquaverify.com/it/glossario/tat-turnaround-time; ca=https://aquaverify.com/ca/glossari/tat-turnaround-time","TAT / Turnaround Time | Glossaire AquaVerify","TAT / Turnaround Time","Le turnaround time est le temps de cycle entre la réception ou l’entrée d’un échantillon et la livraison du rapport ou résultat final.","index, follow","","not-applicable","","200","AquaVerify","","","","","","standard-resource-review"
"glossary-term-82","Guida tecnica","it","/it/glossario/tat-turnaround-time","tat-turnaround-time","https://aquaverify.com/it/glossario/tat-turnaround-time","x-default=https://aquaverify.com/en/glossary/tat-turnaround-time; en=https://aquaverify.com/en/glossary/tat-turnaround-time; es=https://aquaverify.com/es/glosario/tat-turnaround-time; fr=https://aquaverify.com/fr/glossaire/tat-turnaround-time; it=https://aquaverify.com/it/glossario/tat-turnaround-time; ca=https://aquaverify.com/ca/glossari/tat-turnaround-time","TAT / Turnaround Time | Glossario AquaVerify","TAT / Turnaround Time","Il turnaround time è il tempo di ciclo dalla ricezione o registrazione del campione alla consegna del report o risultato finale.","index, follow","","not-applicable","","200","AquaVerify","","","","","","standard-resource-review"
"glossary-term-82","Guia tècnica","ca","/ca/glossari/tat-turnaround-time","tat-turnaround-time","https://aquaverify.com/ca/glossari/tat-turnaround-time","x-default=https://aquaverify.com/en/glossary/tat-turnaround-time; en=https://aquaverify.com/en/glossary/tat-turnaround-time; es=https://aquaverify.com/es/glosario/tat-turnaround-time; fr=https://aquaverify.com/fr/glossaire/tat-turnaround-time; it=https://aquaverify.com/it/glossario/tat-turnaround-time; ca=https://aquaverify.com/ca/glossari/tat-turnaround-time","TAT / Turnaround Time | Glossari AquaVerify","TAT / Turnaround Time","El turnaround time és el temps de cicle des de la recepció o entrada d’una mostra fins al lliurament de l’informe o resultat final.","index, follow","","not-applicable","","200","AquaVerify","","","","","","standard-resource-review"
"glossary-term-84","Technical guide","en","/en/glossary/analytical-traceability","analytical-traceability","https://aquaverify.com/en/glossary/analytical-traceability","x-default=https://aquaverify.com/en/glossary/analytical-traceability; en=https://aquaverify.com/en/glossary/analytical-traceability; es=https://aquaverify.com/es/glosario/trazabilidad-analitica; fr=https://aquaverify.com/fr/glossaire/tracabilite-analytique; it=https://aquaverify.com/it/glossario/tracciabilita-analitica; ca=https://aquaverify.com/ca/glossari/tracabilitat-analitica","Analytical traceability | Glossary AquaVerify","Analytical traceability","Analytical traceability is the ability to reconstruct the complete history of a sample, method, lot, operator, result, review and report.","index, follow","","not-applicable","","200","AquaVerify","","","","","","standard-resource-review"
"glossary-term-84","Guía técnica","es","/es/glosario/trazabilidad-analitica","trazabilidad-analitica","https://aquaverify.com/es/glosario/trazabilidad-analitica","x-default=https://aquaverify.com/en/glossary/analytical-traceability; en=https://aquaverify.com/en/glossary/analytical-traceability; es=https://aquaverify.com/es/glosario/trazabilidad-analitica; fr=https://aquaverify.com/fr/glossaire/tracabilite-analytique; it=https://aquaverify.com/it/glossario/tracciabilita-analitica; ca=https://aquaverify.com/ca/glossari/tracabilitat-analitica","Trazabilidad analítica | Glosario AquaVerify","Trazabilidad analítica","Capacidad para reconstruir el historial completo de una muestra, método, lote, operador, resultado, revisión e informe.","index, follow","","not-applicable","","200","AquaVerify","","","","","","standard-resource-review"
"glossary-term-84","Guide technique","fr","/fr/glossaire/tracabilite-analytique","tracabilite-analytique","https://aquaverify.com/fr/glossaire/tracabilite-analytique","x-default=https://aquaverify.com/en/glossary/analytical-traceability; en=https://aquaverify.com/en/glossary/analytical-traceability; es=https://aquaverify.com/es/glosario/trazabilidad-analitica; fr=https://aquaverify.com/fr/glossaire/tracabilite-analytique; it=https://aquaverify.com/it/glossario/tracciabilita-analitica; ca=https://aquaverify.com/ca/glossari/tracabilitat-analitica","Traçabilité analytique | Glossaire AquaVerify","Traçabilité analytique","La traçabilité analytique est la capacité à reconstruire l’historique complet d’un échantillon, d’une méthode, d’un lot, d’un opérateur, d’un résultat, d’une revue et d’un rapport.","index, follow","","not-applicable","","200","AquaVerify","","","","","","standard-resource-review"
"glossary-term-84","Guida tecnica","it","/it/glossario/tracciabilita-analitica","tracciabilita-analitica","https://aquaverify.com/it/glossario/tracciabilita-analitica","x-default=https://aquaverify.com/en/glossary/analytical-traceability; en=https://aquaverify.com/en/glossary/analytical-traceability; es=https://aquaverify.com/es/glosario/trazabilidad-analitica; fr=https://aquaverify.com/fr/glossaire/tracabilite-analytique; it=https://aquaverify.com/it/glossario/tracciabilita-analitica; ca=https://aquaverify.com/ca/glossari/tracabilitat-analitica","Tracciabilità analitica | Glossario AquaVerify","Tracciabilità analitica","La tracciabilità analitica è la capacità di ricostruire la storia completa di campione, metodo, lotto, operatore, risultato, revisione e report.","index, follow","","not-applicable","","200","AquaVerify","","","","","","standard-resource-review"
"glossary-term-84","Guia tècnica","ca","/ca/glossari/tracabilitat-analitica","tracabilitat-analitica","https://aquaverify.com/ca/glossari/tracabilitat-analitica","x-default=https://aquaverify.com/en/glossary/analytical-traceability; en=https://aquaverify.com/en/glossary/analytical-traceability; es=https://aquaverify.com/es/glosario/trazabilidad-analitica; fr=https://aquaverify.com/fr/glossaire/tracabilite-analytique; it=https://aquaverify.com/it/glossario/tracciabilita-analitica; ca=https://aquaverify.com/ca/glossari/tracabilitat-analitica","Traçabilitat analítica | Glossari AquaVerify","Traçabilitat analítica","La traçabilitat analítica és la capacitat de reconstruir l’historial complet d’una mostra, mètode, lot, operador, resultat, revisió i informe.","index, follow","","not-applicable","","200","AquaVerify","","","","","","standard-resource-review"
"glossary-term-88","Technical guide","en","/en/glossary/internal-quality-control","internal-quality-control","https://aquaverify.com/en/glossary/internal-quality-control","x-default=https://aquaverify.com/en/glossary/internal-quality-control; en=https://aquaverify.com/en/glossary/internal-quality-control; es=https://aquaverify.com/es/glosario/control-de-calidad-interno; fr=https://aquaverify.com/fr/glossaire/controle-qualite-interne; it=https://aquaverify.com/it/glossario/controllo-qualita-interno; ca=https://aquaverify.com/ca/glossari/control-de-qualitat-intern","Internal quality control | Glossary AquaVerify","Internal quality control","Internal quality control is the set of controls, reviews and records used by a laboratory to verify that a method or assay is working properly.","index, follow","","not-applicable","","200","AquaVerify","","","","","","standard-resource-review"
"glossary-term-88","Guía técnica","es","/es/glosario/control-de-calidad-interno","control-de-calidad-interno","https://aquaverify.com/es/glosario/control-de-calidad-interno","x-default=https://aquaverify.com/en/glossary/internal-quality-control; en=https://aquaverify.com/en/glossary/internal-quality-control; es=https://aquaverify.com/es/glosario/control-de-calidad-interno; fr=https://aquaverify.com/fr/glossaire/controle-qualite-interne; it=https://aquaverify.com/it/glossario/controllo-qualita-interno; ca=https://aquaverify.com/ca/glossari/control-de-qualitat-intern","Control de calidad interno | Glosario AquaVerify","Control de calidad interno","Conjunto de controles, revisiones y registros usados por el laboratorio para comprobar que un método o ensayo funciona adecuadamente.","index, follow","","not-applicable","","200","AquaVerify","","","","","","standard-resource-review"
"glossary-term-88","Guide technique","fr","/fr/glossaire/controle-qualite-interne","controle-qualite-interne","https://aquaverify.com/fr/glossaire/controle-qualite-interne","x-default=https://aquaverify.com/en/glossary/internal-quality-control; en=https://aquaverify.com/en/glossary/internal-quality-control; es=https://aquaverify.com/es/glosario/control-de-calidad-interno; fr=https://aquaverify.com/fr/glossaire/controle-qualite-interne; it=https://aquaverify.com/it/glossario/controllo-qualita-interno; ca=https://aquaverify.com/ca/glossari/control-de-qualitat-intern","Contrôle qualité interne | Glossaire AquaVerify","Contrôle qualité interne","Le contrôle qualité interne regroupe les contrôles, revues et enregistrements utilisés par le laboratoire pour vérifier qu’une méthode ou un essai fonctionne correctement.","index, follow","","not-applicable","","200","AquaVerify","","","","","","standard-resource-review"
"glossary-term-88","Guida tecnica","it","/it/glossario/controllo-qualita-interno","controllo-qualita-interno","https://aquaverify.com/it/glossario/controllo-qualita-interno","x-default=https://aquaverify.com/en/glossary/internal-quality-control; en=https://aquaverify.com/en/glossary/internal-quality-control; es=https://aquaverify.com/es/glosario/control-de-calidad-interno; fr=https://aquaverify.com/fr/glossaire/controle-qualite-interne; it=https://aquaverify.com/it/glossario/controllo-qualita-interno; ca=https://aquaverify.com/ca/glossari/control-de-qualitat-intern","Controllo qualità interno | Glossario AquaVerify","Controllo qualità interno","Il controllo qualità interno comprende controlli, revisioni e registrazioni usati dal laboratorio per verificare che un metodo o saggio funzioni correttamente.","index, follow","","not-applicable","","200","AquaVerify","","","","","","standard-resource-review"
"glossary-term-88","Guia tècnica","ca","/ca/glossari/control-de-qualitat-intern","control-de-qualitat-intern","https://aquaverify.com/ca/glossari/control-de-qualitat-intern","x-default=https://aquaverify.com/en/glossary/internal-quality-control; en=https://aquaverify.com/en/glossary/internal-quality-control; es=https://aquaverify.com/es/glosario/control-de-calidad-interno; fr=https://aquaverify.com/fr/glossaire/controle-qualite-interne; it=https://aquaverify.com/it/glossario/controllo-qualita-interno; ca=https://aquaverify.com/ca/glossari/control-de-qualitat-intern","Control de qualitat intern | Glossari AquaVerify","Control de qualitat intern","El control de qualitat intern és el conjunt de controls, revisions i registres utilitzats pel laboratori per comprovar que un mètode o assaig funciona adequadament.","index, follow","","not-applicable","","200","AquaVerify","","","","","","standard-resource-review"
"glossary-term-89","Technical guide","en","/en/glossary/enumera","enumera","https://aquaverify.com/en/glossary/enumera","x-default=https://aquaverify.com/en/glossary/enumera; en=https://aquaverify.com/en/glossary/enumera; es=https://aquaverify.com/es/glosario/enumera; fr=https://aquaverify.com/fr/glossaire/enumera; it=https://aquaverify.com/it/glossario/enumera; ca=https://aquaverify.com/ca/glossari/enumera","ENUMERA | Glossary AquaVerify","ENUMERA","ENUMERA is the AquaVerify family oriented to quantitative results and microbiological enumeration of water according to the product, matrix and applicable workflow.","index, follow","","not-applicable","","200","AquaVerify","","","","","","standard-resource-review"
"glossary-term-89","Guía técnica","es","/es/glosario/enumera","enumera","https://aquaverify.com/es/glosario/enumera","x-default=https://aquaverify.com/en/glossary/enumera; en=https://aquaverify.com/en/glossary/enumera; es=https://aquaverify.com/es/glosario/enumera; fr=https://aquaverify.com/fr/glossaire/enumera; it=https://aquaverify.com/it/glossario/enumera; ca=https://aquaverify.com/ca/glossari/enumera","ENUMERA | Glosario AquaVerify","ENUMERA","Familia AquaVerify orientada a resultados cuantitativos y enumeración microbiológica del agua según producto, matriz y flujo aplicable.","index, follow","","not-applicable","","200","AquaVerify","","","","","","standard-resource-review"
"glossary-term-89","Guide technique","fr","/fr/glossaire/enumera","enumera","https://aquaverify.com/fr/glossaire/enumera","x-default=https://aquaverify.com/en/glossary/enumera; en=https://aquaverify.com/en/glossary/enumera; es=https://aquaverify.com/es/glosario/enumera; fr=https://aquaverify.com/fr/glossaire/enumera; it=https://aquaverify.com/it/glossario/enumera; ca=https://aquaverify.com/ca/glossari/enumera","ENUMERA | Glossaire AquaVerify","ENUMERA","ENUMERA est la famille AquaVerify orientée vers les résultats quantitatifs et le dénombrement microbiologique de l’eau selon le produit, la matrice et le flux applicable.","index, follow","","not-applicable","","200","AquaVerify","","","","","","standard-resource-review"
"glossary-term-89","Guida tecnica","it","/it/glossario/enumera","enumera","https://aquaverify.com/it/glossario/enumera","x-default=https://aquaverify.com/en/glossary/enumera; en=https://aquaverify.com/en/glossary/enumera; es=https://aquaverify.com/es/glosario/enumera; fr=https://aquaverify.com/fr/glossaire/enumera; it=https://aquaverify.com/it/glossario/enumera; ca=https://aquaverify.com/ca/glossari/enumera","ENUMERA | Glossario AquaVerify","ENUMERA","ENUMERA è la famiglia AquaVerify orientata a risultati quantitativi ed enumerazione microbiologica dell’acqua secondo prodotto, matrice e flusso applicabile.","index, follow","","not-applicable","","200","AquaVerify","","","","","","standard-resource-review"
"glossary-term-89","Guia tècnica","ca","/ca/glossari/enumera","enumera","https://aquaverify.com/ca/glossari/enumera","x-default=https://aquaverify.com/en/glossary/enumera; en=https://aquaverify.com/en/glossary/enumera; es=https://aquaverify.com/es/glosario/enumera; fr=https://aquaverify.com/fr/glossaire/enumera; it=https://aquaverify.com/it/glossario/enumera; ca=https://aquaverify.com/ca/glossari/enumera","ENUMERA | Glossari AquaVerify","ENUMERA","ENUMERA és la família AquaVerify orientada a resultats quantitatius i enumeració microbiològica de l’aigua segons producte, matriu i flux aplicable.","index, follow","","not-applicable","","200","AquaVerify","","","","","","standard-resource-review"
"glossary-term-90","Technical guide","en","/en/glossary/indica","indica","https://aquaverify.com/en/glossary/indica","x-default=https://aquaverify.com/en/glossary/indica; en=https://aquaverify.com/en/glossary/indica; es=https://aquaverify.com/es/glosario/indica; fr=https://aquaverify.com/fr/glossaire/indica; it=https://aquaverify.com/it/glossario/indica; ca=https://aquaverify.com/ca/glossari/indica","INDICA | Glossary AquaVerify","INDICA","INDICA is the AquaVerify family oriented to presence/absence answers, screening and operational verification in water.","index, follow","","not-applicable","","200","AquaVerify","","","","","","standard-resource-review"
"glossary-term-90","Guía técnica","es","/es/glosario/indica","indica","https://aquaverify.com/es/glosario/indica","x-default=https://aquaverify.com/en/glossary/indica; en=https://aquaverify.com/en/glossary/indica; es=https://aquaverify.com/es/glosario/indica; fr=https://aquaverify.com/fr/glossaire/indica; it=https://aquaverify.com/it/glossario/indica; ca=https://aquaverify.com/ca/glossari/indica","INDICA | Glosario AquaVerify","INDICA","Familia AquaVerify orientada a respuestas de presencia/ausencia, screening y verificación operativa en agua.","index, follow","","not-applicable","","200","AquaVerify","","","","","","standard-resource-review"
"glossary-term-90","Guide technique","fr","/fr/glossaire/indica","indica","https://aquaverify.com/fr/glossaire/indica","x-default=https://aquaverify.com/en/glossary/indica; en=https://aquaverify.com/en/glossary/indica; es=https://aquaverify.com/es/glosario/indica; fr=https://aquaverify.com/fr/glossaire/indica; it=https://aquaverify.com/it/glossario/indica; ca=https://aquaverify.com/ca/glossari/indica","INDICA | Glossaire AquaVerify","INDICA","INDICA est la famille AquaVerify orientée vers les réponses présence/absence, le screening et la vérification opérationnelle de l’eau.","index, follow","","not-applicable","","200","AquaVerify","","","","","","standard-resource-review"
"glossary-term-90","Guida tecnica","it","/it/glossario/indica","indica","https://aquaverify.com/it/glossario/indica","x-default=https://aquaverify.com/en/glossary/indica; en=https://aquaverify.com/en/glossary/indica; es=https://aquaverify.com/es/glosario/indica; fr=https://aquaverify.com/fr/glossaire/indica; it=https://aquaverify.com/it/glossario/indica; ca=https://aquaverify.com/ca/glossari/indica","INDICA | Glossario AquaVerify","INDICA","INDICA è la famiglia AquaVerify orientata a risposte presenza/assenza, screening e verifica operativa dell’acqua.","index, follow","","not-applicable","","200","AquaVerify","","","","","","standard-resource-review"
"glossary-term-90","Guia tècnica","ca","/ca/glossari/indica","indica","https://aquaverify.com/ca/glossari/indica","x-default=https://aquaverify.com/en/glossary/indica; en=https://aquaverify.com/en/glossary/indica; es=https://aquaverify.com/es/glosario/indica; fr=https://aquaverify.com/fr/glossaire/indica; it=https://aquaverify.com/it/glossario/indica; ca=https://aquaverify.com/ca/glossari/indica","INDICA | Glossari AquaVerify","INDICA","INDICA és la família AquaVerify orientada a respostes de presència/absència, screening i verificació operativa en aigua.","index, follow","","not-applicable","","200","AquaVerify","","","","","","standard-resource-review"
"glossary-term-91","Technical guide","en","/en/glossary/rapid-detection-kit","rapid-detection-kit","https://aquaverify.com/en/glossary/rapid-detection-kit","x-default=https://aquaverify.com/en/glossary/rapid-detection-kit; en=https://aquaverify.com/en/glossary/rapid-detection-kit; es=https://aquaverify.com/es/glosario/kit-de-deteccion-rapida; fr=https://aquaverify.com/fr/glossaire/kit-de-detection-rapide; it=https://aquaverify.com/it/glossario/kit-di-rilevazione-rapida; ca=https://aquaverify.com/ca/glossari/kit-de-deteccio-rapida","Rapid detection kit | Glossary AquaVerify","Rapid detection kit","A rapid detection kit is a preformulated or simplified system designed to reduce handling, standardize steps and accelerate reading compared with traditional workflows, according to intended use.","index, follow","","not-applicable","","200","AquaVerify","","","","","","standard-resource-review"
"glossary-term-91","Guía técnica","es","/es/glosario/kit-de-deteccion-rapida","kit-de-deteccion-rapida","https://aquaverify.com/es/glosario/kit-de-deteccion-rapida","x-default=https://aquaverify.com/en/glossary/rapid-detection-kit; en=https://aquaverify.com/en/glossary/rapid-detection-kit; es=https://aquaverify.com/es/glosario/kit-de-deteccion-rapida; fr=https://aquaverify.com/fr/glossaire/kit-de-detection-rapide; it=https://aquaverify.com/it/glossario/kit-di-rilevazione-rapida; ca=https://aquaverify.com/ca/glossari/kit-de-deteccio-rapida","Kit de detección rápida | Glosario AquaVerify","Kit de detección rápida","Sistema preformulado o simplificado para reducir manipulación, estandarizar pasos y acelerar lectura frente a flujos tradicionales, según uso previsto.","index, follow","","not-applicable","","200","AquaVerify","","","","","","standard-resource-review"
"glossary-term-91","Guide technique","fr","/fr/glossaire/kit-de-detection-rapide","kit-de-detection-rapide","https://aquaverify.com/fr/glossaire/kit-de-detection-rapide","x-default=https://aquaverify.com/en/glossary/rapid-detection-kit; en=https://aquaverify.com/en/glossary/rapid-detection-kit; es=https://aquaverify.com/es/glosario/kit-de-deteccion-rapida; fr=https://aquaverify.com/fr/glossaire/kit-de-detection-rapide; it=https://aquaverify.com/it/glossario/kit-di-rilevazione-rapida; ca=https://aquaverify.com/ca/glossari/kit-de-deteccio-rapida","Kit de détection rapide | Glossaire AquaVerify","Kit de détection rapide","Un kit de détection rapide est un système préformulé ou simplifié visant à réduire les manipulations, standardiser les étapes et accélérer la lecture par rapport aux flux traditionnels, selon l’usage prévu.","index, follow","","not-applicable","","200","AquaVerify","","","","","","standard-resource-review"
"glossary-term-91","Guida tecnica","it","/it/glossario/kit-di-rilevazione-rapida","kit-di-rilevazione-rapida","https://aquaverify.com/it/glossario/kit-di-rilevazione-rapida","x-default=https://aquaverify.com/en/glossary/rapid-detection-kit; en=https://aquaverify.com/en/glossary/rapid-detection-kit; es=https://aquaverify.com/es/glosario/kit-de-deteccion-rapida; fr=https://aquaverify.com/fr/glossaire/kit-de-detection-rapide; it=https://aquaverify.com/it/glossario/kit-di-rilevazione-rapida; ca=https://aquaverify.com/ca/glossari/kit-de-deteccio-rapida","Kit di rilevazione rapida | Glossario AquaVerify","Kit di rilevazione rapida","Un kit di rilevazione rapida è un sistema preformulato o semplificato per ridurre manipolazione, standardizzare passaggi e accelerare la lettura rispetto ai flussi tradizionali.","index, follow","","not-applicable","","200","AquaVerify","","","","","","standard-resource-review"
"glossary-term-91","Guia tècnica","ca","/ca/glossari/kit-de-deteccio-rapida","kit-de-deteccio-rapida","https://aquaverify.com/ca/glossari/kit-de-deteccio-rapida","x-default=https://aquaverify.com/en/glossary/rapid-detection-kit; en=https://aquaverify.com/en/glossary/rapid-detection-kit; es=https://aquaverify.com/es/glosario/kit-de-deteccion-rapida; fr=https://aquaverify.com/fr/glossaire/kit-de-detection-rapide; it=https://aquaverify.com/it/glossario/kit-di-rilevazione-rapida; ca=https://aquaverify.com/ca/glossari/kit-de-deteccio-rapida","Kit de detecció ràpida | Glossari AquaVerify","Kit de detecció ràpida","Un kit de detecció ràpida és un sistema preformulat o simplificat per reduir manipulació, estandarditzar passos i accelerar lectura davant fluxos tradicionals.","index, follow","","not-applicable","","200","AquaVerify","","","","","","standard-resource-review"
"glossary-term-92","Technical guide","en","/en/glossary/kits-iso-epa","kits-iso-epa","https://aquaverify.com/en/glossary/kits-iso-epa","x-default=https://aquaverify.com/en/glossary/kits-iso-epa; en=https://aquaverify.com/en/glossary/kits-iso-epa; es=https://aquaverify.com/es/glosario/kits-iso-epa; fr=https://aquaverify.com/fr/glossaire/kits-iso-epa; it=https://aquaverify.com/it/glossario/kits-iso-epa; ca=https://aquaverify.com/ca/glossari/kits-iso-epa","Kits ISO/EPA | Glossary AquaVerify","Kits ISO/EPA","ISO/EPA kits are AquaVerify kits and technical workflows oriented to ISO or EPA methods and references when the analytical plan requires them.","index, follow","","not-applicable","","200","AquaVerify","","","","","","standard-resource-review"
"glossary-term-92","Guía técnica","es","/es/glosario/kits-iso-epa","kits-iso-epa","https://aquaverify.com/es/glosario/kits-iso-epa","x-default=https://aquaverify.com/en/glossary/kits-iso-epa; en=https://aquaverify.com/en/glossary/kits-iso-epa; es=https://aquaverify.com/es/glosario/kits-iso-epa; fr=https://aquaverify.com/fr/glossaire/kits-iso-epa; it=https://aquaverify.com/it/glossario/kits-iso-epa; ca=https://aquaverify.com/ca/glossari/kits-iso-epa","Kits ISO/EPA | Glosario AquaVerify","Kits ISO/EPA","Familia de kits y flujos técnicos orientados a métodos o referencias ISO/EPA cuando el plan analítico lo requiere.","index, follow","","not-applicable","","200","AquaVerify","","","","","","standard-resource-review"
"glossary-term-92","Guide technique","fr","/fr/glossaire/kits-iso-epa","kits-iso-epa","https://aquaverify.com/fr/glossaire/kits-iso-epa","x-default=https://aquaverify.com/en/glossary/kits-iso-epa; en=https://aquaverify.com/en/glossary/kits-iso-epa; es=https://aquaverify.com/es/glosario/kits-iso-epa; fr=https://aquaverify.com/fr/glossaire/kits-iso-epa; it=https://aquaverify.com/it/glossario/kits-iso-epa; ca=https://aquaverify.com/ca/glossari/kits-iso-epa","Kits ISO/EPA | Glossaire AquaVerify","Kits ISO/EPA","Les kits ISO/EPA sont des kits et flux techniques AquaVerify orientés vers des méthodes ou références ISO/EPA lorsque le plan analytique l’exige.","index, follow","","not-applicable","","200","AquaVerify","","","","","","standard-resource-review"
"glossary-term-92","Guida tecnica","it","/it/glossario/kits-iso-epa","kits-iso-epa","https://aquaverify.com/it/glossario/kits-iso-epa","x-default=https://aquaverify.com/en/glossary/kits-iso-epa; en=https://aquaverify.com/en/glossary/kits-iso-epa; es=https://aquaverify.com/es/glosario/kits-iso-epa; fr=https://aquaverify.com/fr/glossaire/kits-iso-epa; it=https://aquaverify.com/it/glossario/kits-iso-epa; ca=https://aquaverify.com/ca/glossari/kits-iso-epa","Kits ISO/EPA | Glossario AquaVerify","Kits ISO/EPA","I kits ISO/EPA sono kit e flussi tecnici AquaVerify orientati a metodi o riferimenti ISO/EPA quando il piano analitico lo richiede.","index, follow","","not-applicable","","200","AquaVerify","","","","","","standard-resource-review"
"glossary-term-92","Guia tècnica","ca","/ca/glossari/kits-iso-epa","kits-iso-epa","https://aquaverify.com/ca/glossari/kits-iso-epa","x-default=https://aquaverify.com/en/glossary/kits-iso-epa; en=https://aquaverify.com/en/glossary/kits-iso-epa; es=https://aquaverify.com/es/glosario/kits-iso-epa; fr=https://aquaverify.com/fr/glossaire/kits-iso-epa; it=https://aquaverify.com/it/glossario/kits-iso-epa; ca=https://aquaverify.com/ca/glossari/kits-iso-epa","Kits ISO/EPA | Glossari AquaVerify","Kits ISO/EPA","Els kits ISO/EPA són kits i fluxos tècnics AquaVerify orientats a mètodes o referències ISO/EPA quan el pla analític ho requereix.","index, follow","","not-applicable","","200","AquaVerify","","","","","","standard-resource-review"
"glossary-term-93","Technical guide","en","/en/glossary/lab-essentials","lab-essentials","https://aquaverify.com/en/glossary/lab-essentials","x-default=https://aquaverify.com/en/glossary/lab-essentials; en=https://aquaverify.com/en/glossary/lab-essentials; es=https://aquaverify.com/es/glosario/lab-essentials; fr=https://aquaverify.com/fr/glossaire/lab-essentials; it=https://aquaverify.com/it/glossario/lab-essentials; ca=https://aquaverify.com/ca/glossari/lab-essentials","Lab Essentials | Glossary AquaVerify","Lab Essentials","Lab Essentials are prepared materials, media, controls, reagents and consumables that support microbiological execution in the laboratory.","index, follow","","not-applicable","","200","AquaVerify","","","","","","standard-resource-review"
"glossary-term-93","Guía técnica","es","/es/glosario/lab-essentials","lab-essentials","https://aquaverify.com/es/glosario/lab-essentials","x-default=https://aquaverify.com/en/glossary/lab-essentials; en=https://aquaverify.com/en/glossary/lab-essentials; es=https://aquaverify.com/es/glosario/lab-essentials; fr=https://aquaverify.com/fr/glossaire/lab-essentials; it=https://aquaverify.com/it/glossario/lab-essentials; ca=https://aquaverify.com/ca/glossari/lab-essentials","Lab Essentials | Glosario AquaVerify","Lab Essentials","Materiales, medios, controles, reactivos y consumibles preparados para apoyar la ejecución microbiológica en laboratorio.","index, follow","","not-applicable","","200","AquaVerify","","","","","","standard-resource-review"
"glossary-term-93","Guide technique","fr","/fr/glossaire/lab-essentials","lab-essentials","https://aquaverify.com/fr/glossaire/lab-essentials","x-default=https://aquaverify.com/en/glossary/lab-essentials; en=https://aquaverify.com/en/glossary/lab-essentials; es=https://aquaverify.com/es/glosario/lab-essentials; fr=https://aquaverify.com/fr/glossaire/lab-essentials; it=https://aquaverify.com/it/glossario/lab-essentials; ca=https://aquaverify.com/ca/glossari/lab-essentials","Lab Essentials | Glossaire AquaVerify","Lab Essentials","Lab Essentials désigne les matériaux, milieux, contrôles, réactifs et consommables préparés pour soutenir l’exécution microbiologique au laboratoire.","index, follow","","not-applicable","","200","AquaVerify","","","","","","standard-resource-review"
"glossary-term-93","Guida tecnica","it","/it/glossario/lab-essentials","lab-essentials","https://aquaverify.com/it/glossario/lab-essentials","x-default=https://aquaverify.com/en/glossary/lab-essentials; en=https://aquaverify.com/en/glossary/lab-essentials; es=https://aquaverify.com/es/glosario/lab-essentials; fr=https://aquaverify.com/fr/glossaire/lab-essentials; it=https://aquaverify.com/it/glossario/lab-essentials; ca=https://aquaverify.com/ca/glossari/lab-essentials","Lab Essentials | Glossario AquaVerify","Lab Essentials","Lab Essentials include materiali, terreni, controlli, reagenti e consumabili preparati per supportare l’esecuzione microbiologica in laboratorio.","index, follow","","not-applicable","","200","AquaVerify","","","","","","standard-resource-review"
"glossary-term-93","Guia tècnica","ca","/ca/glossari/lab-essentials","lab-essentials","https://aquaverify.com/ca/glossari/lab-essentials","x-default=https://aquaverify.com/en/glossary/lab-essentials; en=https://aquaverify.com/en/glossary/lab-essentials; es=https://aquaverify.com/es/glosario/lab-essentials; fr=https://aquaverify.com/fr/glossaire/lab-essentials; it=https://aquaverify.com/it/glossario/lab-essentials; ca=https://aquaverify.com/ca/glossari/lab-essentials","Lab Essentials | Glossari AquaVerify","Lab Essentials","Lab Essentials són materials, medis, controls, reactius i consumibles preparats per donar suport a l’execució microbiològica al laboratori.","index, follow","","not-applicable","","200","AquaVerify","","","","","","standard-resource-review"
"glossary-term-94","Technical guide","en","/en/glossary/kit-lot","kit-lot","https://aquaverify.com/en/glossary/kit-lot","x-default=https://aquaverify.com/en/glossary/kit-lot; en=https://aquaverify.com/en/glossary/kit-lot; es=https://aquaverify.com/es/glosario/lote-de-kit; fr=https://aquaverify.com/fr/glossaire/lot-de-kit; it=https://aquaverify.com/it/glossario/lotto-kit; ca=https://aquaverify.com/ca/glossari/lot-de-kit","Kit lot | Glossary AquaVerify","Kit lot","A kit lot is the manufacturing or supply identifier associated with a kit or component. It should be linked to results when it affects traceability, quality or validation.","index, follow","","not-applicable","","200","AquaVerify","","","","","","standard-resource-review"
"glossary-term-94","Guía técnica","es","/es/glosario/lote-de-kit","lote-de-kit","https://aquaverify.com/es/glosario/lote-de-kit","x-default=https://aquaverify.com/en/glossary/kit-lot; en=https://aquaverify.com/en/glossary/kit-lot; es=https://aquaverify.com/es/glosario/lote-de-kit; fr=https://aquaverify.com/fr/glossaire/lot-de-kit; it=https://aquaverify.com/it/glossario/lotto-kit; ca=https://aquaverify.com/ca/glossari/lot-de-kit","Lote de kit | Glosario AquaVerify","Lote de kit","Identificador de fabricación o suministro asociado a un kit o componente. Debe vincularse a resultados cuando afecta trazabilidad, calidad o validación.","index, follow","","not-applicable","","200","AquaVerify","","","","","","standard-resource-review"
"glossary-term-94","Guide technique","fr","/fr/glossaire/lot-de-kit","lot-de-kit","https://aquaverify.com/fr/glossaire/lot-de-kit","x-default=https://aquaverify.com/en/glossary/kit-lot; en=https://aquaverify.com/en/glossary/kit-lot; es=https://aquaverify.com/es/glosario/lote-de-kit; fr=https://aquaverify.com/fr/glossaire/lot-de-kit; it=https://aquaverify.com/it/glossario/lotto-kit; ca=https://aquaverify.com/ca/glossari/lot-de-kit","Lot de kit | Glossaire AquaVerify","Lot de kit","Un lot de kit est l’identifiant de fabrication ou de fourniture associé à un kit ou composant. Il doit être relié aux résultats lorsqu’il affecte traçabilité, qualité ou validation.","index, follow","","not-applicable","","200","AquaVerify","","","","","","standard-resource-review"
"glossary-term-94","Guida tecnica","it","/it/glossario/lotto-kit","lotto-kit","https://aquaverify.com/it/glossario/lotto-kit","x-default=https://aquaverify.com/en/glossary/kit-lot; en=https://aquaverify.com/en/glossary/kit-lot; es=https://aquaverify.com/es/glosario/lote-de-kit; fr=https://aquaverify.com/fr/glossaire/lot-de-kit; it=https://aquaverify.com/it/glossario/lotto-kit; ca=https://aquaverify.com/ca/glossari/lot-de-kit","Lotto kit | Glossario AquaVerify","Lotto kit","Il lotto kit è l’identificativo di produzione o fornitura associato a un kit o componente. Deve collegarsi ai risultati quando incide su tracciabilità, qualità o validazione.","index, follow","","not-applicable","","200","AquaVerify","","","","","","standard-resource-review"
"glossary-term-94","Guia tècnica","ca","/ca/glossari/lot-de-kit","lot-de-kit","https://aquaverify.com/ca/glossari/lot-de-kit","x-default=https://aquaverify.com/en/glossary/kit-lot; en=https://aquaverify.com/en/glossary/kit-lot; es=https://aquaverify.com/es/glosario/lote-de-kit; fr=https://aquaverify.com/fr/glossaire/lot-de-kit; it=https://aquaverify.com/it/glossario/lotto-kit; ca=https://aquaverify.com/ca/glossari/lot-de-kit","Lot de kit | Glossari AquaVerify","Lot de kit","El lot de kit és l’identificador de fabricació o subministrament associat a un kit o component. Ha de vincular-se als resultats quan afecta traçabilitat, qualitat o validació.","index, follow","","not-applicable","","200","AquaVerify","","","","","","standard-resource-review"
"glossary-term-95","Technical guide","en","/en/glossary/culture-medium","culture-medium","https://aquaverify.com/en/glossary/culture-medium","x-default=https://aquaverify.com/en/glossary/culture-medium; en=https://aquaverify.com/en/glossary/culture-medium; es=https://aquaverify.com/es/glosario/medio-de-cultivo; fr=https://aquaverify.com/fr/glossaire/milieu-de-culture; it=https://aquaverify.com/it/glossario/terreno-di-coltura; ca=https://aquaverify.com/ca/glossari/medi-de-cultiu","Culture medium | Glossary AquaVerify","Culture medium","A culture medium is a nutritive or selective preparation that enables growth, detection or differentiation of microorganisms under defined conditions.","index, follow","","not-applicable","","200","AquaVerify","","","","","","standard-resource-review"
"glossary-term-95","Guía técnica","es","/es/glosario/medio-de-cultivo","medio-de-cultivo","https://aquaverify.com/es/glosario/medio-de-cultivo","x-default=https://aquaverify.com/en/glossary/culture-medium; en=https://aquaverify.com/en/glossary/culture-medium; es=https://aquaverify.com/es/glosario/medio-de-cultivo; fr=https://aquaverify.com/fr/glossaire/milieu-de-culture; it=https://aquaverify.com/it/glossario/terreno-di-coltura; ca=https://aquaverify.com/ca/glossari/medi-de-cultiu","Medio de cultivo | Glosario AquaVerify","Medio de cultivo","Preparación nutritiva o selectiva que permite crecimiento, detección o diferenciación de microorganismos bajo condiciones definidas.","index, follow","","not-applicable","","200","AquaVerify","","","","","","standard-resource-review"
"glossary-term-95","Guide technique","fr","/fr/glossaire/milieu-de-culture","milieu-de-culture","https://aquaverify.com/fr/glossaire/milieu-de-culture","x-default=https://aquaverify.com/en/glossary/culture-medium; en=https://aquaverify.com/en/glossary/culture-medium; es=https://aquaverify.com/es/glosario/medio-de-cultivo; fr=https://aquaverify.com/fr/glossaire/milieu-de-culture; it=https://aquaverify.com/it/glossario/terreno-di-coltura; ca=https://aquaverify.com/ca/glossari/medi-de-cultiu","Milieu de culture | Glossaire AquaVerify","Milieu de culture","Un milieu de culture est une préparation nutritive ou sélective permettant la croissance, la détection ou la différenciation de micro-organismes dans des conditions définies.","index, follow","","not-applicable","","200","AquaVerify","","","","","","standard-resource-review"
"glossary-term-95","Guida tecnica","it","/it/glossario/terreno-di-coltura","terreno-di-coltura","https://aquaverify.com/it/glossario/terreno-di-coltura","x-default=https://aquaverify.com/en/glossary/culture-medium; en=https://aquaverify.com/en/glossary/culture-medium; es=https://aquaverify.com/es/glosario/medio-de-cultivo; fr=https://aquaverify.com/fr/glossaire/milieu-de-culture; it=https://aquaverify.com/it/glossario/terreno-di-coltura; ca=https://aquaverify.com/ca/glossari/medi-de-cultiu","Terreno di coltura | Glossario AquaVerify","Terreno di coltura","Un terreno di coltura è una preparazione nutritiva o selettiva che consente crescita, rilevazione o differenziazione di microrganismi in condizioni definite.","index, follow","","not-applicable","","200","AquaVerify","","","","","","standard-resource-review"
"glossary-term-95","Guia tècnica","ca","/ca/glossari/medi-de-cultiu","medi-de-cultiu","https://aquaverify.com/ca/glossari/medi-de-cultiu","x-default=https://aquaverify.com/en/glossary/culture-medium; en=https://aquaverify.com/en/glossary/culture-medium; es=https://aquaverify.com/es/glosario/medio-de-cultivo; fr=https://aquaverify.com/fr/glossaire/milieu-de-culture; it=https://aquaverify.com/it/glossario/terreno-di-coltura; ca=https://aquaverify.com/ca/glossari/medi-de-cultiu","Medi de cultiu | Glossari AquaVerify","Medi de cultiu","Un medi de cultiu és una preparació nutritiva o selectiva que permet creixement, detecció o diferenciació de microorganismes sota condicions definides.","index, follow","","not-applicable","","200","AquaVerify","","","","","","standard-resource-review"
"glossary-term-98","Technical guide","en","/en/glossary/dhw-domestic-hot-water","dhw-domestic-hot-water","https://aquaverify.com/en/glossary/dhw-domestic-hot-water","x-default=https://aquaverify.com/en/glossary/dhw-domestic-hot-water; en=https://aquaverify.com/en/glossary/dhw-domestic-hot-water; es=https://aquaverify.com/es/glosario/acs-agua-caliente-sanitaria; fr=https://aquaverify.com/fr/glossaire/ecs-eau-chaude-sanitaire; it=https://aquaverify.com/it/glossario/acs-acqua-calda-sanitaria; ca=https://aquaverify.com/ca/glossari/acs-aigua-calenta-sanitaria","DHW / Domestic hot water | Glossary AquaVerify","DHW / Domestic hot water","Domestic hot water is a building or facility hot-water system. It can be relevant in Legionella prevention programs and aerosolization risk control.","index, follow","","not-applicable","","200","AquaVerify","","","","","","standard-resource-review"
"glossary-term-98","Guía técnica","es","/es/glosario/acs-agua-caliente-sanitaria","acs-agua-caliente-sanitaria","https://aquaverify.com/es/glosario/acs-agua-caliente-sanitaria","x-default=https://aquaverify.com/en/glossary/dhw-domestic-hot-water; en=https://aquaverify.com/en/glossary/dhw-domestic-hot-water; es=https://aquaverify.com/es/glosario/acs-agua-caliente-sanitaria; fr=https://aquaverify.com/fr/glossaire/ecs-eau-chaude-sanitaire; it=https://aquaverify.com/it/glossario/acs-acqua-calda-sanitaria; ca=https://aquaverify.com/ca/glossari/acs-aigua-calenta-sanitaria","ACS / Agua caliente sanitaria | Glosario AquaVerify","ACS / Agua caliente sanitaria","Sistema de agua caliente en edificios e instalaciones. Puede ser relevante en programas de prevención de Legionella y control del riesgo por aerosolización.","index, follow","","not-applicable","","200","AquaVerify","","","","","","standard-resource-review"
"glossary-term-98","Guide technique","fr","/fr/glossaire/ecs-eau-chaude-sanitaire","ecs-eau-chaude-sanitaire","https://aquaverify.com/fr/glossaire/ecs-eau-chaude-sanitaire","x-default=https://aquaverify.com/en/glossary/dhw-domestic-hot-water; en=https://aquaverify.com/en/glossary/dhw-domestic-hot-water; es=https://aquaverify.com/es/glosario/acs-agua-caliente-sanitaria; fr=https://aquaverify.com/fr/glossaire/ecs-eau-chaude-sanitaire; it=https://aquaverify.com/it/glossario/acs-acqua-calda-sanitaria; ca=https://aquaverify.com/ca/glossari/acs-aigua-calenta-sanitaria","ECS / Eau chaude sanitaire | Glossaire AquaVerify","ECS / Eau chaude sanitaire","L’eau chaude sanitaire est un système d’eau chaude dans les bâtiments et installations. Elle peut être pertinente dans les programmes de prévention de Legionella et de contrôle du risque par aérosolisation.","index, follow","","not-applicable","","200","AquaVerify","","","","","","standard-resource-review"
"glossary-term-98","Guida tecnica","it","/it/glossario/acs-acqua-calda-sanitaria","acs-acqua-calda-sanitaria","https://aquaverify.com/it/glossario/acs-acqua-calda-sanitaria","x-default=https://aquaverify.com/en/glossary/dhw-domestic-hot-water; en=https://aquaverify.com/en/glossary/dhw-domestic-hot-water; es=https://aquaverify.com/es/glosario/acs-agua-caliente-sanitaria; fr=https://aquaverify.com/fr/glossaire/ecs-eau-chaude-sanitaire; it=https://aquaverify.com/it/glossario/acs-acqua-calda-sanitaria; ca=https://aquaverify.com/ca/glossari/acs-aigua-calenta-sanitaria","ACS / Acqua calda sanitaria | Glossario AquaVerify","ACS / Acqua calda sanitaria","L’acqua calda sanitaria è un sistema di acqua calda in edifici e impianti, rilevante per programmi di prevenzione Legionella e controllo del rischio da aerosol.","index, follow","","not-applicable","","200","AquaVerify","","","","","","standard-resource-review"
"glossary-term-98","Guia tècnica","ca","/ca/glossari/acs-aigua-calenta-sanitaria","acs-aigua-calenta-sanitaria","https://aquaverify.com/ca/glossari/acs-aigua-calenta-sanitaria","x-default=https://aquaverify.com/en/glossary/dhw-domestic-hot-water; en=https://aquaverify.com/en/glossary/dhw-domestic-hot-water; es=https://aquaverify.com/es/glosario/acs-agua-caliente-sanitaria; fr=https://aquaverify.com/fr/glossaire/ecs-eau-chaude-sanitaire; it=https://aquaverify.com/it/glossario/acs-acqua-calda-sanitaria; ca=https://aquaverify.com/ca/glossari/acs-aigua-calenta-sanitaria","ACS / Aigua calenta sanitària | Glossari AquaVerify","ACS / Aigua calenta sanitària","L’aigua calenta sanitària és un sistema d’aigua calenta en edificis i instal·lacions, rellevant en programes de prevenció de Legionella i control del risc per aerosolització.","index, follow","","not-applicable","","200","AquaVerify","","","","","","standard-resource-review"
"glossary-term-100","Technical guide","en","/en/glossary/raw-water","raw-water","https://aquaverify.com/en/glossary/raw-water","x-default=https://aquaverify.com/en/glossary/raw-water; en=https://aquaverify.com/en/glossary/raw-water; es=https://aquaverify.com/es/glosario/agua-bruta; fr=https://aquaverify.com/fr/glossaire/eau-brute; it=https://aquaverify.com/it/glossario/acqua-grezza; ca=https://aquaverify.com/ca/glossari/aigua-bruta","Raw water | Glossary AquaVerify","Raw water","Raw water is water captured before treatment. Monitoring it helps understand initial load, risk and the efficiency of downstream processes.","index, follow","","not-applicable","","200","AquaVerify","","","","","","standard-resource-review"
"glossary-term-100","Guía técnica","es","/es/glosario/agua-bruta","agua-bruta","https://aquaverify.com/es/glosario/agua-bruta","x-default=https://aquaverify.com/en/glossary/raw-water; en=https://aquaverify.com/en/glossary/raw-water; es=https://aquaverify.com/es/glosario/agua-bruta; fr=https://aquaverify.com/fr/glossaire/eau-brute; it=https://aquaverify.com/it/glossario/acqua-grezza; ca=https://aquaverify.com/ca/glossari/aigua-bruta","Agua bruta | Glosario AquaVerify","Agua bruta","Agua captada antes de su tratamiento. Su control ayuda a entender carga inicial, riesgo y eficiencia de procesos posteriores.","index, follow","","not-applicable","","200","AquaVerify","","","","","","standard-resource-review"
"glossary-term-100","Guide technique","fr","/fr/glossaire/eau-brute","eau-brute","https://aquaverify.com/fr/glossaire/eau-brute","x-default=https://aquaverify.com/en/glossary/raw-water; en=https://aquaverify.com/en/glossary/raw-water; es=https://aquaverify.com/es/glosario/agua-bruta; fr=https://aquaverify.com/fr/glossaire/eau-brute; it=https://aquaverify.com/it/glossario/acqua-grezza; ca=https://aquaverify.com/ca/glossari/aigua-bruta","Eau brute | Glossaire AquaVerify","Eau brute","L’eau brute est l’eau captée avant traitement. Son contrôle aide à comprendre la charge initiale, le risque et l’efficacité des procédés ultérieurs.","index, follow","","not-applicable","","200","AquaVerify","","","","","","standard-resource-review"
"glossary-term-100","Guida tecnica","it","/it/glossario/acqua-grezza","acqua-grezza","https://aquaverify.com/it/glossario/acqua-grezza","x-default=https://aquaverify.com/en/glossary/raw-water; en=https://aquaverify.com/en/glossary/raw-water; es=https://aquaverify.com/es/glosario/agua-bruta; fr=https://aquaverify.com/fr/glossaire/eau-brute; it=https://aquaverify.com/it/glossario/acqua-grezza; ca=https://aquaverify.com/ca/glossari/aigua-bruta","Acqua grezza | Glossario AquaVerify","Acqua grezza","L’acqua grezza è acqua captata prima del trattamento. Il suo controllo aiuta a comprendere carico iniziale, rischio ed efficienza dei processi successivi.","index, follow","","not-applicable","","200","AquaVerify","","","","","","standard-resource-review"
"glossary-term-100","Guia tècnica","ca","/ca/glossari/aigua-bruta","aigua-bruta","https://aquaverify.com/ca/glossari/aigua-bruta","x-default=https://aquaverify.com/en/glossary/raw-water; en=https://aquaverify.com/en/glossary/raw-water; es=https://aquaverify.com/es/glosario/agua-bruta; fr=https://aquaverify.com/fr/glossaire/eau-brute; it=https://aquaverify.com/it/glossario/acqua-grezza; ca=https://aquaverify.com/ca/glossari/aigua-bruta","Aigua bruta | Glossari AquaVerify","Aigua bruta","L’aigua bruta és l’aigua captada abans del tractament. El seu control ajuda a entendre càrrega inicial, risc i eficiència dels processos posteriors.","index, follow","","not-applicable","","200","AquaVerify","","","","","","standard-resource-review"
"glossary-term-101","Technical guide","en","/en/glossary/drinking-water","drinking-water","https://aquaverify.com/en/glossary/drinking-water","x-default=https://aquaverify.com/en/glossary/drinking-water; en=https://aquaverify.com/en/glossary/drinking-water; es=https://aquaverify.com/es/glosario/agua-de-consumo; fr=https://aquaverify.com/fr/glossaire/eau-potable; it=https://aquaverify.com/it/glossario/acqua-potabile; ca=https://aquaverify.com/ca/glossari/aigua-de-consum","Drinking water | Glossary AquaVerify","Drinking water","Drinking water is water intended for human consumption and subject to sanitary criteria, control and supply requirements under the applicable framework.","index, follow","","not-applicable","","200","AquaVerify","","","","","","standard-resource-review"
"glossary-term-101","Guía técnica","es","/es/glosario/agua-de-consumo","agua-de-consumo","https://aquaverify.com/es/glosario/agua-de-consumo","x-default=https://aquaverify.com/en/glossary/drinking-water; en=https://aquaverify.com/en/glossary/drinking-water; es=https://aquaverify.com/es/glosario/agua-de-consumo; fr=https://aquaverify.com/fr/glossaire/eau-potable; it=https://aquaverify.com/it/glossario/acqua-potabile; ca=https://aquaverify.com/ca/glossari/aigua-de-consum","Agua de consumo | Glosario AquaVerify","Agua de consumo","Agua destinada al consumo humano, sujeta a criterios sanitarios, control y suministro según marco aplicable.","index, follow","","not-applicable","","200","AquaVerify","","","","","","standard-resource-review"
"glossary-term-101","Guide technique","fr","/fr/glossaire/eau-potable","eau-potable","https://aquaverify.com/fr/glossaire/eau-potable","x-default=https://aquaverify.com/en/glossary/drinking-water; en=https://aquaverify.com/en/glossary/drinking-water; es=https://aquaverify.com/es/glosario/agua-de-consumo; fr=https://aquaverify.com/fr/glossaire/eau-potable; it=https://aquaverify.com/it/glossario/acqua-potabile; ca=https://aquaverify.com/ca/glossari/aigua-de-consum","Eau potable | Glossaire AquaVerify","Eau potable","L’eau potable est l’eau destinée à la consommation humaine, soumise à des critères sanitaires, de contrôle et de fourniture selon le cadre applicable.","index, follow","","not-applicable","","200","AquaVerify","","","","","","standard-resource-review"
"glossary-term-101","Guida tecnica","it","/it/glossario/acqua-potabile","acqua-potabile","https://aquaverify.com/it/glossario/acqua-potabile","x-default=https://aquaverify.com/en/glossary/drinking-water; en=https://aquaverify.com/en/glossary/drinking-water; es=https://aquaverify.com/es/glosario/agua-de-consumo; fr=https://aquaverify.com/fr/glossaire/eau-potable; it=https://aquaverify.com/it/glossario/acqua-potabile; ca=https://aquaverify.com/ca/glossari/aigua-de-consum","Acqua potabile | Glossario AquaVerify","Acqua potabile","L’acqua potabile è acqua destinata al consumo umano, soggetta a criteri sanitari, controllo e fornitura secondo il quadro applicabile.","index, follow","","not-applicable","","200","AquaVerify","","","","","","standard-resource-review"
"glossary-term-101","Guia tècnica","ca","/ca/glossari/aigua-de-consum","aigua-de-consum","https://aquaverify.com/ca/glossari/aigua-de-consum","x-default=https://aquaverify.com/en/glossary/drinking-water; en=https://aquaverify.com/en/glossary/drinking-water; es=https://aquaverify.com/es/glosario/agua-de-consumo; fr=https://aquaverify.com/fr/glossaire/eau-potable; it=https://aquaverify.com/it/glossario/acqua-potabile; ca=https://aquaverify.com/ca/glossari/aigua-de-consum","Aigua de consum | Glossari AquaVerify","Aigua de consum","L’aigua de consum és l’aigua destinada al consum humà, subjecta a criteris sanitaris, control i subministrament segons el marc aplicable.","index, follow","","not-applicable","","200","AquaVerify","","","","","","standard-resource-review"
"glossary-term-102","Technical guide","en","/en/glossary/process-water","process-water","https://aquaverify.com/en/glossary/process-water","x-default=https://aquaverify.com/en/glossary/process-water; en=https://aquaverify.com/en/glossary/process-water; es=https://aquaverify.com/es/glosario/agua-de-proceso; fr=https://aquaverify.com/fr/glossaire/eau-de-process; it=https://aquaverify.com/it/glossario/acqua-di-processo; ca=https://aquaverify.com/ca/glossari/aigua-de-proces","Process water | Glossary AquaVerify","Process water","Process water is water used within an industrial or food operation as an ingredient, contact water, cleaning water, cooling water, recirculation water or process support.","index, follow","","not-applicable","","200","AquaVerify","","","","","","standard-resource-review"
"glossary-term-102","Guía técnica","es","/es/glosario/agua-de-proceso","agua-de-proceso","https://aquaverify.com/es/glosario/agua-de-proceso","x-default=https://aquaverify.com/en/glossary/process-water; en=https://aquaverify.com/en/glossary/process-water; es=https://aquaverify.com/es/glosario/agua-de-proceso; fr=https://aquaverify.com/fr/glossaire/eau-de-process; it=https://aquaverify.com/it/glossario/acqua-di-processo; ca=https://aquaverify.com/ca/glossari/aigua-de-proces","Agua de proceso | Glosario AquaVerify","Agua de proceso","Agua utilizada dentro de una operación industrial o alimentaria como ingrediente, contacto, limpieza, enfriamiento, recirculación o soporte de proceso.","index, follow","","not-applicable","","200","AquaVerify","","","","","","standard-resource-review"
"glossary-term-102","Guide technique","fr","/fr/glossaire/eau-de-process","eau-de-process","https://aquaverify.com/fr/glossaire/eau-de-process","x-default=https://aquaverify.com/en/glossary/process-water; en=https://aquaverify.com/en/glossary/process-water; es=https://aquaverify.com/es/glosario/agua-de-proceso; fr=https://aquaverify.com/fr/glossaire/eau-de-process; it=https://aquaverify.com/it/glossario/acqua-di-processo; ca=https://aquaverify.com/ca/glossari/aigua-de-proces","Eau de process | Glossaire AquaVerify","Eau de process","L’eau de process est l’eau utilisée dans une opération industrielle ou alimentaire comme ingrédient, eau de contact, nettoyage, refroidissement, recirculation ou support de procédé.","index, follow","","not-applicable","","200","AquaVerify","","","","","","standard-resource-review"
"glossary-term-102","Guida tecnica","it","/it/glossario/acqua-di-processo","acqua-di-processo","https://aquaverify.com/it/glossario/acqua-di-processo","x-default=https://aquaverify.com/en/glossary/process-water; en=https://aquaverify.com/en/glossary/process-water; es=https://aquaverify.com/es/glosario/agua-de-proceso; fr=https://aquaverify.com/fr/glossaire/eau-de-process; it=https://aquaverify.com/it/glossario/acqua-di-processo; ca=https://aquaverify.com/ca/glossari/aigua-de-proces","Acqua di processo | Glossario AquaVerify","Acqua di processo","L’acqua di processo è acqua usata in operazioni industriali o alimentari come ingrediente, contatto, pulizia, raffreddamento, ricircolo o supporto di processo.","index, follow","","not-applicable","","200","AquaVerify","","","","","","standard-resource-review"
"glossary-term-102","Guia tècnica","ca","/ca/glossari/aigua-de-proces","aigua-de-proces","https://aquaverify.com/ca/glossari/aigua-de-proces","x-default=https://aquaverify.com/en/glossary/process-water; en=https://aquaverify.com/en/glossary/process-water; es=https://aquaverify.com/es/glosario/agua-de-proceso; fr=https://aquaverify.com/fr/glossaire/eau-de-process; it=https://aquaverify.com/it/glossario/acqua-di-processo; ca=https://aquaverify.com/ca/glossari/aigua-de-proces","Aigua de procés | Glossari AquaVerify","Aigua de procés","L’aigua de procés és l’aigua utilitzada dins d’una operació industrial o alimentària com a ingredient, contacte, neteja, refredament, recirculació o suport de procés.","index, follow","","not-applicable","","200","AquaVerify","","","","","","standard-resource-review"
"glossary-term-103","Technical guide","en","/en/glossary/reclaimed-water","reclaimed-water","https://aquaverify.com/en/glossary/reclaimed-water","x-default=https://aquaverify.com/en/glossary/reclaimed-water; en=https://aquaverify.com/en/glossary/reclaimed-water; es=https://aquaverify.com/es/glosario/agua-regenerada; fr=https://aquaverify.com/fr/glossaire/eau-regeneree; it=https://aquaverify.com/it/glossario/acqua-rigenerata; ca=https://aquaverify.com/ca/glossari/aigua-regenerada","Reclaimed water | Glossary AquaVerify","Reclaimed water","Reclaimed water is treated wastewater reused for authorized applications such as agricultural irrigation or other uses defined by regulation.","index, follow","","not-applicable","","200","AquaVerify","","","","","","standard-resource-review"
"glossary-term-103","Guía técnica","es","/es/glosario/agua-regenerada","agua-regenerada","https://aquaverify.com/es/glosario/agua-regenerada","x-default=https://aquaverify.com/en/glossary/reclaimed-water; en=https://aquaverify.com/en/glossary/reclaimed-water; es=https://aquaverify.com/es/glosario/agua-regenerada; fr=https://aquaverify.com/fr/glossaire/eau-regeneree; it=https://aquaverify.com/it/glossario/acqua-rigenerata; ca=https://aquaverify.com/ca/glossari/aigua-regenerada","Agua regenerada | Glosario AquaVerify","Agua regenerada","Agua residual tratada para ser reutilizada en usos autorizados, como riego agrícola u otros usos según normativa.","index, follow","","not-applicable","","200","AquaVerify","","","","","","standard-resource-review"
"glossary-term-103","Guide technique","fr","/fr/glossaire/eau-regeneree","eau-regeneree","https://aquaverify.com/fr/glossaire/eau-regeneree","x-default=https://aquaverify.com/en/glossary/reclaimed-water; en=https://aquaverify.com/en/glossary/reclaimed-water; es=https://aquaverify.com/es/glosario/agua-regenerada; fr=https://aquaverify.com/fr/glossaire/eau-regeneree; it=https://aquaverify.com/it/glossario/acqua-rigenerata; ca=https://aquaverify.com/ca/glossari/aigua-regenerada","Eau régénérée | Glossaire AquaVerify","Eau régénérée","L’eau régénérée est une eau usée traitée pour être réutilisée dans des usages autorisés, comme l’irrigation agricole ou d’autres usages définis par la réglementation.","index, follow","","not-applicable","","200","AquaVerify","","","","","","standard-resource-review"
"glossary-term-103","Guida tecnica","it","/it/glossario/acqua-rigenerata","acqua-rigenerata","https://aquaverify.com/it/glossario/acqua-rigenerata","x-default=https://aquaverify.com/en/glossary/reclaimed-water; en=https://aquaverify.com/en/glossary/reclaimed-water; es=https://aquaverify.com/es/glosario/agua-regenerada; fr=https://aquaverify.com/fr/glossaire/eau-regeneree; it=https://aquaverify.com/it/glossario/acqua-rigenerata; ca=https://aquaverify.com/ca/glossari/aigua-regenerada","Acqua rigenerata | Glossario AquaVerify","Acqua rigenerata","L’acqua rigenerata è acqua reflua trattata per essere riutilizzata in usi autorizzati, come irrigazione agricola o altri usi definiti dalla normativa.","index, follow","","not-applicable","","200","AquaVerify","","","","","","standard-resource-review"
"glossary-term-103","Guia tècnica","ca","/ca/glossari/aigua-regenerada","aigua-regenerada","https://aquaverify.com/ca/glossari/aigua-regenerada","x-default=https://aquaverify.com/en/glossary/reclaimed-water; en=https://aquaverify.com/en/glossary/reclaimed-water; es=https://aquaverify.com/es/glosario/agua-regenerada; fr=https://aquaverify.com/fr/glossaire/eau-regeneree; it=https://aquaverify.com/it/glossario/acqua-rigenerata; ca=https://aquaverify.com/ca/glossari/aigua-regenerada","Aigua regenerada | Glossari AquaVerify","Aigua regenerada","L’aigua regenerada és aigua residual tractada per ser reutilitzada en usos autoritzats, com reg agrícola o altres usos segons normativa.","index, follow","","not-applicable","","200","AquaVerify","","","","","","standard-resource-review"
"glossary-term-105","Technical guide","en","/en/glossary/cip","cip","https://aquaverify.com/en/glossary/cip","x-default=https://aquaverify.com/en/glossary/cip; en=https://aquaverify.com/en/glossary/cip; es=https://aquaverify.com/es/glosario/cip; fr=https://aquaverify.com/fr/glossaire/cip; it=https://aquaverify.com/it/glossario/cip; ca=https://aquaverify.com/ca/glossari/cip","CIP | Glossary AquaVerify","CIP","CIP is cleaning in place of industrial lines, equipment or circuits without full disassembly. Rinse or process water may require microbiological control.","index, follow","","not-applicable","","200","AquaVerify","","","","","","standard-resource-review"
"glossary-term-105","Guía técnica","es","/es/glosario/cip","cip","https://aquaverify.com/es/glosario/cip","x-default=https://aquaverify.com/en/glossary/cip; en=https://aquaverify.com/en/glossary/cip; es=https://aquaverify.com/es/glosario/cip; fr=https://aquaverify.com/fr/glossaire/cip; it=https://aquaverify.com/it/glossario/cip; ca=https://aquaverify.com/ca/glossari/cip","CIP | Glosario AquaVerify","CIP","Limpieza in situ de líneas, equipos o circuitos industriales sin desmontaje completo. El agua de enjuague o proceso puede requerir control microbiológico.","index, follow","","not-applicable","","200","AquaVerify","","","","","","standard-resource-review"
"glossary-term-105","Guide technique","fr","/fr/glossaire/cip","cip","https://aquaverify.com/fr/glossaire/cip","x-default=https://aquaverify.com/en/glossary/cip; en=https://aquaverify.com/en/glossary/cip; es=https://aquaverify.com/es/glosario/cip; fr=https://aquaverify.com/fr/glossaire/cip; it=https://aquaverify.com/it/glossario/cip; ca=https://aquaverify.com/ca/glossari/cip","CIP | Glossaire AquaVerify","CIP","Le CIP est le nettoyage en place de lignes, équipements ou circuits industriels sans démontage complet. L’eau de rinçage ou de process peut nécessiter un contrôle microbiologique.","index, follow","","not-applicable","","200","AquaVerify","","","","","","standard-resource-review"
"glossary-term-105","Guida tecnica","it","/it/glossario/cip","cip","https://aquaverify.com/it/glossario/cip","x-default=https://aquaverify.com/en/glossary/cip; en=https://aquaverify.com/en/glossary/cip; es=https://aquaverify.com/es/glosario/cip; fr=https://aquaverify.com/fr/glossaire/cip; it=https://aquaverify.com/it/glossario/cip; ca=https://aquaverify.com/ca/glossari/cip","CIP | Glossario AquaVerify","CIP","Il CIP è la pulizia in situ di linee, apparecchiature o circuiti industriali senza smontaggio completo. L’acqua di risciacquo o processo può richiedere controllo microbiologico.","index, follow","","not-applicable","","200","AquaVerify","","","","","","standard-resource-review"
"glossary-term-105","Guia tècnica","ca","/ca/glossari/cip","cip","https://aquaverify.com/ca/glossari/cip","x-default=https://aquaverify.com/en/glossary/cip; en=https://aquaverify.com/en/glossary/cip; es=https://aquaverify.com/es/glosario/cip; fr=https://aquaverify.com/fr/glossaire/cip; it=https://aquaverify.com/it/glossario/cip; ca=https://aquaverify.com/ca/glossari/cip","CIP | Glossari AquaVerify","CIP","El CIP és la neteja in situ de línies, equips o circuits industrials sense desmuntatge complet. L’aigua d’esbandida o procés pot requerir control microbiològic.","index, follow","","not-applicable","","200","AquaVerify","","","","","","standard-resource-review"
"glossary-term-110","Technical guide","en","/en/glossary/agricultural-irrigation","agricultural-irrigation","https://aquaverify.com/en/glossary/agricultural-irrigation","x-default=https://aquaverify.com/en/glossary/agricultural-irrigation; en=https://aquaverify.com/en/glossary/agricultural-irrigation; es=https://aquaverify.com/es/glosario/riego-agricola; fr=https://aquaverify.com/fr/glossaire/irrigation-agricole; it=https://aquaverify.com/it/glossario/irrigazione-agricola; ca=https://aquaverify.com/ca/glossari/reg-agricola","Agricultural irrigation | Glossary AquaVerify","Agricultural irrigation","Agricultural irrigation is the application of water to crops through drip, sprinkler, surface or other systems. Its risk profile depends on crop, contact and water quality.","index, follow","","not-applicable","","200","AquaVerify","","","","","","standard-resource-review"
"glossary-term-110","Guía técnica","es","/es/glosario/riego-agricola","riego-agricola","https://aquaverify.com/es/glosario/riego-agricola","x-default=https://aquaverify.com/en/glossary/agricultural-irrigation; en=https://aquaverify.com/en/glossary/agricultural-irrigation; es=https://aquaverify.com/es/glosario/riego-agricola; fr=https://aquaverify.com/fr/glossaire/irrigation-agricole; it=https://aquaverify.com/it/glossario/irrigazione-agricola; ca=https://aquaverify.com/ca/glossari/reg-agricola","Riego agrícola | Glosario AquaVerify","Riego agrícola","Aplicación de agua a cultivos mediante goteo, aspersión, superficie u otros sistemas. Su perfil de riesgo depende de cultivo, contacto y calidad del agua.","index, follow","","not-applicable","","200","AquaVerify","","","","","","standard-resource-review"
"glossary-term-110","Guide technique","fr","/fr/glossaire/irrigation-agricole","irrigation-agricole","https://aquaverify.com/fr/glossaire/irrigation-agricole","x-default=https://aquaverify.com/en/glossary/agricultural-irrigation; en=https://aquaverify.com/en/glossary/agricultural-irrigation; es=https://aquaverify.com/es/glosario/riego-agricola; fr=https://aquaverify.com/fr/glossaire/irrigation-agricole; it=https://aquaverify.com/it/glossario/irrigazione-agricola; ca=https://aquaverify.com/ca/glossari/reg-agricola","Irrigation agricole | Glossaire AquaVerify","Irrigation agricole","L’irrigation agricole est l’application d’eau aux cultures par goutte-à-goutte, aspersion, surface ou autres systèmes. Son profil de risque dépend de la culture, du contact et de la qualité de l’eau.","index, follow","","not-applicable","","200","AquaVerify","","","","","","standard-resource-review"
"glossary-term-110","Guida tecnica","it","/it/glossario/irrigazione-agricola","irrigazione-agricola","https://aquaverify.com/it/glossario/irrigazione-agricola","x-default=https://aquaverify.com/en/glossary/agricultural-irrigation; en=https://aquaverify.com/en/glossary/agricultural-irrigation; es=https://aquaverify.com/es/glosario/riego-agricola; fr=https://aquaverify.com/fr/glossaire/irrigation-agricole; it=https://aquaverify.com/it/glossario/irrigazione-agricola; ca=https://aquaverify.com/ca/glossari/reg-agricola","Irrigazione agricola | Glossario AquaVerify","Irrigazione agricola","L’irrigazione agricola è l’applicazione di acqua alle colture tramite goccia, aspersione, superficie o altri sistemi. Il rischio dipende da coltura, contatto e qualità dell’acqua.","index, follow","","not-applicable","","200","AquaVerify","","","","","","standard-resource-review"
"glossary-term-110","Guia tècnica","ca","/ca/glossari/reg-agricola","reg-agricola","https://aquaverify.com/ca/glossari/reg-agricola","x-default=https://aquaverify.com/en/glossary/agricultural-irrigation; en=https://aquaverify.com/en/glossary/agricultural-irrigation; es=https://aquaverify.com/es/glosario/riego-agricola; fr=https://aquaverify.com/fr/glossaire/irrigation-agricole; it=https://aquaverify.com/it/glossario/irrigazione-agricola; ca=https://aquaverify.com/ca/glossari/reg-agricola","Reg agrícola | Glossari AquaVerify","Reg agrícola","El reg agrícola és l’aplicació d’aigua als cultius mitjançant degoteig, aspersió, superfície o altres sistemes. El perfil de risc depèn del cultiu, contacte i qualitat de l’aigua.","index, follow","","not-applicable","","200","AquaVerify","","","","","","standard-resource-review"
"glossary-term-116","Technical guide","en","/en/glossary/deviation","deviation","https://aquaverify.com/en/glossary/deviation","x-default=https://aquaverify.com/en/glossary/deviation; en=https://aquaverify.com/en/glossary/deviation; es=https://aquaverify.com/es/glosario/desviacion; fr=https://aquaverify.com/fr/glossaire/deviation; it=https://aquaverify.com/it/glossario/deviazione; ca=https://aquaverify.com/ca/glossari/desviacio","Deviation | Glossary AquaVerify","Deviation","A deviation is an incident or nonconformity against a plan, procedure, criterion or expectation. It should be documented, assessed and closed according to procedure.","index, follow","","not-applicable","","200","AquaVerify","","","","","","standard-resource-review"
"glossary-term-116","Guía técnica","es","/es/glosario/desviacion","desviacion","https://aquaverify.com/es/glosario/desviacion","x-default=https://aquaverify.com/en/glossary/deviation; en=https://aquaverify.com/en/glossary/deviation; es=https://aquaverify.com/es/glosario/desviacion; fr=https://aquaverify.com/fr/glossaire/deviation; it=https://aquaverify.com/it/glossario/deviazione; ca=https://aquaverify.com/ca/glossari/desviacio","Desviación | Glosario AquaVerify","Desviación","Incidencia o incumplimiento frente a un plan, procedimiento, criterio o expectativa. Debe documentarse, evaluarse y cerrarse según procedimiento.","index, follow","","not-applicable","","200","AquaVerify","","","","","","standard-resource-review"
"glossary-term-116","Guide technique","fr","/fr/glossaire/deviation","deviation","https://aquaverify.com/fr/glossaire/deviation","x-default=https://aquaverify.com/en/glossary/deviation; en=https://aquaverify.com/en/glossary/deviation; es=https://aquaverify.com/es/glosario/desviacion; fr=https://aquaverify.com/fr/glossaire/deviation; it=https://aquaverify.com/it/glossario/deviazione; ca=https://aquaverify.com/ca/glossari/desviacio","Déviation | Glossaire AquaVerify","Déviation","Une déviation est une incidence ou non-conformité par rapport à un plan, une procédure, un critère ou une attente. Elle doit être documentée, évaluée et clôturée selon la procédure.","index, follow","","not-applicable","","200","AquaVerify","","","","","","standard-resource-review"
"glossary-term-116","Guida tecnica","it","/it/glossario/deviazione","deviazione","https://aquaverify.com/it/glossario/deviazione","x-default=https://aquaverify.com/en/glossary/deviation; en=https://aquaverify.com/en/glossary/deviation; es=https://aquaverify.com/es/glosario/desviacion; fr=https://aquaverify.com/fr/glossaire/deviation; it=https://aquaverify.com/it/glossario/deviazione; ca=https://aquaverify.com/ca/glossari/desviacio","Deviazione | Glossario AquaVerify","Deviazione","Una deviazione è un’incidenza o non conformità rispetto a piano, procedura, criterio o aspettativa. Deve essere documentata, valutata e chiusa secondo procedura.","index, follow","","not-applicable","","200","AquaVerify","","","","","","standard-resource-review"
"glossary-term-116","Guia tècnica","ca","/ca/glossari/desviacio","desviacio","https://aquaverify.com/ca/glossari/desviacio","x-default=https://aquaverify.com/en/glossary/deviation; en=https://aquaverify.com/en/glossary/deviation; es=https://aquaverify.com/es/glosario/desviacion; fr=https://aquaverify.com/fr/glossaire/deviation; it=https://aquaverify.com/it/glossario/deviazione; ca=https://aquaverify.com/ca/glossari/desviacio","Desviació | Glossari AquaVerify","Desviació","Una desviació és una incidència o incompliment respecte d’un pla, procediment, criteri o expectativa. S’ha de documentar, avaluar i tancar segons procediment.","index, follow","","not-applicable","","200","AquaVerify","","","","","","standard-resource-review"
"glossary-term-118","Technical guide","en","/en/glossary/validation-dossier","validation-dossier","https://aquaverify.com/en/glossary/validation-dossier","x-default=https://aquaverify.com/en/glossary/validation-dossier; en=https://aquaverify.com/en/glossary/validation-dossier; es=https://aquaverify.com/es/glosario/dossier-de-validacion; fr=https://aquaverify.com/fr/glossaire/dossier-de-validation; it=https://aquaverify.com/it/glossario/dossier-di-validazione; ca=https://aquaverify.com/ca/glossari/dossier-de-validacio","Validation dossier | Glossary AquaVerify","Validation dossier","A validation dossier is a document package containing objective, method, plan, samples, results, deviations, approvals and validation conclusion.","index, follow","","not-applicable","","200","AquaVerify","","","","","","standard-resource-review"
"glossary-term-118","Guía técnica","es","/es/glosario/dossier-de-validacion","dossier-de-validacion","https://aquaverify.com/es/glosario/dossier-de-validacion","x-default=https://aquaverify.com/en/glossary/validation-dossier; en=https://aquaverify.com/en/glossary/validation-dossier; es=https://aquaverify.com/es/glosario/dossier-de-validacion; fr=https://aquaverify.com/fr/glossaire/dossier-de-validation; it=https://aquaverify.com/it/glossario/dossier-di-validazione; ca=https://aquaverify.com/ca/glossari/dossier-de-validacio","Dossier de validación | Glosario AquaVerify","Dossier de validación","Paquete documental que reúne objetivo, método, plan, muestras, resultados, desviaciones, aprobaciones y conclusión de una validación.","index, follow","","not-applicable","","200","AquaVerify","","","","","","standard-resource-review"
"glossary-term-118","Guide technique","fr","/fr/glossaire/dossier-de-validation","dossier-de-validation","https://aquaverify.com/fr/glossaire/dossier-de-validation","x-default=https://aquaverify.com/en/glossary/validation-dossier; en=https://aquaverify.com/en/glossary/validation-dossier; es=https://aquaverify.com/es/glosario/dossier-de-validacion; fr=https://aquaverify.com/fr/glossaire/dossier-de-validation; it=https://aquaverify.com/it/glossario/dossier-di-validazione; ca=https://aquaverify.com/ca/glossari/dossier-de-validacio","Dossier de validation | Glossaire AquaVerify","Dossier de validation","Un dossier de validation est un ensemble documentaire réunissant objectif, méthode, plan, échantillons, résultats, déviations, approbations et conclusion de validation.","index, follow","","not-applicable","","200","AquaVerify","","","","","","standard-resource-review"
"glossary-term-118","Guida tecnica","it","/it/glossario/dossier-di-validazione","dossier-di-validazione","https://aquaverify.com/it/glossario/dossier-di-validazione","x-default=https://aquaverify.com/en/glossary/validation-dossier; en=https://aquaverify.com/en/glossary/validation-dossier; es=https://aquaverify.com/es/glosario/dossier-de-validacion; fr=https://aquaverify.com/fr/glossaire/dossier-de-validation; it=https://aquaverify.com/it/glossario/dossier-di-validazione; ca=https://aquaverify.com/ca/glossari/dossier-de-validacio","Dossier di validazione | Glossario AquaVerify","Dossier di validazione","Un dossier di validazione raccoglie obiettivo, metodo, piano, campioni, risultati, deviazioni, approvazioni e conclusione della validazione.","index, follow","","not-applicable","","200","AquaVerify","","","","","","standard-resource-review"
"glossary-term-118","Guia tècnica","ca","/ca/glossari/dossier-de-validacio","dossier-de-validacio","https://aquaverify.com/ca/glossari/dossier-de-validacio","x-default=https://aquaverify.com/en/glossary/validation-dossier; en=https://aquaverify.com/en/glossary/validation-dossier; es=https://aquaverify.com/es/glosario/dossier-de-validacion; fr=https://aquaverify.com/fr/glossaire/dossier-de-validation; it=https://aquaverify.com/it/glossario/dossier-di-validazione; ca=https://aquaverify.com/ca/glossari/dossier-de-validacio","Dossier de validació | Glossari AquaVerify","Dossier de validació","Un dossier de validació reuneix objectiu, mètode, pla, mostres, resultats, desviacions, aprovacions i conclusió de la validació.","index, follow","","not-applicable","","200","AquaVerify","","","","","","standard-resource-review"
"glossary-term-120","Technical guide","en","/en/glossary/technical-review","technical-review","https://aquaverify.com/en/glossary/technical-review","x-default=https://aquaverify.com/en/glossary/technical-review; en=https://aquaverify.com/en/glossary/technical-review; es=https://aquaverify.com/es/glosario/revision-tecnica; fr=https://aquaverify.com/fr/glossaire/revue-technique; it=https://aquaverify.com/it/glossario/revisione-tecnica; ca=https://aquaverify.com/ca/glossari/revisio-tecnica","Technical review | Glossary AquaVerify","Technical review","Technical review is the evaluation of results, evidence, controls and consistency before approval or report issuance.","index, follow","","not-applicable","","200","AquaVerify","","","","","","standard-resource-review"
"glossary-term-120","Guía técnica","es","/es/glosario/revision-tecnica","revision-tecnica","https://aquaverify.com/es/glosario/revision-tecnica","x-default=https://aquaverify.com/en/glossary/technical-review; en=https://aquaverify.com/en/glossary/technical-review; es=https://aquaverify.com/es/glosario/revision-tecnica; fr=https://aquaverify.com/fr/glossaire/revue-technique; it=https://aquaverify.com/it/glossario/revisione-tecnica; ca=https://aquaverify.com/ca/glossari/revisio-tecnica","Revisión técnica | Glosario AquaVerify","Revisión técnica","Evaluación de resultados, evidencias, controles y coherencia antes de aprobación o emisión de informe.","index, follow","","not-applicable","","200","AquaVerify","","","","","","standard-resource-review"
"glossary-term-120","Guide technique","fr","/fr/glossaire/revue-technique","revue-technique","https://aquaverify.com/fr/glossaire/revue-technique","x-default=https://aquaverify.com/en/glossary/technical-review; en=https://aquaverify.com/en/glossary/technical-review; es=https://aquaverify.com/es/glosario/revision-tecnica; fr=https://aquaverify.com/fr/glossaire/revue-technique; it=https://aquaverify.com/it/glossario/revisione-tecnica; ca=https://aquaverify.com/ca/glossari/revisio-tecnica","Revue technique | Glossaire AquaVerify","Revue technique","La revue technique est l’évaluation des résultats, preuves, contrôles et cohérence avant approbation ou émission du rapport.","index, follow","","not-applicable","","200","AquaVerify","","","","","","standard-resource-review"
"glossary-term-120","Guida tecnica","it","/it/glossario/revisione-tecnica","revisione-tecnica","https://aquaverify.com/it/glossario/revisione-tecnica","x-default=https://aquaverify.com/en/glossary/technical-review; en=https://aquaverify.com/en/glossary/technical-review; es=https://aquaverify.com/es/glosario/revision-tecnica; fr=https://aquaverify.com/fr/glossaire/revue-technique; it=https://aquaverify.com/it/glossario/revisione-tecnica; ca=https://aquaverify.com/ca/glossari/revisio-tecnica","Revisione tecnica | Glossario AquaVerify","Revisione tecnica","La revisione tecnica valuta risultati, evidenze, controlli e coerenza prima dell’approvazione o emissione del report.","index, follow","","not-applicable","","200","AquaVerify","","","","","","standard-resource-review"
"glossary-term-120","Guia tècnica","ca","/ca/glossari/revisio-tecnica","revisio-tecnica","https://aquaverify.com/ca/glossari/revisio-tecnica","x-default=https://aquaverify.com/en/glossary/technical-review; en=https://aquaverify.com/en/glossary/technical-review; es=https://aquaverify.com/es/glosario/revision-tecnica; fr=https://aquaverify.com/fr/glossaire/revue-technique; it=https://aquaverify.com/it/glossario/revisione-tecnica; ca=https://aquaverify.com/ca/glossari/revisio-tecnica","Revisió tècnica | Glossari AquaVerify","Revisió tècnica","La revisió tècnica és l’avaluació de resultats, evidències, controls i coherència abans de l’aprovació o emissió de l’informe.","index, follow","","not-applicable","","200","AquaVerify","","","","","","standard-resource-review"
"glossary-term-121","Technical guide","en","/en/glossary/sop","sop","https://aquaverify.com/en/glossary/sop","x-default=https://aquaverify.com/en/glossary/sop; en=https://aquaverify.com/en/glossary/sop; es=https://aquaverify.com/es/glosario/sop; fr=https://aquaverify.com/fr/glossaire/sop; it=https://aquaverify.com/it/glossario/sop; ca=https://aquaverify.com/ca/glossari/sop","SOP | Glossary AquaVerify","SOP","An SOP is a standard operating procedure that describes how to perform an activity in a controlled and repeatable way.","index, follow","","not-applicable","","200","AquaVerify","","","","","","standard-resource-review"
"glossary-term-121","Guía técnica","es","/es/glosario/sop","sop","https://aquaverify.com/es/glosario/sop","x-default=https://aquaverify.com/en/glossary/sop; en=https://aquaverify.com/en/glossary/sop; es=https://aquaverify.com/es/glosario/sop; fr=https://aquaverify.com/fr/glossaire/sop; it=https://aquaverify.com/it/glossario/sop; ca=https://aquaverify.com/ca/glossari/sop","SOP | Glosario AquaVerify","SOP","Procedimiento operativo estándar que describe cómo ejecutar una actividad de forma controlada y repetible.","index, follow","","not-applicable","","200","AquaVerify","","","","","","standard-resource-review"
"glossary-term-121","Guide technique","fr","/fr/glossaire/sop","sop","https://aquaverify.com/fr/glossaire/sop","x-default=https://aquaverify.com/en/glossary/sop; en=https://aquaverify.com/en/glossary/sop; es=https://aquaverify.com/es/glosario/sop; fr=https://aquaverify.com/fr/glossaire/sop; it=https://aquaverify.com/it/glossario/sop; ca=https://aquaverify.com/ca/glossari/sop","SOP | Glossaire AquaVerify","SOP","Un SOP est une procédure opératoire standard décrivant comment exécuter une activité de manière contrôlée et répétable.","index, follow","","not-applicable","","200","AquaVerify","","","","","","standard-resource-review"
"glossary-term-121","Guida tecnica","it","/it/glossario/sop","sop","https://aquaverify.com/it/glossario/sop","x-default=https://aquaverify.com/en/glossary/sop; en=https://aquaverify.com/en/glossary/sop; es=https://aquaverify.com/es/glosario/sop; fr=https://aquaverify.com/fr/glossaire/sop; it=https://aquaverify.com/it/glossario/sop; ca=https://aquaverify.com/ca/glossari/sop","SOP | Glossario AquaVerify","SOP","Una SOP è una procedura operativa standard che descrive come eseguire un’attività in modo controllato e ripetibile.","index, follow","","not-applicable","","200","AquaVerify","","","","","","standard-resource-review"
"glossary-term-121","Guia tècnica","ca","/ca/glossari/sop","sop","https://aquaverify.com/ca/glossari/sop","x-default=https://aquaverify.com/en/glossary/sop; en=https://aquaverify.com/en/glossary/sop; es=https://aquaverify.com/es/glosario/sop; fr=https://aquaverify.com/fr/glossaire/sop; it=https://aquaverify.com/it/glossario/sop; ca=https://aquaverify.com/ca/glossari/sop","SOP | Glossari AquaVerify","SOP","Un SOP és un procediment operatiu estàndard que descriu com executar una activitat de forma controlada i repetible.","index, follow","","not-applicable","","200","AquaVerify","","","","","","standard-resource-review"
"glossary-term-123","Technical guide","en","/en/glossary/method-validation","method-validation","https://aquaverify.com/en/glossary/method-validation","x-default=https://aquaverify.com/en/glossary/method-validation; en=https://aquaverify.com/en/glossary/method-validation; es=https://aquaverify.com/es/glosario/validacion-de-metodo; fr=https://aquaverify.com/fr/glossaire/validation-de-methode; it=https://aquaverify.com/it/glossario/validazione-del-metodo; ca=https://aquaverify.com/ca/glossari/validacio-de-metode","Method validation | Glossary AquaVerify","Method validation","Method validation is the formal process used to demonstrate that a method is suitable for its intended use under defined conditions.","index, follow","","not-applicable","","200","AquaVerify","","","","","","standard-resource-review"
"glossary-term-123","Guía técnica","es","/es/glosario/validacion-de-metodo","validacion-de-metodo","https://aquaverify.com/es/glosario/validacion-de-metodo","x-default=https://aquaverify.com/en/glossary/method-validation; en=https://aquaverify.com/en/glossary/method-validation; es=https://aquaverify.com/es/glosario/validacion-de-metodo; fr=https://aquaverify.com/fr/glossaire/validation-de-methode; it=https://aquaverify.com/it/glossario/validazione-del-metodo; ca=https://aquaverify.com/ca/glossari/validacio-de-metode","Validación de método | Glosario AquaVerify","Validación de método","Proceso formal para demostrar que un método es adecuado para el uso previsto bajo condiciones definidas.","index, follow","","not-applicable","","200","AquaVerify","","","","","","standard-resource-review"
"glossary-term-123","Guide technique","fr","/fr/glossaire/validation-de-methode","validation-de-methode","https://aquaverify.com/fr/glossaire/validation-de-methode","x-default=https://aquaverify.com/en/glossary/method-validation; en=https://aquaverify.com/en/glossary/method-validation; es=https://aquaverify.com/es/glosario/validacion-de-metodo; fr=https://aquaverify.com/fr/glossaire/validation-de-methode; it=https://aquaverify.com/it/glossario/validazione-del-metodo; ca=https://aquaverify.com/ca/glossari/validacio-de-metode","Validation de méthode | Glossaire AquaVerify","Validation de méthode","La validation de méthode est le processus formel visant à démontrer qu’une méthode est adaptée à l’usage prévu dans des conditions définies.","index, follow","","not-applicable","","200","AquaVerify","","","","","","standard-resource-review"
"glossary-term-123","Guida tecnica","it","/it/glossario/validazione-del-metodo","validazione-del-metodo","https://aquaverify.com/it/glossario/validazione-del-metodo","x-default=https://aquaverify.com/en/glossary/method-validation; en=https://aquaverify.com/en/glossary/method-validation; es=https://aquaverify.com/es/glosario/validacion-de-metodo; fr=https://aquaverify.com/fr/glossaire/validation-de-methode; it=https://aquaverify.com/it/glossario/validazione-del-metodo; ca=https://aquaverify.com/ca/glossari/validacio-de-metode","Validazione del metodo | Glossario AquaVerify","Validazione del metodo","La validazione del metodo è il processo formale per dimostrare che un metodo è adatto all’uso previsto in condizioni definite.","index, follow","","not-applicable","","200","AquaVerify","","","","","","standard-resource-review"
"glossary-term-123","Guia tècnica","ca","/ca/glossari/validacio-de-metode","validacio-de-metode","https://aquaverify.com/ca/glossari/validacio-de-metode","x-default=https://aquaverify.com/en/glossary/method-validation; en=https://aquaverify.com/en/glossary/method-validation; es=https://aquaverify.com/es/glosario/validacion-de-metodo; fr=https://aquaverify.com/fr/glossaire/validation-de-methode; it=https://aquaverify.com/it/glossario/validazione-del-metodo; ca=https://aquaverify.com/ca/glossari/validacio-de-metode","Validació de mètode | Glossari AquaVerify","Validació de mètode","La validació de mètode és el procés formal per demostrar que un mètode és adequat per a l’ús previst en condicions definides.","index, follow","","not-applicable","","200","AquaVerify","","","","","","standard-resource-review"
"glossary-term-124","Technical guide","en","/en/glossary/method-verification","method-verification","https://aquaverify.com/en/glossary/method-verification","x-default=https://aquaverify.com/en/glossary/method-verification; en=https://aquaverify.com/en/glossary/method-verification; es=https://aquaverify.com/es/glosario/verificacion-de-metodo; fr=https://aquaverify.com/fr/glossaire/verification-de-methode; it=https://aquaverify.com/it/glossario/verifica-del-metodo; ca=https://aquaverify.com/ca/glossari/verificacio-de-metode","Method verification | Glossary AquaVerify","Method verification","Method verification confirms that a laboratory can properly perform an established method in its own environment, scope and matrices.","index, follow","","not-applicable","","200","AquaVerify","","","","","","standard-resource-review"
"glossary-term-124","Guía técnica","es","/es/glosario/verificacion-de-metodo","verificacion-de-metodo","https://aquaverify.com/es/glosario/verificacion-de-metodo","x-default=https://aquaverify.com/en/glossary/method-verification; en=https://aquaverify.com/en/glossary/method-verification; es=https://aquaverify.com/es/glosario/verificacion-de-metodo; fr=https://aquaverify.com/fr/glossaire/verification-de-methode; it=https://aquaverify.com/it/glossario/verifica-del-metodo; ca=https://aquaverify.com/ca/glossari/verificacio-de-metode","Verificación de método | Glosario AquaVerify","Verificación de método","Confirmación de que un laboratorio puede ejecutar un método establecido de forma adecuada en su entorno, alcance y matrices.","index, follow","","not-applicable","","200","AquaVerify","","","","","","standard-resource-review"
"glossary-term-124","Guide technique","fr","/fr/glossaire/verification-de-methode","verification-de-methode","https://aquaverify.com/fr/glossaire/verification-de-methode","x-default=https://aquaverify.com/en/glossary/method-verification; en=https://aquaverify.com/en/glossary/method-verification; es=https://aquaverify.com/es/glosario/verificacion-de-metodo; fr=https://aquaverify.com/fr/glossaire/verification-de-methode; it=https://aquaverify.com/it/glossario/verifica-del-metodo; ca=https://aquaverify.com/ca/glossari/verificacio-de-metode","Vérification de méthode | Glossaire AquaVerify","Vérification de méthode","La vérification de méthode confirme qu’un laboratoire peut exécuter correctement une méthode établie dans son environnement, son champ et ses matrices.","index, follow","","not-applicable","","200","AquaVerify","","","","","","standard-resource-review"
"glossary-term-124","Guida tecnica","it","/it/glossario/verifica-del-metodo","verifica-del-metodo","https://aquaverify.com/it/glossario/verifica-del-metodo","x-default=https://aquaverify.com/en/glossary/method-verification; en=https://aquaverify.com/en/glossary/method-verification; es=https://aquaverify.com/es/glosario/verificacion-de-metodo; fr=https://aquaverify.com/fr/glossaire/verification-de-methode; it=https://aquaverify.com/it/glossario/verifica-del-metodo; ca=https://aquaverify.com/ca/glossari/verificacio-de-metode","Verifica del metodo | Glossario AquaVerify","Verifica del metodo","La verifica del metodo conferma che un laboratorio può eseguire correttamente un metodo stabilito nel proprio ambiente, campo e matrici.","index, follow","","not-applicable","","200","AquaVerify","","","","","","standard-resource-review"
"glossary-term-124","Guia tècnica","ca","/ca/glossari/verificacio-de-metode","verificacio-de-metode","https://aquaverify.com/ca/glossari/verificacio-de-metode","x-default=https://aquaverify.com/en/glossary/method-verification; en=https://aquaverify.com/en/glossary/method-verification; es=https://aquaverify.com/es/glosario/verificacion-de-metodo; fr=https://aquaverify.com/fr/glossaire/verification-de-methode; it=https://aquaverify.com/it/glossario/verifica-del-metodo; ca=https://aquaverify.com/ca/glossari/verificacio-de-metode","Verificació de mètode | Glossari AquaVerify","Verificació de mètode","La verificació de mètode confirma que un laboratori pot executar adequadament un mètode establert en el seu entorn, abast i matrius.","index, follow","","not-applicable","","200","AquaVerify","","","","","","standard-resource-review"
"glossary-term-126","Technical guide","en","/en/glossary/authorized-distributor","authorized-distributor","https://aquaverify.com/en/glossary/authorized-distributor","x-default=https://aquaverify.com/en/glossary/authorized-distributor; en=https://aquaverify.com/en/glossary/authorized-distributor; es=https://aquaverify.com/es/glosario/distribuidor-autorizado; fr=https://aquaverify.com/fr/glossaire/distributeur-autorise; it=https://aquaverify.com/it/glossario/distributore-autorizzato; ca=https://aquaverify.com/ca/glossari/distribuidor-autoritzat","Authorized distributor | Glossary AquaVerify","Authorized distributor","An authorized distributor is an approved commercial partner that sells AquaVerify products, provides local support, facilitates inventory and channels opportunities in its territory.","index, follow","","not-applicable","","200","AquaVerify","","","","","","standard-resource-review"
"glossary-term-126","Guía técnica","es","/es/glosario/distribuidor-autorizado","distribuidor-autorizado","https://aquaverify.com/es/glosario/distribuidor-autorizado","x-default=https://aquaverify.com/en/glossary/authorized-distributor; en=https://aquaverify.com/en/glossary/authorized-distributor; es=https://aquaverify.com/es/glosario/distribuidor-autorizado; fr=https://aquaverify.com/fr/glossaire/distributeur-autorise; it=https://aquaverify.com/it/glossario/distributore-autorizzato; ca=https://aquaverify.com/ca/glossari/distribuidor-autoritzat","Distribuidor autorizado | Glosario AquaVerify","Distribuidor autorizado","Partner comercial aprobado para vender productos AquaVerify, ofrecer soporte local, facilitar inventario y canalizar oportunidades en su territorio.","index, follow","","not-applicable","","200","AquaVerify","","","","","","standard-resource-review"
"glossary-term-126","Guide technique","fr","/fr/glossaire/distributeur-autorise","distributeur-autorise","https://aquaverify.com/fr/glossaire/distributeur-autorise","x-default=https://aquaverify.com/en/glossary/authorized-distributor; en=https://aquaverify.com/en/glossary/authorized-distributor; es=https://aquaverify.com/es/glosario/distribuidor-autorizado; fr=https://aquaverify.com/fr/glossaire/distributeur-autorise; it=https://aquaverify.com/it/glossario/distributore-autorizzato; ca=https://aquaverify.com/ca/glossari/distribuidor-autoritzat","Distributeur autorisé | Glossaire AquaVerify","Distributeur autorisé","Un distributeur autorisé est un partenaire commercial approuvé pour vendre les produits AquaVerify, offrir un support local, faciliter l’inventaire et canaliser les opportunités sur son territoire.","index, follow","","not-applicable","","200","AquaVerify","","","","","","standard-resource-review"
"glossary-term-126","Guida tecnica","it","/it/glossario/distributore-autorizzato","distributore-autorizzato","https://aquaverify.com/it/glossario/distributore-autorizzato","x-default=https://aquaverify.com/en/glossary/authorized-distributor; en=https://aquaverify.com/en/glossary/authorized-distributor; es=https://aquaverify.com/es/glosario/distribuidor-autorizado; fr=https://aquaverify.com/fr/glossaire/distributeur-autorise; it=https://aquaverify.com/it/glossario/distributore-autorizzato; ca=https://aquaverify.com/ca/glossari/distribuidor-autoritzat","Distributore autorizzato | Glossario AquaVerify","Distributore autorizzato","Un distributore autorizzato è un partner commerciale approvato per vendere prodotti AquaVerify, offrire supporto locale, facilitare inventario e canalizzare opportunità nel territorio.","index, follow","","not-applicable","","200","AquaVerify","","","","","","standard-resource-review"
"glossary-term-126","Guia tècnica","ca","/ca/glossari/distribuidor-autoritzat","distribuidor-autoritzat","https://aquaverify.com/ca/glossari/distribuidor-autoritzat","x-default=https://aquaverify.com/en/glossary/authorized-distributor; en=https://aquaverify.com/en/glossary/authorized-distributor; es=https://aquaverify.com/es/glosario/distribuidor-autorizado; fr=https://aquaverify.com/fr/glossaire/distributeur-autorise; it=https://aquaverify.com/it/glossario/distributore-autorizzato; ca=https://aquaverify.com/ca/glossari/distribuidor-autoritzat","Distribuïdor autoritzat | Glossari AquaVerify","Distribuïdor autoritzat","Un distribuïdor autoritzat és un partner comercial aprovat per vendre productes AquaVerify, oferir suport local, facilitar inventari i canalitzar oportunitats al seu territori.","index, follow","","not-applicable","","200","AquaVerify","","","","","","standard-resource-review"
"glossary-term-129","Technical guide","en","/en/glossary/white-label","white-label","https://aquaverify.com/en/glossary/white-label","x-default=https://aquaverify.com/en/glossary/white-label; en=https://aquaverify.com/en/glossary/white-label; es=https://aquaverify.com/es/glosario/marca-blanca; fr=https://aquaverify.com/fr/glossaire/marque-blanche; it=https://aquaverify.com/it/glossario/white-label; ca=https://aquaverify.com/ca/glossari/marca-blanca","White label | Glossary AquaVerify","White label","White label is a commercial model in which a product or solution is presented under the partner’s brand, with defined scope, documentation and responsibilities.","index, follow","","not-applicable","","200","AquaVerify","","","","","","standard-resource-review"
"glossary-term-129","Guía técnica","es","/es/glosario/marca-blanca","marca-blanca","https://aquaverify.com/es/glosario/marca-blanca","x-default=https://aquaverify.com/en/glossary/white-label; en=https://aquaverify.com/en/glossary/white-label; es=https://aquaverify.com/es/glosario/marca-blanca; fr=https://aquaverify.com/fr/glossaire/marque-blanche; it=https://aquaverify.com/it/glossario/white-label; ca=https://aquaverify.com/ca/glossari/marca-blanca","Marca blanca | Glosario AquaVerify","Marca blanca","Modelo comercial en el que un producto o solución se presenta bajo la marca del partner, con alcance, documentación y responsabilidades definidas.","index, follow","","not-applicable","","200","AquaVerify","","","","","","standard-resource-review"
"glossary-term-129","Guide technique","fr","/fr/glossaire/marque-blanche","marque-blanche","https://aquaverify.com/fr/glossaire/marque-blanche","x-default=https://aquaverify.com/en/glossary/white-label; en=https://aquaverify.com/en/glossary/white-label; es=https://aquaverify.com/es/glosario/marca-blanca; fr=https://aquaverify.com/fr/glossaire/marque-blanche; it=https://aquaverify.com/it/glossario/white-label; ca=https://aquaverify.com/ca/glossari/marca-blanca","Marque blanche | Glossaire AquaVerify","Marque blanche","La marque blanche est un modèle commercial dans lequel un produit ou une solution est présenté sous la marque du partenaire, avec périmètre, documentation et responsabilités définis.","index, follow","","not-applicable","","200","AquaVerify","","","","","","standard-resource-review"
"glossary-term-129","Guida tecnica","it","/it/glossario/white-label","white-label","https://aquaverify.com/it/glossario/white-label","x-default=https://aquaverify.com/en/glossary/white-label; en=https://aquaverify.com/en/glossary/white-label; es=https://aquaverify.com/es/glosario/marca-blanca; fr=https://aquaverify.com/fr/glossaire/marque-blanche; it=https://aquaverify.com/it/glossario/white-label; ca=https://aquaverify.com/ca/glossari/marca-blanca","White label | Glossario AquaVerify","White label","White label è un modello commerciale in cui un prodotto o soluzione è presentato con il marchio del partner, con ambito, documentazione e responsabilità definiti.","index, follow","","not-applicable","","200","AquaVerify","","","","","","standard-resource-review"
"glossary-term-129","Guia tècnica","ca","/ca/glossari/marca-blanca","marca-blanca","https://aquaverify.com/ca/glossari/marca-blanca","x-default=https://aquaverify.com/en/glossary/white-label; en=https://aquaverify.com/en/glossary/white-label; es=https://aquaverify.com/es/glosario/marca-blanca; fr=https://aquaverify.com/fr/glossaire/marque-blanche; it=https://aquaverify.com/it/glossario/white-label; ca=https://aquaverify.com/ca/glossari/marca-blanca","Marca blanca | Glossari AquaVerify","Marca blanca","La marca blanca és un model comercial en què un producte o solució es presenta sota la marca del partner, amb abast, documentació i responsabilitats definides.","index, follow","","not-applicable","","200","AquaVerify","","","","","","standard-resource-review"
"glossary-term-130","Technical guide","en","/en/glossary/oem","oem","https://aquaverify.com/en/glossary/oem","x-default=https://aquaverify.com/en/glossary/oem; en=https://aquaverify.com/en/glossary/oem; es=https://aquaverify.com/es/glosario/oem; fr=https://aquaverify.com/fr/glossaire/oem; it=https://aquaverify.com/it/glossario/oem; ca=https://aquaverify.com/ca/glossari/oem","OEM | Glossary AquaVerify","OEM","OEM is a model in which a product, kit or solution is offered under adapted conditions for a partner, manufacturer, integrator or own-brand program.","index, follow","","not-applicable","","200","AquaVerify","","","","","","standard-resource-review"
"glossary-term-130","Guía técnica","es","/es/glosario/oem","oem","https://aquaverify.com/es/glosario/oem","x-default=https://aquaverify.com/en/glossary/oem; en=https://aquaverify.com/en/glossary/oem; es=https://aquaverify.com/es/glosario/oem; fr=https://aquaverify.com/fr/glossaire/oem; it=https://aquaverify.com/it/glossario/oem; ca=https://aquaverify.com/ca/glossari/oem","OEM | Glosario AquaVerify","OEM","Modelo donde un producto, kit o solución se ofrece bajo condiciones adaptadas para un partner, fabricante, integrador o marca propia.","index, follow","","not-applicable","","200","AquaVerify","","","","","","standard-resource-review"
"glossary-term-130","Guide technique","fr","/fr/glossaire/oem","oem","https://aquaverify.com/fr/glossaire/oem","x-default=https://aquaverify.com/en/glossary/oem; en=https://aquaverify.com/en/glossary/oem; es=https://aquaverify.com/es/glosario/oem; fr=https://aquaverify.com/fr/glossaire/oem; it=https://aquaverify.com/it/glossario/oem; ca=https://aquaverify.com/ca/glossari/oem","OEM | Glossaire AquaVerify","OEM","L’OEM est un modèle dans lequel un produit, kit ou solution est proposé sous conditions adaptées pour un partenaire, fabricant, intégrateur ou programme de marque propre.","index, follow","","not-applicable","","200","AquaVerify","","","","","","standard-resource-review"
"glossary-term-130","Guida tecnica","it","/it/glossario/oem","oem","https://aquaverify.com/it/glossario/oem","x-default=https://aquaverify.com/en/glossary/oem; en=https://aquaverify.com/en/glossary/oem; es=https://aquaverify.com/es/glosario/oem; fr=https://aquaverify.com/fr/glossaire/oem; it=https://aquaverify.com/it/glossario/oem; ca=https://aquaverify.com/ca/glossari/oem","OEM | Glossario AquaVerify","OEM","OEM è un modello in cui un prodotto, kit o soluzione viene offerto con condizioni adattate per un partner, produttore, integratore o programma a marchio proprio.","index, follow","","not-applicable","","200","AquaVerify","","","","","","standard-resource-review"
"glossary-term-130","Guia tècnica","ca","/ca/glossari/oem","oem","https://aquaverify.com/ca/glossari/oem","x-default=https://aquaverify.com/en/glossary/oem; en=https://aquaverify.com/en/glossary/oem; es=https://aquaverify.com/es/glosario/oem; fr=https://aquaverify.com/fr/glossaire/oem; it=https://aquaverify.com/it/glossario/oem; ca=https://aquaverify.com/ca/glossari/oem","OEM | Glossari AquaVerify","OEM","OEM és un model en què un producte, kit o solució s’ofereix sota condicions adaptades per a un partner, fabricant, integrador o programa de marca pròpia.","index, follow","","not-applicable","","200","AquaVerify","","","","","","standard-resource-review"
"checklist:coliphages","Operational checklist","en","/resources/checklists/coliphage-analytical-program-checklist.pdf","coliphage-analytical-program-checklist.pdf","https://aquaverify.com/resources/checklists/coliphage-analytical-program-checklist.pdf","","Checklist for adding coliphages to an analytical program | AquaVerify","Checklist for adding coliphages to an analytical program","Questions on monitoring objective, matrix, volume, host strain, controls, PFU results and reporting.","file, linked from resources hub","/resources/checklists/coliphage-analytical-program-checklist.pdf","exists","en","200","AquaVerify","","","","Generated from AquaVerify checklist content","","generated-operational-checklist"
"checklist:directive","Operational checklist","en","/resources/checklists/eu-drinking-water-directive-checklist.pdf","eu-drinking-water-directive-checklist.pdf","https://aquaverify.com/resources/checklists/eu-drinking-water-directive-checklist.pdf","","EU Directive / RD 3/2023 checklist | AquaVerify","EU Directive / RD 3/2023 checklist","Preparation guide for sampling points, risk assessment, somatic coliphages, records and evidence.","file, linked from resources hub","/resources/checklists/eu-drinking-water-directive-checklist.pdf","exists","en","200","AquaVerify","","","","Generated from AquaVerify checklist content","","generated-operational-checklist"
"checklist:lims","Operational checklist","en","/resources/checklists/lims-audit-evidence-checklist.pdf","lims-audit-evidence-checklist.pdf","https://aquaverify.com/resources/checklists/lims-audit-evidence-checklist.pdf","","LIMS, CoA and audit trail checklist | AquaVerify","LIMS, CoA and audit trail checklist","Evaluate whether the current workflow captures sample, method, batch, operator, review, report and customer portal.","file, linked from resources hub","/resources/checklists/lims-audit-evidence-checklist.pdf","exists","en","200","AquaVerify","","","","Generated from AquaVerify checklist content","","generated-operational-checklist"
"checklist:partner","Operational checklist","en","/resources/checklists/oem-distributor-readiness-checklist.pdf","oem-distributor-readiness-checklist.pdf","https://aquaverify.com/resources/checklists/oem-distributor-readiness-checklist.pdf","","Distributor and OEM checklist | AquaVerify","Distributor and OEM checklist","Assess territory, technical support, inventory, packaging, co-branding and white label readiness.","file, linked from resources hub","/resources/checklists/oem-distributor-readiness-checklist.pdf","exists","en","200","AquaVerify","","","","Generated from AquaVerify checklist content","","generated-operational-checklist"
"checklist:product_selection","Operational checklist","en","/resources/checklists/checklist-choose-aquaverify-product-water-microbiology.pdf","checklist-choose-aquaverify-product-water-microbiology.pdf","https://aquaverify.com/resources/checklists/checklist-choose-aquaverify-product-water-microbiology.pdf","","Product selection checklist | AquaVerify","Product selection checklist","Prepare a product recommendation conversation around matrix, decision type, volume and traceability.","file, linked from resources hub","/resources/checklists/checklist-choose-aquaverify-product-water-microbiology.pdf","exists","en","200","AquaVerify","","","","Generated from AquaVerify checklist content","","generated-operational-checklist"
"checklist:rd_3_2023_coliphages","Operational checklist","en","/resources/checklists/checklist-rd-3-2023-somatic-coliphages-water-operators.pdf","checklist-rd-3-2023-somatic-coliphages-water-operators.pdf","https://aquaverify.com/resources/checklists/checklist-rd-3-2023-somatic-coliphages-water-operators.pdf","","RD 3/2023 somatic coliphage checklist | AquaVerify","RD 3/2023 somatic coliphage checklist","Organize sampling points, raw-water context, method readiness and reporting evidence.","file, linked from resources hub","/resources/checklists/checklist-rd-3-2023-somatic-coliphages-water-operators.pdf","exists","en","200","AquaVerify","","","","Generated from AquaVerify checklist content","","generated-operational-checklist"
"checklist:iso_17025_labs","Operational checklist","en","/resources/checklists/checklist-iso-17025-water-laboratories-chain-of-custody-coa.pdf","checklist-iso-17025-water-laboratories-chain-of-custody-coa.pdf","https://aquaverify.com/resources/checklists/checklist-iso-17025-water-laboratories-chain-of-custody-coa.pdf","","ISO/IEC 17025 laboratory evidence checklist | AquaVerify","ISO/IEC 17025 laboratory evidence checklist","Review chain of custody, CoA, audit trail, permissions and technical approval flow.","file, linked from resources hub","/resources/checklists/checklist-iso-17025-water-laboratories-chain-of-custody-coa.pdf","exists","en","200","AquaVerify","","","","Generated from AquaVerify checklist content","","generated-operational-checklist"
"checklist:water_safety_plans","Operational checklist","en","/resources/checklists/checklist-water-safety-plans-traceable-control-program.pdf","checklist-water-safety-plans-traceable-control-program.pdf","https://aquaverify.com/resources/checklists/checklist-water-safety-plans-traceable-control-program.pdf","","Water Safety Plan traceability checklist | AquaVerify","Water Safety Plan traceability checklist","Turn hazards, control points, monitoring and corrective actions into reviewable evidence.","file, linked from resources hub","/resources/checklists/checklist-water-safety-plans-traceable-control-program.pdf","exists","en","200","AquaVerify","","","","Generated from AquaVerify checklist content","","generated-operational-checklist"
"checklist:food_beverage_water","Operational checklist","en","/resources/checklists/checklist-food-beverage-water-microbiological-control-cip-audit.pdf","checklist-food-beverage-water-microbiological-control-cip-audit.pdf","https://aquaverify.com/resources/checklists/checklist-food-beverage-water-microbiological-control-cip-audit.pdf","","Food and beverage water checklist | AquaVerify","Food and beverage water checklist","Connect process water, CIP, batch context, microbiology results and audit evidence.","file, linked from resources hub","/resources/checklists/checklist-food-beverage-water-microbiological-control-cip-audit.pdf","exists","en","200","AquaVerify","","","","Generated from AquaVerify checklist content","","generated-operational-checklist"
"checklist:legionella_facilities","Operational checklist","en","/resources/checklists/checklist-legionella-water-risk-management-facilities.pdf","checklist-legionella-water-risk-management-facilities.pdf","https://aquaverify.com/resources/checklists/checklist-legionella-water-risk-management-facilities.pdf","","Facility water risk checklist | AquaVerify","Facility water risk checklist","Prepare recurring control around Legionella-oriented risk, terminal points, actions and suppliers.","file, linked from resources hub","/resources/checklists/checklist-legionella-water-risk-management-facilities.pdf","exists","en","200","AquaVerify","","","","Generated from AquaVerify checklist content","","generated-operational-checklist"
"checklist:iso_19458_sampling","Operational checklist","en","/resources/checklists/checklist-iso-19458-water-microbiological-sampling.pdf","checklist-iso-19458-water-microbiological-sampling.pdf","https://aquaverify.com/resources/checklists/checklist-iso-19458-water-microbiological-sampling.pdf","","ISO 19458 microbiological sampling checklist | AquaVerify","ISO 19458 microbiological sampling checklist","Prepare sampling objectives, points, containers, preservation, transport and chain-of-custody records.","file, linked from resources hub","/resources/checklists/checklist-iso-19458-water-microbiological-sampling.pdf","exists","en","200","AquaVerify","","","","Generated from AquaVerify checklist content","","generated-operational-checklist"
"checklist:excel_to_lims","Operational checklist","en","/resources/checklists/checklist-excel-to-lims-water-analysis.pdf","checklist-excel-to-lims-water-analysis.pdf","https://aquaverify.com/resources/checklists/checklist-excel-to-lims-water-analysis.pdf","","Excel to LIMS migration checklist | AquaVerify","Excel to LIMS migration checklist","Map samples, methods, results, reviews, CoA, portal and inventory before moving to a connected workflow.","file, linked from resources hub","/resources/checklists/checklist-excel-to-lims-water-analysis.pdf","exists","en","200","AquaVerify","","","","Generated from AquaVerify checklist content","","generated-operational-checklist"
"checklist:oem_white_label","Operational checklist","en","/resources/checklists/checklist-oem-white-label-water-testing-kits.pdf","checklist-oem-white-label-water-testing-kits.pdf","https://aquaverify.com/resources/checklists/checklist-oem-white-label-water-testing-kits.pdf","","OEM and white label readiness checklist | AquaVerify","OEM and white label readiness checklist","Evaluate territory, packaging, documentation, training, support, software and partner launch readiness.","file, linked from resources hub","/resources/checklists/checklist-oem-white-label-water-testing-kits.pdf","exists","en","200","AquaVerify","","","","Generated from AquaVerify checklist content","","generated-operational-checklist"
"checklist:coliphages","Checklist operativo","es","/es/recursos/checklists/checklist-colifagos-programa-analitico.pdf","checklist-colifagos-programa-analitico.pdf","https://aquaverify.com/es/recursos/checklists/checklist-colifagos-programa-analitico.pdf","","Checklist para añadir colífagos a un programa analítico | AquaVerify","Checklist para añadir colífagos a un programa analítico","Preguntas sobre objetivo de monitorización, matriz, volumen, cepa huésped, controles, resultados UFP y reporting.","file, linked from resources hub","/es/recursos/checklists/checklist-colifagos-programa-analitico.pdf","exists","es","200","AquaVerify","","","","Generated from AquaVerify checklist content","","generated-operational-checklist"
"checklist:directive","Checklist operativo","es","/es/recursos/checklists/checklist-rd-3-2023-directiva-ue.pdf","checklist-rd-3-2023-directiva-ue.pdf","https://aquaverify.com/es/recursos/checklists/checklist-rd-3-2023-directiva-ue.pdf","","Checklist Directiva UE / RD 3/2023 | AquaVerify","Checklist Directiva UE / RD 3/2023","Guía de preparación para puntos de muestreo, evaluación de riesgo, colífagos somáticos, registros y evidencias.","file, linked from resources hub","/es/recursos/checklists/checklist-rd-3-2023-directiva-ue.pdf","exists","es","200","AquaVerify","","","","Generated from AquaVerify checklist content","","generated-operational-checklist"
"checklist:lims","Checklist operativo","es","/es/recursos/checklists/checklist-lims-evidencia-auditoria.pdf","checklist-lims-evidencia-auditoria.pdf","https://aquaverify.com/es/recursos/checklists/checklist-lims-evidencia-auditoria.pdf","","Checklist LIMS, CoA y audit trail | AquaVerify","Checklist LIMS, CoA y audit trail","Lista para evaluar si el flujo actual captura muestra, método, lote, operador, revisión, informe y portal cliente.","file, linked from resources hub","/es/recursos/checklists/checklist-lims-evidencia-auditoria.pdf","exists","es","200","AquaVerify","","","","Generated from AquaVerify checklist content","","generated-operational-checklist"
"checklist:partner","Checklist operativo","es","/es/recursos/checklists/checklist-oem-distribuidores.pdf","checklist-oem-distribuidores.pdf","https://aquaverify.com/es/recursos/checklists/checklist-oem-distribuidores.pdf","","Checklist distribuidor y OEM | AquaVerify","Checklist distribuidor y OEM","Documento para evaluar territorio, soporte técnico, inventario, packaging, co-branding y marca blanca.","file, linked from resources hub","/es/recursos/checklists/checklist-oem-distribuidores.pdf","exists","es","200","AquaVerify","","","","Generated from AquaVerify checklist content","","generated-operational-checklist"
"checklist:product_selection","Checklist operativo","es","/es/recursos/checklists/checklist-seleccion-producto-aquaverify.pdf","checklist-seleccion-producto-aquaverify.pdf","https://aquaverify.com/es/recursos/checklists/checklist-seleccion-producto-aquaverify.pdf","","Checklist de selección de producto | AquaVerify","Checklist de selección de producto","Prepara una recomendación de producto según matriz, tipo de decisión, volumen y trazabilidad.","file, linked from resources hub","/es/recursos/checklists/checklist-seleccion-producto-aquaverify.pdf","exists","es","200","AquaVerify","","","","Generated from AquaVerify checklist content","","generated-operational-checklist"
"checklist:rd_3_2023_coliphages","Checklist operativo","es","/es/recursos/checklists/checklist-rd-3-2023-colifagos-somaticos.pdf","checklist-rd-3-2023-colifagos-somaticos.pdf","https://aquaverify.com/es/recursos/checklists/checklist-rd-3-2023-colifagos-somaticos.pdf","","Checklist RD 3/2023 y colífagos somáticos | AquaVerify","Checklist RD 3/2023 y colífagos somáticos","Ordena puntos de muestreo, contexto de agua bruta, preparación metodológica y evidencia de reporting.","file, linked from resources hub","/es/recursos/checklists/checklist-rd-3-2023-colifagos-somaticos.pdf","exists","es","200","AquaVerify","","","","Generated from AquaVerify checklist content","","generated-operational-checklist"
"checklist:iso_17025_labs","Checklist operativo","es","/es/recursos/checklists/checklist-iso-17025-laboratorios-agua.pdf","checklist-iso-17025-laboratorios-agua.pdf","https://aquaverify.com/es/recursos/checklists/checklist-iso-17025-laboratorios-agua.pdf","","Checklist ISO/IEC 17025 para laboratorios | AquaVerify","Checklist ISO/IEC 17025 para laboratorios","Revisa cadena de custodia, CoA, audit trail, permisos y flujo de aprobación técnica.","file, linked from resources hub","/es/recursos/checklists/checklist-iso-17025-laboratorios-agua.pdf","exists","es","200","AquaVerify","","","","Generated from AquaVerify checklist content","","generated-operational-checklist"
"checklist:water_safety_plans","Checklist operativo","es","/es/recursos/checklists/checklist-water-safety-plan-trazable.pdf","checklist-water-safety-plan-trazable.pdf","https://aquaverify.com/es/recursos/checklists/checklist-water-safety-plan-trazable.pdf","","Checklist Water Safety Plan trazable | AquaVerify","Checklist Water Safety Plan trazable","Convierte peligros, puntos de control, monitorización y acciones correctivas en evidencia revisable.","file, linked from resources hub","/es/recursos/checklists/checklist-water-safety-plan-trazable.pdf","exists","es","200","AquaVerify","","","","Generated from AquaVerify checklist content","","generated-operational-checklist"
"checklist:food_beverage_water","Checklist operativo","es","/es/recursos/checklists/checklist-agua-industria-alimentaria.pdf","checklist-agua-industria-alimentaria.pdf","https://aquaverify.com/es/recursos/checklists/checklist-agua-industria-alimentaria.pdf","","Checklist de agua en alimentación y bebidas | AquaVerify","Checklist de agua en alimentación y bebidas","Conecta agua de proceso, CIP, lote, resultados microbiológicos y evidencia de auditoría.","file, linked from resources hub","/es/recursos/checklists/checklist-agua-industria-alimentaria.pdf","exists","es","200","AquaVerify","","","","Generated from AquaVerify checklist content","","generated-operational-checklist"
"checklist:legionella_facilities","Checklist operativo","es","/es/recursos/checklists/checklist-legionella-instalaciones.pdf","checklist-legionella-instalaciones.pdf","https://aquaverify.com/es/recursos/checklists/checklist-legionella-instalaciones.pdf","","Checklist de riesgo hídrico en instalaciones | AquaVerify","Checklist de riesgo hídrico en instalaciones","Prepara control recurrente alrededor de Legionella, puntos terminales, acciones y proveedores.","file, linked from resources hub","/es/recursos/checklists/checklist-legionella-instalaciones.pdf","exists","es","200","AquaVerify","","","","Generated from AquaVerify checklist content","","generated-operational-checklist"
"checklist:iso_19458_sampling","Checklist operativo","es","/es/recursos/checklists/checklist-iso-19458-muestreo-microbiologico-agua.pdf","checklist-iso-19458-muestreo-microbiologico-agua.pdf","https://aquaverify.com/es/recursos/checklists/checklist-iso-19458-muestreo-microbiologico-agua.pdf","","Checklist ISO 19458 de muestreo microbiológico | AquaVerify","Checklist ISO 19458 de muestreo microbiológico","Prepara objetivos de muestreo, puntos, recipientes, conservación, transporte y cadena de custodia.","file, linked from resources hub","/es/recursos/checklists/checklist-iso-19458-muestreo-microbiologico-agua.pdf","exists","es","200","AquaVerify","","","","Generated from AquaVerify checklist content","","generated-operational-checklist"
"checklist:excel_to_lims","Checklist operativo","es","/es/recursos/checklists/checklist-excel-a-lims-analisis-agua.pdf","checklist-excel-a-lims-analisis-agua.pdf","https://aquaverify.com/es/recursos/checklists/checklist-excel-a-lims-analisis-agua.pdf","","Checklist de migración de Excel a LIMS | AquaVerify","Checklist de migración de Excel a LIMS","Mapea muestras, métodos, resultados, revisiones, CoA, portal e inventario antes de digitalizar el flujo.","file, linked from resources hub","/es/recursos/checklists/checklist-excel-a-lims-analisis-agua.pdf","exists","es","200","AquaVerify","","","","Generated from AquaVerify checklist content","","generated-operational-checklist"
"checklist:oem_white_label","Checklist operativo","es","/es/recursos/checklists/checklist-oem-marca-blanca-kits-analisis-agua.pdf","checklist-oem-marca-blanca-kits-analisis-agua.pdf","https://aquaverify.com/es/recursos/checklists/checklist-oem-marca-blanca-kits-analisis-agua.pdf","","Checklist de preparación OEM y marca blanca | AquaVerify","Checklist de preparación OEM y marca blanca","Evalúa territorio, packaging, documentación, formación, soporte, software y preparación de lanzamiento.","file, linked from resources hub","/es/recursos/checklists/checklist-oem-marca-blanca-kits-analisis-agua.pdf","exists","es","200","AquaVerify","","","","Generated from AquaVerify checklist content","","generated-operational-checklist"
"checklist:coliphages","Checklist opérationnelle","fr","/fr/ressources/checklists/checklist-coliphages-programme-analytique.pdf","checklist-coliphages-programme-analytique.pdf","https://aquaverify.com/fr/ressources/checklists/checklist-coliphages-programme-analytique.pdf","","Checklist pour ajouter les coliphages à un programme analytique | AquaVerify","Checklist pour ajouter les coliphages à un programme analytique","Questions sur objectif de monitoring, matrice, volume, souche hôte, contrôles, résultats UFP et reporting.","file, linked from resources hub","/fr/ressources/checklists/checklist-coliphages-programme-analytique.pdf","exists","fr","200","AquaVerify","","","","Generated from AquaVerify checklist content","","generated-operational-checklist"
"checklist:directive","Checklist opérationnelle","fr","/fr/ressources/checklists/checklist-directive-eau-potable-ue.pdf","checklist-directive-eau-potable-ue.pdf","https://aquaverify.com/fr/ressources/checklists/checklist-directive-eau-potable-ue.pdf","","Checklist Directive UE / eau potable | AquaVerify","Checklist Directive UE / eau potable","Guide de préparation pour points de prélèvement, évaluation du risque, coliphages somatiques, registres et preuves.","file, linked from resources hub","/fr/ressources/checklists/checklist-directive-eau-potable-ue.pdf","exists","fr","200","AquaVerify","","","","Generated from AquaVerify checklist content","","generated-operational-checklist"
"checklist:lims","Checklist opérationnelle","fr","/fr/ressources/checklists/checklist-lims-preuve-audit.pdf","checklist-lims-preuve-audit.pdf","https://aquaverify.com/fr/ressources/checklists/checklist-lims-preuve-audit.pdf","","Checklist LIMS, CoA et audit trail | AquaVerify","Checklist LIMS, CoA et audit trail","Évaluez si le flux actuel capture échantillon, méthode, lot, opérateur, revue, rapport et portail client.","file, linked from resources hub","/fr/ressources/checklists/checklist-lims-preuve-audit.pdf","exists","fr","200","AquaVerify","","","","Generated from AquaVerify checklist content","","generated-operational-checklist"
"checklist:partner","Checklist opérationnelle","fr","/fr/ressources/checklists/checklist-oem-distributeurs.pdf","checklist-oem-distributeurs.pdf","https://aquaverify.com/fr/ressources/checklists/checklist-oem-distributeurs.pdf","","Checklist distributeur et OEM | AquaVerify","Checklist distributeur et OEM","Document pour évaluer territoire, support technique, stock, packaging, co-branding et marque blanche.","file, linked from resources hub","/fr/ressources/checklists/checklist-oem-distributeurs.pdf","exists","fr","200","AquaVerify","","","","Generated from AquaVerify checklist content","","generated-operational-checklist"
"checklist:product_selection","Checklist opérationnelle","fr","/fr/ressources/checklists/checklist-choisir-produit-aquaverify-microbiologie-eau.pdf","checklist-choisir-produit-aquaverify-microbiologie-eau.pdf","https://aquaverify.com/fr/ressources/checklists/checklist-choisir-produit-aquaverify-microbiologie-eau.pdf","","Checklist de sélection produit | AquaVerify","Checklist de sélection produit","Préparez une recommandation produit selon matrice, décision, volume et traçabilité.","file, linked from resources hub","/fr/ressources/checklists/checklist-choisir-produit-aquaverify-microbiologie-eau.pdf","exists","fr","200","AquaVerify","","","","Generated from AquaVerify checklist content","","generated-operational-checklist"
"checklist:rd_3_2023_coliphages","Checklist opérationnelle","fr","/fr/ressources/checklists/checklist-rd-3-2023-coliphages-somatiques-operateurs-eau.pdf","checklist-rd-3-2023-coliphages-somatiques-operateurs-eau.pdf","https://aquaverify.com/fr/ressources/checklists/checklist-rd-3-2023-coliphages-somatiques-operateurs-eau.pdf","","Checklist RD 3/2023 et coliphages somatiques | AquaVerify","Checklist RD 3/2023 et coliphages somatiques","Organisez points de prélèvement, contexte eau brute, préparation méthode et preuve de reporting.","file, linked from resources hub","/fr/ressources/checklists/checklist-rd-3-2023-coliphages-somatiques-operateurs-eau.pdf","exists","fr","200","AquaVerify","","","","Generated from AquaVerify checklist content","","generated-operational-checklist"
"checklist:iso_17025_labs","Checklist opérationnelle","fr","/fr/ressources/checklists/checklist-iso-17025-laboratoires-eau-chaine-custodie-coa.pdf","checklist-iso-17025-laboratoires-eau-chaine-custodie-coa.pdf","https://aquaverify.com/fr/ressources/checklists/checklist-iso-17025-laboratoires-eau-chaine-custodie-coa.pdf","","Checklist ISO/IEC 17025 laboratoire | AquaVerify","Checklist ISO/IEC 17025 laboratoire","Revoyez chaîne de traçabilité, CoA, audit trail, permissions et approbation technique.","file, linked from resources hub","/fr/ressources/checklists/checklist-iso-17025-laboratoires-eau-chaine-custodie-coa.pdf","exists","fr","200","AquaVerify","","","","Generated from AquaVerify checklist content","","generated-operational-checklist"
"checklist:water_safety_plans","Checklist opérationnelle","fr","/fr/ressources/checklists/checklist-water-safety-plans-programme-controle-tracable.pdf","checklist-water-safety-plans-programme-controle-tracable.pdf","https://aquaverify.com/fr/ressources/checklists/checklist-water-safety-plans-programme-controle-tracable.pdf","","Checklist Water Safety Plan traçable | AquaVerify","Checklist Water Safety Plan traçable","Transformez dangers, points de contrôle, monitoring et actions correctives en preuve révisable.","file, linked from resources hub","/fr/ressources/checklists/checklist-water-safety-plans-programme-controle-tracable.pdf","exists","fr","200","AquaVerify","","","","Generated from AquaVerify checklist content","","generated-operational-checklist"
"checklist:food_beverage_water","Checklist opérationnelle","fr","/fr/ressources/checklists/checklist-eau-alimentation-boissons-controle-microbiologique-cip-audit.pdf","checklist-eau-alimentation-boissons-controle-microbiologique-cip-audit.pdf","https://aquaverify.com/fr/ressources/checklists/checklist-eau-alimentation-boissons-controle-microbiologique-cip-audit.pdf","","Checklist eau agroalimentaire | AquaVerify","Checklist eau agroalimentaire","Reliez eau de process, CIP, lot, résultats microbiologiques et preuve d’audit.","file, linked from resources hub","/fr/ressources/checklists/checklist-eau-alimentation-boissons-controle-microbiologique-cip-audit.pdf","exists","fr","200","AquaVerify","","","","Generated from AquaVerify checklist content","","generated-operational-checklist"
"checklist:legionella_facilities","Checklist opérationnelle","fr","/fr/ressources/checklists/checklist-legionella-gestion-risque-eau-installations.pdf","checklist-legionella-gestion-risque-eau-installations.pdf","https://aquaverify.com/fr/ressources/checklists/checklist-legionella-gestion-risque-eau-installations.pdf","","Checklist risque eau installations | AquaVerify","Checklist risque eau installations","Préparez le contrôle récurrent autour de Legionella, points terminaux, actions et fournisseurs.","file, linked from resources hub","/fr/ressources/checklists/checklist-legionella-gestion-risque-eau-installations.pdf","exists","fr","200","AquaVerify","","","","Generated from AquaVerify checklist content","","generated-operational-checklist"
"checklist:iso_19458_sampling","Checklist opérationnelle","fr","/fr/ressources/checklists/checklist-iso-19458-echantillonnage-microbiologique-eau.pdf","checklist-iso-19458-echantillonnage-microbiologique-eau.pdf","https://aquaverify.com/fr/ressources/checklists/checklist-iso-19458-echantillonnage-microbiologique-eau.pdf","","Checklist ISO 19458 prélèvement microbiologique | AquaVerify","Checklist ISO 19458 prélèvement microbiologique","Préparez objectifs, points, contenants, conservation, transport et chaîne de traçabilité.","file, linked from resources hub","/fr/ressources/checklists/checklist-iso-19458-echantillonnage-microbiologique-eau.pdf","exists","fr","200","AquaVerify","","","","Generated from AquaVerify checklist content","","generated-operational-checklist"
"checklist:excel_to_lims","Checklist opérationnelle","fr","/fr/ressources/checklists/checklist-excel-vers-lims-analyse-eau.pdf","checklist-excel-vers-lims-analyse-eau.pdf","https://aquaverify.com/fr/ressources/checklists/checklist-excel-vers-lims-analyse-eau.pdf","","Checklist migration Excel vers LIMS | AquaVerify","Checklist migration Excel vers LIMS","Cartographiez échantillons, méthodes, résultats, revues, CoA, portail et inventaire avant la digitalisation.","file, linked from resources hub","/fr/ressources/checklists/checklist-excel-vers-lims-analyse-eau.pdf","exists","fr","200","AquaVerify","","","","Generated from AquaVerify checklist content","","generated-operational-checklist"
"checklist:oem_white_label","Checklist opérationnelle","fr","/fr/ressources/checklists/checklist-oem-marque-blanche-kits-analyse-eau.pdf","checklist-oem-marque-blanche-kits-analyse-eau.pdf","https://aquaverify.com/fr/ressources/checklists/checklist-oem-marque-blanche-kits-analyse-eau.pdf","","Checklist préparation OEM et marque blanche | AquaVerify","Checklist préparation OEM et marque blanche","Évaluez territoire, packaging, documentation, formation, support, logiciel et lancement partenaire.","file, linked from resources hub","/fr/ressources/checklists/checklist-oem-marque-blanche-kits-analyse-eau.pdf","exists","fr","200","AquaVerify","","","","Generated from AquaVerify checklist content","","generated-operational-checklist"
"checklist:coliphages","Checklist operativa","it","/it/risorse/checklists/checklist-colifagi-programma-analitico.pdf","checklist-colifagi-programma-analitico.pdf","https://aquaverify.com/it/risorse/checklists/checklist-colifagi-programma-analitico.pdf","","Checklist per aggiungere colifagi a un programma analitico | AquaVerify","Checklist per aggiungere colifagi a un programma analitico","Domande su obiettivo di monitoraggio, matrice, volume, ceppo ospite, controlli, risultati UFP e reporting.","file, linked from resources hub","/it/risorse/checklists/checklist-colifagi-programma-analitico.pdf","exists","it","200","AquaVerify","","","","Generated from AquaVerify checklist content","","generated-operational-checklist"
"checklist:directive","Checklist operativa","it","/it/risorse/checklists/checklist-direttiva-acqua-potabile-ue.pdf","checklist-direttiva-acqua-potabile-ue.pdf","https://aquaverify.com/it/risorse/checklists/checklist-direttiva-acqua-potabile-ue.pdf","","Checklist Direttiva UE / acqua potabile | AquaVerify","Checklist Direttiva UE / acqua potabile","Guida per punti di campionamento, valutazione rischio, colifagi somatici, registri ed evidenze.","file, linked from resources hub","/it/risorse/checklists/checklist-direttiva-acqua-potabile-ue.pdf","exists","it","200","AquaVerify","","","","Generated from AquaVerify checklist content","","generated-operational-checklist"
"checklist:lims","Checklist operativa","it","/it/risorse/checklists/checklist-lims-evidenza-audit.pdf","checklist-lims-evidenza-audit.pdf","https://aquaverify.com/it/risorse/checklists/checklist-lims-evidenza-audit.pdf","","Checklist LIMS, CoA e audit trail | AquaVerify","Checklist LIMS, CoA e audit trail","Valuta se il flusso attuale cattura campione, metodo, lotto, operatore, revisione, report e portale cliente.","file, linked from resources hub","/it/risorse/checklists/checklist-lims-evidenza-audit.pdf","exists","it","200","AquaVerify","","","","Generated from AquaVerify checklist content","","generated-operational-checklist"
"checklist:partner","Checklist operativa","it","/it/risorse/checklists/checklist-oem-distributori.pdf","checklist-oem-distributori.pdf","https://aquaverify.com/it/risorse/checklists/checklist-oem-distributori.pdf","","Checklist distributore e OEM | AquaVerify","Checklist distributore e OEM","Documento per valutare territorio, supporto tecnico, inventario, packaging, co-branding e marca bianca.","file, linked from resources hub","/it/risorse/checklists/checklist-oem-distributori.pdf","exists","it","200","AquaVerify","","","","Generated from AquaVerify checklist content","","generated-operational-checklist"
"checklist:product_selection","Checklist operativa","it","/it/risorse/checklists/checklist-scegliere-prodotto-aquaverify-microbiologia-acqua.pdf","checklist-scegliere-prodotto-aquaverify-microbiologia-acqua.pdf","https://aquaverify.com/it/risorse/checklists/checklist-scegliere-prodotto-aquaverify-microbiologia-acqua.pdf","","Checklist selezione prodotto | AquaVerify","Checklist selezione prodotto","Prepara una raccomandazione prodotto secondo matrice, decisione, volume e tracciabilità.","file, linked from resources hub","/it/risorse/checklists/checklist-scegliere-prodotto-aquaverify-microbiologia-acqua.pdf","exists","it","200","AquaVerify","","","","Generated from AquaVerify checklist content","","generated-operational-checklist"
"checklist:rd_3_2023_coliphages","Checklist operativa","it","/it/risorse/checklists/checklist-rd-3-2023-colifagi-somatici-operatori-acqua.pdf","checklist-rd-3-2023-colifagi-somatici-operatori-acqua.pdf","https://aquaverify.com/it/risorse/checklists/checklist-rd-3-2023-colifagi-somatici-operatori-acqua.pdf","","Checklist RD 3/2023 e colifagi somatici | AquaVerify","Checklist RD 3/2023 e colifagi somatici","Organizza punti di campionamento, acqua grezza, preparazione metodo ed evidenza report.","file, linked from resources hub","/it/risorse/checklists/checklist-rd-3-2023-colifagi-somatici-operatori-acqua.pdf","exists","it","200","AquaVerify","","","","Generated from AquaVerify checklist content","","generated-operational-checklist"
"checklist:iso_17025_labs","Checklist operativa","it","/it/risorse/checklists/checklist-iso-17025-laboratori-acqua-catena-custodia-coa.pdf","checklist-iso-17025-laboratori-acqua-catena-custodia-coa.pdf","https://aquaverify.com/it/risorse/checklists/checklist-iso-17025-laboratori-acqua-catena-custodia-coa.pdf","","Checklist ISO/IEC 17025 laboratorio | AquaVerify","Checklist ISO/IEC 17025 laboratorio","Rivedi catena di custodia, CoA, audit trail, permessi e approvazione tecnica.","file, linked from resources hub","/it/risorse/checklists/checklist-iso-17025-laboratori-acqua-catena-custodia-coa.pdf","exists","it","200","AquaVerify","","","","Generated from AquaVerify checklist content","","generated-operational-checklist"
"checklist:water_safety_plans","Checklist operativa","it","/it/risorse/checklists/checklist-water-safety-plans-programma-controllo-tracciabile.pdf","checklist-water-safety-plans-programma-controllo-tracciabile.pdf","https://aquaverify.com/it/risorse/checklists/checklist-water-safety-plans-programma-controllo-tracciabile.pdf","","Checklist Water Safety Plan tracciabile | AquaVerify","Checklist Water Safety Plan tracciabile","Trasforma pericoli, punti di controllo, monitoraggio e azioni correttive in evidenza revisionabile.","file, linked from resources hub","/it/risorse/checklists/checklist-water-safety-plans-programma-controllo-tracciabile.pdf","exists","it","200","AquaVerify","","","","Generated from AquaVerify checklist content","","generated-operational-checklist"
"checklist:food_beverage_water","Checklist operativa","it","/it/risorse/checklists/checklist-acqua-alimenti-bevande-controllo-microbiologico-cip-audit.pdf","checklist-acqua-alimenti-bevande-controllo-microbiologico-cip-audit.pdf","https://aquaverify.com/it/risorse/checklists/checklist-acqua-alimenti-bevande-controllo-microbiologico-cip-audit.pdf","","Checklist acqua alimenti e bevande | AquaVerify","Checklist acqua alimenti e bevande","Collega acqua di processo, CIP, lotto, risultati microbiologici ed evidenza audit.","file, linked from resources hub","/it/risorse/checklists/checklist-acqua-alimenti-bevande-controllo-microbiologico-cip-audit.pdf","exists","it","200","AquaVerify","","","","Generated from AquaVerify checklist content","","generated-operational-checklist"
"checklist:legionella_facilities","Checklist operativa","it","/it/risorse/checklists/checklist-legionella-gestione-rischio-acqua-strutture.pdf","checklist-legionella-gestione-rischio-acqua-strutture.pdf","https://aquaverify.com/it/risorse/checklists/checklist-legionella-gestione-rischio-acqua-strutture.pdf","","Checklist rischio acqua strutture | AquaVerify","Checklist rischio acqua strutture","Prepara controllo ricorrente su Legionella, punti terminali, azioni e fornitori.","file, linked from resources hub","/it/risorse/checklists/checklist-legionella-gestione-rischio-acqua-strutture.pdf","exists","it","200","AquaVerify","","","","Generated from AquaVerify checklist content","","generated-operational-checklist"
"checklist:iso_19458_sampling","Checklist operativa","it","/it/risorse/checklists/checklist-iso-19458-campionamento-microbiologico-acqua.pdf","checklist-iso-19458-campionamento-microbiologico-acqua.pdf","https://aquaverify.com/it/risorse/checklists/checklist-iso-19458-campionamento-microbiologico-acqua.pdf","","Checklist ISO 19458 campionamento microbiologico | AquaVerify","Checklist ISO 19458 campionamento microbiologico","Prepara obiettivi, punti, contenitori, conservazione, trasporto e catena di custodia.","file, linked from resources hub","/it/risorse/checklists/checklist-iso-19458-campionamento-microbiologico-acqua.pdf","exists","it","200","AquaVerify","","","","Generated from AquaVerify checklist content","","generated-operational-checklist"
"checklist:excel_to_lims","Checklist operativa","it","/it/risorse/checklists/checklist-da-excel-a-lims-analisi-acqua.pdf","checklist-da-excel-a-lims-analisi-acqua.pdf","https://aquaverify.com/it/risorse/checklists/checklist-da-excel-a-lims-analisi-acqua.pdf","","Checklist migrazione da Excel a LIMS | AquaVerify","Checklist migrazione da Excel a LIMS","Mappa campioni, metodi, risultati, revisioni, CoA, portale e inventario prima della digitalizzazione.","file, linked from resources hub","/it/risorse/checklists/checklist-da-excel-a-lims-analisi-acqua.pdf","exists","it","200","AquaVerify","","","","Generated from AquaVerify checklist content","","generated-operational-checklist"
"checklist:oem_white_label","Checklist operativa","it","/it/risorse/checklists/checklist-oem-white-label-kit-analisi-acqua.pdf","checklist-oem-white-label-kit-analisi-acqua.pdf","https://aquaverify.com/it/risorse/checklists/checklist-oem-white-label-kit-analisi-acqua.pdf","","Checklist preparazione OEM e white label | AquaVerify","Checklist preparazione OEM e white label","Valuta territorio, packaging, documentazione, formazione, supporto, software e lancio partner.","file, linked from resources hub","/it/risorse/checklists/checklist-oem-white-label-kit-analisi-acqua.pdf","exists","it","200","AquaVerify","","","","Generated from AquaVerify checklist content","","generated-operational-checklist"
"checklist:coliphages","Checklist operatiu","ca","/ca/recursos/checklists/checklist-colifags-programa-analitic.pdf","checklist-colifags-programa-analitic.pdf","https://aquaverify.com/ca/recursos/checklists/checklist-colifags-programa-analitic.pdf","","Checklist per afegir colífags a un programa analític | AquaVerify","Checklist per afegir colífags a un programa analític","Preguntes sobre objectiu de monitoratge, matriu, volum, soca hoste, controls, resultats UFP i reporting.","file, linked from resources hub","/ca/recursos/checklists/checklist-colifags-programa-analitic.pdf","exists","ca","200","AquaVerify","","","","Generated from AquaVerify checklist content","","generated-operational-checklist"
"checklist:directive","Checklist operatiu","ca","/ca/recursos/checklists/checklist-directiva-aigua-potable-ue.pdf","checklist-directiva-aigua-potable-ue.pdf","https://aquaverify.com/ca/recursos/checklists/checklist-directiva-aigua-potable-ue.pdf","","Checklist Directiva UE / aigua potable | AquaVerify","Checklist Directiva UE / aigua potable","Guia de preparació per punts de mostreig, avaluació de risc, colífags somàtics, registres i evidències.","file, linked from resources hub","/ca/recursos/checklists/checklist-directiva-aigua-potable-ue.pdf","exists","ca","200","AquaVerify","","","","Generated from AquaVerify checklist content","","generated-operational-checklist"
"checklist:lims","Checklist operatiu","ca","/ca/recursos/checklists/checklist-lims-evidencia-auditoria.pdf","checklist-lims-evidencia-auditoria.pdf","https://aquaverify.com/ca/recursos/checklists/checklist-lims-evidencia-auditoria.pdf","","Checklist LIMS, CoA i audit trail | AquaVerify","Checklist LIMS, CoA i audit trail","Avalua si el flux actual captura mostra, mètode, lot, operador, revisió, informe i portal client.","file, linked from resources hub","/ca/recursos/checklists/checklist-lims-evidencia-auditoria.pdf","exists","ca","200","AquaVerify","","","","Generated from AquaVerify checklist content","","generated-operational-checklist"
"checklist:partner","Checklist operatiu","ca","/ca/recursos/checklists/checklist-oem-distribuidors.pdf","checklist-oem-distribuidors.pdf","https://aquaverify.com/ca/recursos/checklists/checklist-oem-distribuidors.pdf","","Checklist distribuïdor i OEM | AquaVerify","Checklist distribuïdor i OEM","Document per avaluar territori, suport tècnic, inventari, packaging, co-branding i marca blanca.","file, linked from resources hub","/ca/recursos/checklists/checklist-oem-distribuidors.pdf","exists","ca","200","AquaVerify","","","","Generated from AquaVerify checklist content","","generated-operational-checklist"
"checklist:product_selection","Checklist operatiu","ca","/ca/recursos/checklists/checklist-triar-producte-aquaverify-microbiologia-aigua.pdf","checklist-triar-producte-aquaverify-microbiologia-aigua.pdf","https://aquaverify.com/ca/recursos/checklists/checklist-triar-producte-aquaverify-microbiologia-aigua.pdf","","Checklist de selecció de producte | AquaVerify","Checklist de selecció de producte","Prepara una recomanació segons matriu, decisió, volum i traçabilitat.","file, linked from resources hub","/ca/recursos/checklists/checklist-triar-producte-aquaverify-microbiologia-aigua.pdf","exists","ca","200","AquaVerify","","","","Generated from AquaVerify checklist content","","generated-operational-checklist"
"checklist:rd_3_2023_coliphages","Checklist operatiu","ca","/ca/recursos/checklists/checklist-rd-3-2023-colifags-somatics-operadors-aigua.pdf","checklist-rd-3-2023-colifags-somatics-operadors-aigua.pdf","https://aquaverify.com/ca/recursos/checklists/checklist-rd-3-2023-colifags-somatics-operadors-aigua.pdf","","Checklist RD 3/2023 i colífags somàtics | AquaVerify","Checklist RD 3/2023 i colífags somàtics","Ordena punts de mostreig, aigua bruta, preparació de mètode i evidència de reporting.","file, linked from resources hub","/ca/recursos/checklists/checklist-rd-3-2023-colifags-somatics-operadors-aigua.pdf","exists","ca","200","AquaVerify","","","","Generated from AquaVerify checklist content","","generated-operational-checklist"
"checklist:iso_17025_labs","Checklist operatiu","ca","/ca/recursos/checklists/checklist-iso-17025-laboratoris-aigua-cadena-custodia-coa.pdf","checklist-iso-17025-laboratoris-aigua-cadena-custodia-coa.pdf","https://aquaverify.com/ca/recursos/checklists/checklist-iso-17025-laboratoris-aigua-cadena-custodia-coa.pdf","","Checklist ISO/IEC 17025 laboratori | AquaVerify","Checklist ISO/IEC 17025 laboratori","Revisa cadena de custòdia, CoA, audit trail, permisos i aprovació tècnica.","file, linked from resources hub","/ca/recursos/checklists/checklist-iso-17025-laboratoris-aigua-cadena-custodia-coa.pdf","exists","ca","200","AquaVerify","","","","Generated from AquaVerify checklist content","","generated-operational-checklist"
"checklist:water_safety_plans","Checklist operatiu","ca","/ca/recursos/checklists/checklist-water-safety-plans-programa-control-tracable.pdf","checklist-water-safety-plans-programa-control-tracable.pdf","https://aquaverify.com/ca/recursos/checklists/checklist-water-safety-plans-programa-control-tracable.pdf","","Checklist Water Safety Plan traçable | AquaVerify","Checklist Water Safety Plan traçable","Converteix perills, punts de control, monitoratge i accions correctives en evidència revisable.","file, linked from resources hub","/ca/recursos/checklists/checklist-water-safety-plans-programa-control-tracable.pdf","exists","ca","200","AquaVerify","","","","Generated from AquaVerify checklist content","","generated-operational-checklist"
"checklist:food_beverage_water","Checklist operatiu","ca","/ca/recursos/checklists/checklist-aigua-alimentacio-begudes-control-microbiologic-cip-auditoria.pdf","checklist-aigua-alimentacio-begudes-control-microbiologic-cip-auditoria.pdf","https://aquaverify.com/ca/recursos/checklists/checklist-aigua-alimentacio-begudes-control-microbiologic-cip-auditoria.pdf","","Checklist aigua alimentació i begudes | AquaVerify","Checklist aigua alimentació i begudes","Connecta aigua de procés, CIP, lot, resultats microbiològics i evidència d’auditoria.","file, linked from resources hub","/ca/recursos/checklists/checklist-aigua-alimentacio-begudes-control-microbiologic-cip-auditoria.pdf","exists","ca","200","AquaVerify","","","","Generated from AquaVerify checklist content","","generated-operational-checklist"
"checklist:legionella_facilities","Checklist operatiu","ca","/ca/recursos/checklists/checklist-legionella-gestio-risc-aigua-instalacions.pdf","checklist-legionella-gestio-risc-aigua-instalacions.pdf","https://aquaverify.com/ca/recursos/checklists/checklist-legionella-gestio-risc-aigua-instalacions.pdf","","Checklist risc hídric instal·lacions | AquaVerify","Checklist risc hídric instal·lacions","Prepara control recurrent sobre Legionella, punts terminals, accions i proveïdors.","file, linked from resources hub","/ca/recursos/checklists/checklist-legionella-gestio-risc-aigua-instalacions.pdf","exists","ca","200","AquaVerify","","","","Generated from AquaVerify checklist content","","generated-operational-checklist"
"checklist:iso_19458_sampling","Checklist operatiu","ca","/ca/recursos/checklists/checklist-iso-19458-mostreig-microbiologic-aigua.pdf","checklist-iso-19458-mostreig-microbiologic-aigua.pdf","https://aquaverify.com/ca/recursos/checklists/checklist-iso-19458-mostreig-microbiologic-aigua.pdf","","Checklist ISO 19458 de mostreig microbiològic | AquaVerify","Checklist ISO 19458 de mostreig microbiològic","Prepara objectius, punts, recipients, conservació, transport i cadena de custòdia.","file, linked from resources hub","/ca/recursos/checklists/checklist-iso-19458-mostreig-microbiologic-aigua.pdf","exists","ca","200","AquaVerify","","","","Generated from AquaVerify checklist content","","generated-operational-checklist"
"checklist:excel_to_lims","Checklist operatiu","ca","/ca/recursos/checklists/checklist-excel-a-lims-analisi-aigua.pdf","checklist-excel-a-lims-analisi-aigua.pdf","https://aquaverify.com/ca/recursos/checklists/checklist-excel-a-lims-analisi-aigua.pdf","","Checklist de migració d’Excel a LIMS | AquaVerify","Checklist de migració d’Excel a LIMS","Mapa mostres, mètodes, resultats, revisions, CoA, portal i inventari abans de digitalitzar.","file, linked from resources hub","/ca/recursos/checklists/checklist-excel-a-lims-analisi-aigua.pdf","exists","ca","200","AquaVerify","","","","Generated from AquaVerify checklist content","","generated-operational-checklist"
"checklist:oem_white_label","Checklist operatiu","ca","/ca/recursos/checklists/checklist-oem-marca-blanca-kits-analisi-aigua.pdf","checklist-oem-marca-blanca-kits-analisi-aigua.pdf","https://aquaverify.com/ca/recursos/checklists/checklist-oem-marca-blanca-kits-analisi-aigua.pdf","","Checklist de preparació OEM i marca blanca | AquaVerify","Checklist de preparació OEM i marca blanca","Avalua territori, packaging, documentació, formació, suport, software i llançament partner.","file, linked from resources hub","/ca/recursos/checklists/checklist-oem-marca-blanca-kits-analisi-aigua.pdf","exists","ca","200","AquaVerify","","","","Generated from AquaVerify checklist content","","generated-operational-checklist"
